단어	품사	뜻	발음기호	예문1	예문1 해석	예문2	예문2 해석	메모
competent	adjective	능숙한, 유능한	/ˈkɑːmpɪtənt/	She is a competent manager.	그녀는 유능한 관리자이다.	We need a competent person for this job.	우리는 이 일에 유능한 사람이 필요하다.	사람의 능력을 말할 때 자주 사용
available	adjective	이용 가능한, 시간이 있는	/əˈveɪləbl/	The room is available now.	그 방은 지금 이용 가능하다.	Are you available this afternoon?	오늘 오후에 시간 돼?	물건/사람/시간 모두 가능
resign	verb	사직하다, 물러나다	/rɪˈzaɪn/	He decided to resign from the company.	그는 회사를 그만두기로 결정했다.	The president resigned after the scandal.	그 대통령은 스캔들 이후 사임했다.	직책에서 물러날 때
proposal	noun	제안서, 제안	/prəˈpoʊzl/	She submitted a business proposal.	그녀는 사업 제안서를 제출했다.	We discussed his proposal at the meeting.	우리는 회의에서 그의 제안에 대해 논의했다.	회사/회의에서 자주 사용
coworker	noun	함께 일하는 사람, 동료	/ˈkoʊwɜːrkər/	I had lunch with my coworker.	나는 직장 동료와 점심을 먹었다.	My coworker helped me finish the report.	내 동료가 내가 보고서를 끝내는 것을 도와줬다.	직장 동료
honor	noun	명예, 영광	/ˈɑːnər/	It is an honor to meet you.	당신을 만나게 되어 영광입니다.	She received an award for her honor and service.	그녀는 명예와 봉사로 상을 받았다.	미국식 철자 honor
honor	verb	존경하다, 기리다	/ˈɑːnər/	We honor those who helped us.	우리는 우리를 도와준 사람들을 기린다.	The ceremony honored the victims.	그 의식은 희생자들을 기렸다.	동사로도 자주 사용
housing	noun	주택, 주택 공급	/ˈhaʊzɪŋ/	The city needs more affordable housing.	그 도시는 더 많은 저렴한 주택이 필요하다.	Housing prices are rising quickly.	주택 가격이 빠르게 오르고 있다.	집/주거 관련
dramatically	adverb	극적으로, 현저하게	/drəˈmætɪkli/	Sales increased dramatically last year.	작년에 매출이 극적으로 증가했다.	The situation changed dramatically.	상황이 크게 변했다.	변화가 클 때 사용
strategic	adjective	전략적인, 중요한	/strəˈtiːdʒɪk/	We made a strategic decision.	우리는 전략적인 결정을 내렸다.	The city has a strategic location.	그 도시는 전략적으로 중요한 위치에 있다.	비즈니스/군사 둘 다 사용
satisfactory	adjective	만족스러운, 충분한	/ˌsætɪsˈfæktəri/	The result was satisfactory.	그 결과는 만족스러웠다.	His performance was satisfactory but not excellent.	그의 성과는 만족스러웠지만 뛰어나지는 않았다.	기준을 충족한다는 느낌
preventive	adjective	예방을 위한	/prɪˈventɪv/	Preventive care can reduce health risks.	예방 치료는 건강 위험을 줄일 수 있다.	The company took preventive measures.	그 회사는 예방 조치를 취했다.	preventive measures 자주 씀
evaluation	noun	평가	/ɪˌvæljuˈeɪʃn/	The teacher gave us an evaluation.	선생님은 우리에게 평가를 해주었다.	The project is under evaluation.	그 프로젝트는 평가 중이다.	성과/프로젝트 평가
participatory	adjective	참여의, 참여형의	/pɑːrˌtɪsəpəˈtɔːri/	The program uses a participatory approach.	그 프로그램은 참여형 접근법을 사용한다.	Participatory learning helps students engage more.	참여형 학습은 학생들이 더 적극적으로 참여하게 돕는다.	참여 기반 방식
performance	noun	성과, 실적	/pərˈfɔːrməns/	Her performance improved this month.	그녀의 성과는 이번 달에 향상되었다.	The company’s performance was strong last year.	그 회사의 작년 실적은 좋았다.	업무/회사 실적
performance	noun	공연, 연기	/pərˈfɔːrməns/	The performance started at 7 p.m.	공연은 오후 7시에 시작했다.	His performance in the movie was impressive.	그의 영화 연기는 인상적이었다.	공연/연기 의미도 자주 사용
dismiss	verb	해고하다	/dɪsˈmɪs/	The company dismissed several employees.	그 회사는 직원 몇 명을 해고했다.	He was dismissed for poor performance.	그는 낮은 성과 때문에 해고되었다.	회사에서 해고 의미
dismiss	verb	무시하다, 묵살하다	/dɪsˈmɪs/	She dismissed his idea without discussion.	그녀는 논의 없이 그의 생각을 묵살했다.	Do not dismiss the warning signs.	경고 신호를 무시하지 마라.	의견/경고를 무시할 때
financial	adjective	재정의, 금융의	/faɪˈnænʃl/	The company has financial problems.	그 회사는 재정 문제가 있다.	He needs financial support.	그는 재정적 지원이 필요하다.	money 관련 형용사
poor	adjective	가난한, 부족한	/pʊr/	They helped poor families.	그들은 가난한 가족들을 도왔다.	Poor planning caused the problem.	부족한 계획이 그 문제를 일으켰다.	가난한/질이 낮은 둘 다
director	noun	임원, 이사, 감독	/dəˈrektər/	The director approved the plan.	그 이사는 그 계획을 승인했다.	The movie director won an award.	그 영화감독은 상을 받았다.	회사 이사/영화감독 모두 가능
commute	verb	통근하다	/kəˈmjuːt/	I commute to work by subway.	나는 지하철로 출근한다.	She commutes from Incheon to Seoul.	그녀는 인천에서 서울로 통근한다.	출퇴근하다
commute	noun	통근, 출퇴근길	/kəˈmjuːt/	My commute takes one hour.	내 출근길은 한 시간 걸린다.	The morning commute was terrible today.	오늘 아침 출근길은 끔찍했다.	명사로도 자주 씀
course	noun	과정, 강좌	/kɔːrs/	I signed up for an English course.	나는 영어 강좌에 등록했다.	This course is for beginners.	이 과정은 초보자를 위한 것이다.	수업/강좌
course	noun	진로, 방향, 흐름	/kɔːrs/	The ship changed its course.	그 배는 항로를 바꿨다.	We need to decide the course of action.	우리는 행동 방침을 결정해야 한다.	방향/진행 의미
term	noun	용어, 말	/tɜːrm/	I do not understand this technical term.	나는 이 전문 용어를 이해하지 못한다.	The term is often used in business.	그 용어는 비즈니스에서 자주 사용된다.	단어/용어
term	noun	학기, 기간	/tɜːrm/	The spring term begins in March.	봄 학기는 3월에 시작한다.	The contract term is two years.	계약 기간은 2년이다.	기간 의미도 중요
extensive	adjective	광범위한, 대규모의	/ɪkˈstensɪv/	The report includes extensive research.	그 보고서는 광범위한 조사를 포함한다.	The building suffered extensive damage.	그 건물은 큰 피해를 입었다.	범위가 넓을 때
board	noun	이사회, 위원회	/bɔːrd/	The board made the final decision.	이사회가 최종 결정을 내렸다.	She is a member of the school board.	그녀는 학교 위원회의 구성원이다.	회사/기관 위원회
board	noun	판자, 게시판	/bɔːrd/	He wrote the answer on the board.	그는 칠판에 답을 썼다.	The notice was posted on the board.	그 공지는 게시판에 붙었다.	물리적인 판/게시판
board meeting	noun phrase	이사회 회의	/bɔːrd ˈmiːtɪŋ/	The board meeting starts at 10 a.m.	이사회 회의는 오전 10시에 시작한다.	We discussed the budget at the board meeting.	우리는 이사회 회의에서 예산을 논의했다.	회사 표현
review	noun	검토, 평가, 리뷰	/rɪˈvjuː/	The report is under review.	그 보고서는 검토 중이다.	I read a review of the restaurant.	나는 그 식당의 리뷰를 읽었다.	검토/리뷰 둘 다
review	verb	검토하다, 복습하다	/rɪˈvjuː/	Please review this document.	이 문서를 검토해 주세요.	I reviewed the lesson before the test.	나는 시험 전에 그 수업을 복습했다.	문서 검토/공부 복습
reviewer	noun	검토자, 평가자, 리뷰어	/rɪˈvjuːər/	The reviewer checked the report carefully.	검토자는 그 보고서를 꼼꼼히 확인했다.	The reviewer gave the book a high rating.	그 리뷰어는 그 책에 높은 평점을 주었다.	논문/문서/리뷰 작성자
exchange	noun	교환	/ɪksˈtʃeɪndʒ/	The exchange of ideas was useful.	아이디어 교환은 유익했다.	We had a short exchange after the meeting.	우리는 회의 후 짧은 대화를 나눴다.	교환/대화
exchange	verb	교환하다	/ɪksˈtʃeɪndʒ/	They exchanged business cards.	그들은 명함을 교환했다.	Can I exchange this shirt?	이 셔츠를 교환할 수 있나요?	물건 교환
exposition	noun	박람회, 전시회	/ˌekspəˈzɪʃn/	The exposition attracted many visitors.	그 박람회는 많은 방문객을 끌어들였다.	Several companies joined the technology exposition.	여러 회사가 기술 박람회에 참가했다.	expo와 비슷
convention	noun	대회, 총회, 컨벤션	/kənˈvenʃn/	The annual convention will be held in Seoul.	연례 대회는 서울에서 열릴 것이다.	Many experts attended the convention.	많은 전문가들이 그 컨벤션에 참석했다.	큰 회의/행사
booth	noun	부스, 임시 진열장	/buːθ/	We visited the company’s booth.	우리는 그 회사의 부스를 방문했다.	The booth displayed new products.	그 부스는 신제품들을 전시했다.	박람회 부스
ingenuity	noun	창의력, 발명의 재간	/ˌɪndʒəˈnuːəti/	His ingenuity helped solve the problem.	그의 창의력이 그 문제를 해결하는 데 도움이 되었다.	The project required both patience and ingenuity.	그 프로젝트에는 인내심과 창의력이 모두 필요했다.	어려운 문제를 해결하는 재치/창의력
trajectory	noun	궤도, 탄도, 진행 방향	/trəˈdʒektəri/	The rocket followed a high trajectory.	그 로켓은 높은 궤도를 따라갔다.	Her career trajectory changed after college.	그녀의 경력 방향은 대학 이후 바뀌었다.	물체의 경로뿐 아니라 인생/경력 흐름에도 사용
analogy	noun	비유, 유사점	/əˈnælədʒi/	He explained the idea with a simple analogy.	그는 간단한 비유로 그 생각을 설명했다.	There is an analogy between the brain and a computer.	뇌와 컴퓨터 사이에는 유사점이 있다.	설명할 때 쓰는 비교
virtually	adverb	사실상, 거의	/ˈvɜːrtʃuəli/	The work is virtually complete.	그 일은 사실상 완료되었다.	Virtually everyone agreed with the plan.	거의 모든 사람이 그 계획에 동의했다.	컴퓨터의 가상 의미보다 “사실상”이 매우 중요
virtually	adverb	가상으로, 온라인으로	/ˈvɜːrtʃuəli/	The meeting was held virtually.	그 회의는 온라인으로 열렸다.	Students can visit the museum virtually.	학생들은 그 박물관을 가상으로 방문할 수 있다.	온라인/가상 환경 의미
retrace	verb	되짚어 가다, 발자취를 따라가다	/riːˈtreɪs/	We retraced our steps to find the lost key.	우리는 잃어버린 열쇠를 찾기 위해 왔던 길을 되짚어 갔다.	The detective retraced the victim’s movements.	형사는 피해자의 이동 경로를 되짚어 보았다.	trace에 re가 붙은 느낌
confront	verb	맞서다, 직면하다	/kənˈfrʌnt/	We must confront the problem directly.	우리는 그 문제에 직접 맞서야 한다.	She confronted him about his mistake.	그녀는 그의 실수에 대해 그와 맞섰다.	문제/사람에 정면으로 맞서는 느낌
digit	noun	숫자, 손가락/발가락	/ˈdɪdʒɪt/	Enter a four-digit password.	네 자리 비밀번호를 입력하세요.	A human hand has five digits.	사람의 손에는 다섯 개의 손가락이 있다.	숫자 의미가 더 자주 나옴
round off	phrasal verb	반올림하다, 끝맺다	/raʊnd ɔːf/	Round off the number to the nearest ten.	그 숫자를 가장 가까운 10 단위로 반올림해라.	She rounded off her speech with a joke.	그녀는 농담으로 연설을 마무리했다.	수학에서는 반올림, 일반적으로는 마무리
intermediate	adjective	중간의, 중급의	/ˌɪntərˈmiːdiət/	This course is for intermediate students.	이 강좌는 중급 학생들을 위한 것이다.	The train stopped at an intermediate station.	그 기차는 중간역에 멈췄다.	초급과 고급 사이
intermediate	noun	중급자	/ˌɪntərˈmiːdiət/	This book is useful for intermediates.	이 책은 중급자에게 유용하다.	The class is designed for intermediates.	그 수업은 중급자를 위해 설계되었다.	명사로도 사용
retain	verb	유지하다, 보유하다	/rɪˈteɪn/	The company wants to retain talented employees.	그 회사는 유능한 직원들을 유지하고 싶어 한다.	Please retain a copy of this document.	이 문서의 사본을 보관해 주세요.	keep보다 공식적인 느낌
derive	verb	끌어내다, 얻다, 유래하다	/dɪˈraɪv/	Many English words derive from Latin.	많은 영어 단어는 라틴어에서 유래했다.	She derives great pleasure from reading.	그녀는 독서에서 큰 즐거움을 얻는다.	derive from 형태 자주 사용
curvature	noun	곡률, 굽은 정도	/ˈkɜːrvətʃər/	The curvature of the road made driving difficult.	도로의 굽은 정도 때문에 운전이 어려웠다.	Scientists measured the curvature of the surface.	과학자들은 표면의 곡률을 측정했다.	수학/과학 쪽 단어
suspend	verb	매달다, 중단하다, 정직시키다	/səˈspend/	The lamp was suspended from the ceiling.	그 램프는 천장에 매달려 있었다.	The school suspended him for a week.	학교는 그를 일주일 동안 정학시켰다.	매달다/중단하다/정직시키다
turn up	phrasal verb	나타나다, 발견되다	/tɜːrn ʌp/	He turned up late for the meeting.	그는 회의에 늦게 나타났다.	The missing file turned up on my desk.	사라진 파일이 내 책상 위에서 발견되었다.	show up과 비슷
turn up	phrasal verb	소리를 키우다, 강도를 높이다	/tɜːrn ʌp/	Can you turn up the volume?	소리 좀 키워 줄래?	They turned up the heat in the room.	그들은 방의 난방을 높였다.	기기 조절에도 사용
insane	adjective	미친, 제정신이 아닌	/ɪnˈseɪn/	That idea sounds insane.	그 생각은 미친 것처럼 들린다.	The amount of work was insane.	일의 양이 말도 안 되게 많았다.	구어체로 “말도 안 되는” 의미도 많음
admit	verb	인정하다	/ədˈmɪt/	He admitted his mistake.	그는 자신의 실수를 인정했다.	She admitted that she was wrong.	그녀는 자신이 틀렸다는 것을 인정했다.	admit that 자주 사용
admit	verb	입장을 허가하다, 입학을 허가하다	/ədˈmɪt/	This ticket admits one person.	이 표는 한 사람의 입장을 허용한다.	She was admitted to the university.	그녀는 그 대학에 입학 허가를 받았다.	수동태 be admitted to 자주 사용
operation	noun	수술, 작전, 운영	/ˌɑːpəˈreɪʃn/	He had an operation on his knee.	그는 무릎 수술을 받았다.	The company’s daily operation depends on this system.	그 회사의 일상 운영은 이 시스템에 달려 있다.	의학/군사/회사 운영 모두 가능
reasonable	adjective	합리적인, 타당한	/ˈriːznəbl/	That sounds like a reasonable solution.	그것은 합리적인 해결책처럼 들린다.	The price is reasonable.	가격이 적당하다.	가격이 “괜찮다”는 뜻으로도 자주 사용
tide	noun	조류, 밀물과 썰물	/taɪd/	The tide is coming in.	밀물이 들어오고 있다.	The boat moved with the tide.	그 배는 조류를 따라 움직였다.	바닷물의 흐름
tide	noun	흐름, 추세	/taɪd/	Public opinion turned with the political tide.	여론은 정치적 흐름에 따라 바뀌었다.	They tried to resist the tide of change.	그들은 변화의 흐름에 저항하려 했다.	비유적으로 흐름/추세
tolerant	adjective	관대한, 참을성 있는	/ˈtɑːlərənt/	She is tolerant of other people’s opinions.	그녀는 다른 사람들의 의견에 관대하다.	We should be more tolerant of differences.	우리는 차이에 더 관대해야 한다.	be tolerant of 형태 자주 사용
irritable	adjective	성미가 급한, 짜증을 잘 내는	/ˈɪrɪtəbl/	He becomes irritable when he is tired.	그는 피곤하면 짜증을 잘 낸다.	Lack of sleep can make people irritable.	수면 부족은 사람들을 짜증 나게 만들 수 있다.	irritated와 헷갈림 주의
revocable	adjective	취소할 수 있는, 폐지할 수 있는	/ˈrevəkəbl/	The agreement is revocable under certain conditions.	그 합의는 특정 조건에서 취소될 수 있다.	The license is revocable by the government.	그 허가는 정부에 의해 취소될 수 있다.	법률/계약에서 자주 사용
aghast	adjective	깜짝 놀란, 경악한	/əˈɡæst/	She was aghast at the news.	그녀는 그 소식에 경악했다.	We were aghast to see the damage.	우리는 그 피해를 보고 깜짝 놀랐다.	be aghast at/to 형태
abhorrent	adjective	혐오스러운, 끔찍한	/əbˈhɔːrənt/	Violence is abhorrent to him.	폭력은 그에게 혐오스러운 것이다.	They considered the policy morally abhorrent.	그들은 그 정책을 도덕적으로 혐오스럽다고 여겼다.	강한 부정적 느낌
skyscraper	noun	마천루, 고층 건물	/ˈskaɪskreɪpər/	The city is full of skyscrapers.	그 도시는 마천루로 가득하다.	They built a new skyscraper downtown.	그들은 도심에 새 고층 건물을 지었다.	높은 빌딩
furnish	verb	제공하다, 공급하다	/ˈfɜːrnɪʃ/	Please furnish us with the necessary information.	필요한 정보를 우리에게 제공해 주세요.	The report furnished evidence for the claim.	그 보고서는 그 주장에 대한 증거를 제공했다.	furnish A with B 형태
furnish	verb	가구를 비치하다	/ˈfɜːrnɪʃ/	The apartment is fully furnished.	그 아파트는 가구가 완전히 갖춰져 있다.	They furnished the room with a bed and a desk.	그들은 방에 침대와 책상을 비치했다.	부동산에서 furnished 자주 사용
pane	noun	창유리, 판	/peɪn/	A pane of glass was broken.	유리창 한 장이 깨졌다.	The window has three panes.	그 창문은 세 장의 유리판으로 되어 있다.	window pane
in the long run	phrase	결국, 장기적으로는	/ɪn ðə lɔːŋ rʌn/	In the long run, this plan will save money.	장기적으로 이 계획은 돈을 절약해 줄 것이다.	Hard work pays off in the long run.	노력은 결국 보상을 받는다.	긴 시간으로 보면
World Trade Center	proper noun	세계무역센터	/wɜːrld treɪd ˈsentər/	The World Trade Center was a famous landmark.	세계무역센터는 유명한 랜드마크였다.	Many offices were located in the World Trade Center.	많은 사무실이 세계무역센터에 있었다.	고유명사
boredom	noun	지루함, 권태	/ˈbɔːrdəm/	He felt boredom during the long lecture.	그는 긴 강의 동안 지루함을 느꼈다.	Boredom can make people lose focus.	지루함은 사람들이 집중력을 잃게 만들 수 있다.	bored의 명사형
stubborn	adjective	완고한, 고집 센	/ˈstʌbərn/	He is too stubborn to change his mind.	그는 너무 고집이 세서 마음을 바꾸지 않는다.	Her stubborn attitude caused problems.	그녀의 완고한 태도가 문제를 일으켰다.	사람 성격에 자주 사용
stable	adjective	안정된, 안정적인	/ˈsteɪbl/	The patient is in stable condition.	그 환자는 안정된 상태이다.	She wants a stable job.	그녀는 안정적인 직업을 원한다.	상태/직장/경제 등에 자주 사용
stable	noun	마구간	/ˈsteɪbl/	The horses are kept in the stable.	말들은 마구간에 보관된다.	He cleaned the stable every morning.	그는 매일 아침 마구간을 청소했다.	명사 의미도 있음
at all times	phrase	항상, 언제나	/æt ɔːl taɪmz/	Please keep your ID card with you at all times.	항상 신분증을 소지해 주세요.	The machine must be monitored at all times.	그 기계는 항상 감시되어야 한다.	공식 안내문에서 자주 사용
at no cost	phrase	무료로, 비용 없이	/æt noʊ kɔːst/	The service is available at no cost.	그 서비스는 무료로 이용 가능하다.	You can join the program at no cost.	그 프로그램에 비용 없이 참여할 수 있다.	free보다 공식적인 표현
in detail	phrase	상세하게	/ɪn ˈdiːteɪl/	She explained the plan in detail.	그녀는 그 계획을 상세하게 설명했다.	We discussed the problem in detail.	우리는 그 문제를 자세히 논의했다.	explain/discuss와 자주 사용
in charge of	phrase	~을 담당하는	/ɪn tʃɑːrdʒ əv/	She is in charge of the project.	그녀는 그 프로젝트를 담당하고 있다.	Who is in charge of this department?	이 부서를 담당하는 사람은 누구인가요?	be in charge of 형태
in writing	phrase	서면으로	/ɪn ˈraɪtɪŋ/	Please submit your request in writing.	요청서를 서면으로 제출해 주세요.	The agreement must be confirmed in writing.	그 합의는 서면으로 확인되어야 한다.	계약/요청에서 자주 사용
on schedule	phrase	예정대로, 일정대로	/ɑːn ˈskedʒuːl/	The train arrived on schedule.	그 기차는 예정대로 도착했다.	The project is progressing on schedule.	그 프로젝트는 일정대로 진행되고 있다.	미국식 발음 기준
upon request	phrase	요청하면, 요청 시	/əˈpɑːn rɪˈkwest/	More information is available upon request.	추가 정보는 요청 시 제공됩니다.	Copies of the report will be sent upon request.	보고서 사본은 요청하면 보내드립니다.	안내문/공식문에서 자주 사용
continental breakfast	noun phrase	유럽식 아침식사, 간단한 조식	/ˌkɑːntɪˈnentl ˈbrekfəst/	The hotel offers a continental breakfast.	그 호텔은 유럽식 조식을 제공한다.	A continental breakfast usually includes bread, fruit, and coffee.	유럽식 조식은 보통 빵, 과일, 커피를 포함한다.	호텔 표현
charge	noun	요금, 비용	/tʃɑːrdʒ/	There is an extra charge for parking.	주차에는 추가 요금이 있다.	The delivery charge is five dollars.	배송비는 5달러이다.	fee와 비슷
charge	verb	청구하다, 요금을 부과하다	/tʃɑːrdʒ/	The hotel charged us for breakfast.	그 호텔은 우리에게 조식 비용을 청구했다.	They charge a small fee for the service.	그들은 그 서비스에 소액의 요금을 부과한다.	돈을 요구할 때
tour	noun	여행, 관광, 견학	/tʊr/	We took a tour of the museum.	우리는 그 박물관을 견학했다.	The city tour starts at 9 a.m.	시내 관광은 오전 9시에 시작한다.	관광/견학
tour	verb	관광하다, 둘러보다	/tʊr/	They toured the old castle.	그들은 오래된 성을 둘러보았다.	We toured several factories last week.	우리는 지난주 여러 공장을 견학했다.	장소를 둘러보다
brochure	noun	소책자, 안내 책자	/broʊˈʃʊr/	Please read the travel brochure.	여행 안내 책자를 읽어 주세요.	The brochure explains the program in detail.	그 안내 책자는 프로그램을 자세히 설명한다.	홍보용 안내문
take place	verb phrase	개최되다, 일어나다	/teɪk pleɪs/	The meeting will take place tomorrow.	회의는 내일 열릴 것이다.	The accident took place near the station.	그 사고는 역 근처에서 일어났다.	happen보다 공식적인 느낌
take action	verb phrase	조치를 취하다	/teɪk ˈækʃn/	The government must take action quickly.	정부는 빨리 조치를 취해야 한다.	We took action to solve the problem.	우리는 그 문제를 해결하기 위해 조치를 취했다.	문제 해결 행동
device	noun	장치, 기기	/dɪˈvaɪs/	This device measures temperature.	이 장치는 온도를 측정한다.	Please turn off all electronic devices.	모든 전자 기기를 꺼 주세요.	전자기기/장비
inspect	verb	점검하다, 검사하다	/ɪnˈspekt/	The engineer inspected the machine.	기술자가 그 기계를 점검했다.	The officer inspected our documents.	그 직원은 우리의 서류를 검사했다.	check보다 공식적
win	verb	이기다, 획득하다	/wɪn/	Our team won the game.	우리 팀이 경기에서 이겼다.	She won first prize in the contest.	그녀는 대회에서 1등상을 받았다.	경기/상 둘 다
acknowledge	verb	인정하다	/əkˈnɑːlɪdʒ/	He acknowledged his mistake.	그는 자신의 실수를 인정했다.	The company acknowledged the problem.	그 회사는 그 문제를 인정했다.	admit보다 공식적인 느낌
acknowledge	verb	받았음을 알리다, 확인하다	/əkˈnɑːlɪdʒ/	Please acknowledge receipt of this email.	이 이메일을 받았음을 알려 주세요.	She acknowledged my message with a short reply.	그녀는 짧은 답장으로 내 메시지를 받았음을 알렸다.	문서/메일에서 자주 사용
community	noun	지역사회, 공동체	/kəˈmjuːnəti/	The community supported the project.	그 지역사회는 그 프로젝트를 지원했다.	She is active in the local community.	그녀는 지역사회에서 활발히 활동한다.	지역/집단
community	noun	주민, 공동체 구성원들	/kəˈmjuːnəti/	The community gathered for the event.	주민들이 그 행사를 위해 모였다.	The school works closely with the community.	그 학교는 지역 주민들과 긴밀히 협력한다.	사람들의 집단 의미
sponsorship	noun	후원, 협찬	/ˈspɑːnsərʃɪp/	The event received corporate sponsorship.	그 행사는 기업 후원을 받았다.	We are looking for sponsorship for the festival.	우리는 축제를 위한 후원을 찾고 있다.	행사/스포츠에서 자주 사용
gratitude	noun	감사, 고마움	/ˈɡrætɪtuːd/	She expressed her gratitude to the volunteers.	그녀는 자원봉사자들에게 감사를 표현했다.	I feel deep gratitude for your help.	당신의 도움에 깊은 감사를 느낍니다.	thankfulness보다 공식적
recreational	adjective	레크리에이션의, 오락의, 여가 활동의	/ˌrekriˈeɪʃənl/	The park offers many recreational activities.	그 공원은 많은 여가 활동을 제공한다.	The center has recreational facilities for children.	그 센터에는 아이들을 위한 오락 시설이 있다.	recreation의 형용사
culinary	adjective	요리의, 음식의	/ˈkʌlɪneri/	She studied culinary arts.	그녀는 요리 예술을 공부했다.	The city is famous for its culinary traditions.	그 도시는 요리 전통으로 유명하다.	요리 관련 형용사
licensed	adjective	인가된, 면허를 받은	/ˈlaɪsnst/	You should hire a licensed electrician.	면허가 있는 전기기사를 고용해야 한다.	The restaurant is licensed to sell alcohol.	그 식당은 술을 판매할 허가를 받았다.	공식 허가/면허
negotiable	adjective	협상 가능한, 조정 가능한	/nɪˈɡoʊʃiəbl/	The price is negotiable.	가격은 협상 가능하다.	Working hours are negotiable.	근무 시간은 조정 가능하다.	가격/조건에 자주 사용
cuisine	noun	요리, 요리법	/kwɪˈziːn/	I like Korean cuisine.	나는 한국 요리를 좋아한다.	The restaurant serves French cuisine.	그 식당은 프랑스 요리를 제공한다.	나라/지역 음식
opening	noun	개업, 개장	/ˈoʊpənɪŋ/	The grand opening is next Monday.	그랜드 오프닝은 다음 주 월요일이다.	Many people attended the store opening.	많은 사람들이 그 가게 개업식에 참석했다.	가게/행사 시작
opening	noun	공석, 빈자리	/ˈoʊpənɪŋ/	There is an opening in the sales department.	영업 부서에 공석이 있다.	She applied for a job opening at the company.	그녀는 그 회사의 채용 공고에 지원했다.	채용에서 매우 자주 사용
recruit	verb	모집하다, 채용하다	/rɪˈkruːt/	The company plans to recruit new employees.	그 회사는 신입 직원을 채용할 계획이다.	We need to recruit more volunteers.	우리는 더 많은 자원봉사자를 모집해야 한다.	사람을 뽑다
recruit	noun	신입 사원, 신병	/rɪˈkruːt/	The new recruits started training today.	신입 사원들은 오늘 교육을 시작했다.	Each recruit received a uniform.	각 신병은 제복을 받았다.	명사로도 사용
leak out	phrasal verb	새다, 누출되다	/liːk aʊt/	Gas leaked out of the pipe.	가스가 파이프에서 새어 나왔다.	The secret leaked out before the meeting.	그 비밀은 회의 전에 새어 나갔다.	액체/가스뿐 아니라 정보가 새는 것도 가능
dank	adjective	축축하고 음침한	/dæŋk/	The basement was cold and dank.	그 지하실은 춥고 축축했다.	We walked through a dank tunnel.	우리는 축축하고 음침한 터널을 걸었다.	장소 묘사에 사용
troops	noun	군대, 병력	/truːps/	The troops entered the city at dawn.	군대는 새벽에 그 도시에 진입했다.	More troops were sent to the border.	더 많은 병력이 국경으로 보내졌다.	항상 복수형으로 자주 사용
corner	noun	구석, 모퉁이	/ˈkɔːrnər/	She sat in the corner of the room.	그녀는 방 구석에 앉았다.	Turn left at the next corner.	다음 모퉁이에서 왼쪽으로 도세요.	공간의 구석/길 모퉁이
corner	verb	궁지에 몰아넣다	/ˈkɔːrnər/	The police cornered the suspect.	경찰은 용의자를 궁지에 몰아넣었다.	He felt cornered during the argument.	그는 논쟁 중에 궁지에 몰린 기분이었다.	비유적으로도 사용
abolish	verb	폐지하다	/əˈbɑːlɪʃ/	The government abolished the old law.	정부는 그 낡은 법을 폐지했다.	They want to abolish the system.	그들은 그 제도를 폐지하고 싶어 한다.	법/제도 폐지
appreciate	verb	높이 평가하다, 감사하다	/əˈpriːʃieɪt/	I appreciate your help.	당신의 도움에 감사드립니다.	We appreciate his hard work.	우리는 그의 노력을 높이 평가한다.	감사하다/가치를 인정하다
appreciate	verb	이해하다, 알아보다	/əˈpriːʃieɪt/	You need to appreciate the seriousness of the problem.	너는 그 문제의 심각성을 이해해야 한다.	She appreciates the importance of teamwork.	그녀는 팀워크의 중요성을 안다.	상황의 중요성을 이해할 때
Congress	noun	의회, 국회	/ˈkɑːŋɡrəs/	Congress passed a new law.	의회는 새 법을 통과시켰다.	The president spoke to Congress.	대통령은 의회에서 연설했다.	미국 의회는 대문자 Congress
contribution	noun	공헌, 기여, 기부금	/ˌkɑːntrɪˈbjuːʃn/	Her contribution to the project was important.	그녀의 프로젝트에 대한 공헌은 중요했다.	We made a small contribution to the charity.	우리는 그 자선단체에 작은 기부를 했다.	공헌/기부 둘 다 가능
subject	noun	주제, 과목	/ˈsʌbdʒekt/	The subject of the lecture was climate change.	그 강의의 주제는 기후 변화였다.	Math is my favorite subject.	수학은 내가 가장 좋아하는 과목이다.	주제/학교 과목
subject	verb	겪게 하다, 당하게 하다	/səbˈdʒekt/	The workers were subjected to unfair treatment.	그 노동자들은 부당한 대우를 당했다.	The product was subjected to several tests.	그 제품은 여러 시험을 거쳤다.	be subjected to 형태
confirm	verb	확인하다, 확정하다	/kənˈfɜːrm/	Please confirm your reservation.	예약을 확인해 주세요.	The test confirmed the result.	그 검사는 그 결과를 확인해 주었다.	예약/사실 확인
mechanic	noun	정비사, 기계공	/məˈkænɪk/	The mechanic fixed my car.	정비사가 내 차를 고쳤다.	We called a mechanic to check the engine.	우리는 엔진을 점검하기 위해 정비사를 불렀다.	자동차 정비사에 자주 사용
gulp	verb	꿀꺽 삼키다	/ɡʌlp/	He gulped down a glass of water.	그는 물 한 잔을 꿀꺽 마셨다.	She gulped nervously before speaking.	그녀는 말하기 전에 긴장해서 침을 꿀꺽 삼켰다.	gulp down 자주 사용
gulp	noun	한 모금, 꿀꺽 삼킴	/ɡʌlp/	He took a gulp of cold water.	그는 차가운 물을 한 모금 마셨다.	She gave a nervous gulp.	그녀는 긴장해서 침을 꿀꺽 삼켰다.	명사로도 사용
collapse	verb	붕괴하다, 무너지다, 쓰러지다	/kəˈlæps/	The old building collapsed.	그 오래된 건물이 무너졌다.	He collapsed from exhaustion.	그는 피로로 쓰러졌다.	건물/사람/경제 모두 가능
collapse	noun	붕괴, 몰락	/kəˈlæps/	The collapse of the bridge shocked everyone.	다리의 붕괴는 모두를 충격에 빠뜨렸다.	The company faced financial collapse.	그 회사는 재정 붕괴에 직면했다.	명사 의미
cavity	noun	구멍, 빈 공간, 충치	/ˈkævəti/	The dentist found a cavity in my tooth.	치과의사가 내 치아에서 충치를 발견했다.	There is a small cavity inside the rock.	그 바위 안에는 작은 빈 공간이 있다.	치과에서는 충치
vessel	noun	배, 선박	/ˈvesl/	The vessel left the port at night.	그 선박은 밤에 항구를 떠났다.	A fishing vessel was seen near the island.	어선 한 척이 그 섬 근처에서 목격되었다.	ship보다 공식적
vessel	noun	혈관, 그릇, 용기	/ˈvesl/	Blood vessels carry blood through the body.	혈관은 몸 전체로 피를 운반한다.	The liquid was stored in a glass vessel.	그 액체는 유리 용기에 보관되었다.	의학/과학에서도 사용
make up	phrasal verb	구성하다, 이루다	/meɪk ʌp/	Women make up half of the team.	여성이 그 팀의 절반을 이룬다.	Several parts make up the machine.	여러 부품이 그 기계를 구성한다.	구성하다 의미
make up	phrasal verb	만들어내다, 지어내다	/meɪk ʌp/	He made up an excuse.	그는 변명을 지어냈다.	She made up a story for the children.	그녀는 아이들을 위해 이야기를 지어냈다.	거짓말/이야기 만들기
make up	phrasal verb	화해하다	/meɪk ʌp/	They argued but made up later.	그들은 다퉜지만 나중에 화해했다.	I hope you two make up soon.	너희 둘이 곧 화해하길 바란다.	사람 관계 회복
set out	phrasal verb	출발하다	/set aʊt/	We set out early in the morning.	우리는 이른 아침에 출발했다.	They set out on a long journey.	그들은 긴 여행을 떠났다.	여행/이동 시작
set out	phrasal verb	착수하다, 시작하다	/set aʊt/	She set out to prove her idea.	그녀는 자신의 생각을 증명하기 시작했다.	We set out to solve the problem.	우리는 그 문제를 해결하기 시작했다.	set out to V
vocation	noun	직업, 천직	/voʊˈkeɪʃn/	Teaching is her vocation.	가르치는 일은 그녀의 천직이다.	He found his vocation in medicine.	그는 의학에서 자신의 천직을 찾았다.	job보다 소명감 있는 직업
durable	adjective	내구성이 있는, 오래가는	/ˈdʊrəbl/	This bag is very durable.	이 가방은 매우 내구성이 좋다.	We need durable materials for the project.	우리는 그 프로젝트에 내구성 있는 재료가 필요하다.	제품/재료에 자주 사용
avid	adjective	열심인, 열렬한	/ˈævɪd/	She is an avid reader.	그녀는 열렬한 독서가이다.	He is an avid fan of baseball.	그는 야구의 열렬한 팬이다.	avid reader/fan 자주 사용
eager	adjective	열망하는, 간절히 바라는	/ˈiːɡər/	She is eager to learn English.	그녀는 영어를 배우고 싶어 한다.	The children were eager for the trip.	아이들은 그 여행을 몹시 기대했다.	be eager to V / eager for
resort	noun	휴양지, 리조트	/rɪˈzɔːrt/	They stayed at a beach resort.	그들은 해변 리조트에 머물렀다.	The ski resort opens in December.	그 스키 리조트는 12월에 문을 연다.	휴양 시설
resort	verb	의지하다, 기대다	/rɪˈzɔːrt/	They resorted to violence.	그들은 폭력에 의존했다.	We should not resort to cheap tricks.	우리는 얄팍한 속임수에 의지해서는 안 된다.	resort to 형태
fine	adjective	미세한, 고운	/faɪn/	The powder is very fine.	그 가루는 매우 곱다.	Fine dust can be harmful to health.	미세먼지는 건강에 해로울 수 있다.	네 단어장 뜻 기준
fine	adjective	괜찮은, 좋은	/faɪn/	I’m fine, thank you.	저는 괜찮습니다, 감사합니다.	The weather is fine today.	오늘 날씨가 좋다.	일상에서 매우 자주 사용
fine	noun	벌금	/faɪn/	He had to pay a parking fine.	그는 주차 벌금을 내야 했다.	The company received a large fine.	그 회사는 큰 벌금을 부과받았다.	명사 의미도 중요
draw back	phrasal verb	물러서다, 뒤로 물러나다	/drɔː bæk/	She drew back in fear.	그녀는 두려워서 뒤로 물러섰다.	He drew back from the edge of the cliff.	그는 절벽 끝에서 뒤로 물러섰다.	물리적으로 물러남
drawback	noun	단점, 결점	/ˈdrɔːbæk/	The main drawback is the high cost.	가장 큰 단점은 높은 비용이다.	This plan has one serious drawback.	이 계획에는 심각한 단점이 하나 있다.	붙여 쓰면 명사 drawback
contractor	noun	계약자, 도급업자, 청부업자	/ˈkɑːntræktər/	The contractor finished the building on time.	그 시공업자는 건물을 제시간에 완성했다.	We hired a contractor to repair the roof.	우리는 지붕을 수리하기 위해 도급업자를 고용했다.	공사/계약 관련
scoot	verb	서둘러 가다, 재빨리 움직이다	/skuːt/	I have to scoot now.	나 이제 빨리 가야 해.	The child scooted across the floor.	그 아이는 바닥을 가로질러 재빨리 움직였다.	구어체 느낌
hardcore	adjective	강경한, 핵심적인, 열성적인	/ˈhɑːrdkɔːr/	He is a hardcore fan of the band.	그는 그 밴드의 열성 팬이다.	The policy was supported by hardcore members.	그 정책은 강경파 구성원들의 지지를 받았다.	강한/열성적인 느낌
uncle	noun	삼촌, 외삼촌, 고모부, 이모부	/ˈʌŋkl/	My uncle lives in Busan.	우리 삼촌은 부산에 산다.	She visited her uncle last weekend.	그녀는 지난 주말에 삼촌을 방문했다.	한국어 친족어 여러 개를 포괄
admittance	noun	입장, 들어감, 출입 허가	/ədˈmɪtns/	No admittance without permission.	허가 없이 출입 금지.	Admittance is free for children.	어린이는 무료 입장이다.	admission과 비슷하지만 표지판에서 자주 보임
afflict	verb	괴롭히다, 피해를 입히다	/əˈflɪkt/	The disease afflicted many people.	그 질병은 많은 사람들을 괴롭혔다.	The region was afflicted by floods.	그 지역은 홍수로 피해를 입었다.	수동태 be afflicted by/with 자주 사용
commotion	noun	소란, 소동	/kəˈmoʊʃn/	There was a commotion outside the building.	건물 밖에서 소란이 있었다.	The loud noise caused a commotion.	그 큰 소음이 소동을 일으켰다.	시끄러운 혼란
on my way	phrase	가는 중에, 가는 길에	/ɑːn maɪ weɪ/	I’m on my way to work.	나는 출근하는 길이다.	I’ll call you on my way home.	집에 가는 길에 전화할게.	일상 회화에서 매우 자주 사용
freak out	phrasal verb	겁먹다, 흥분하다, 기겁하다	/friːk aʊt/	Don't freak out about the exam.	시험 때문에 너무 겁먹지 마.	She freaked out when she saw the spider.	그녀는 거미를 보고 기겁했다.	구어체 표현
cooper	noun	통 제조업자, 통 만드는 사람	/ˈkuːpər/	The cooper repaired the wooden barrel.	통 제조업자가 나무통을 고쳤다.	In the past, a cooper made barrels by hand.	과거에는 통 제조업자가 손으로 통을 만들었다.	요즘은 드문 직업명
notion	noun	개념, 생각	/ˈnoʊʃn/	He rejected the notion that money brings happiness.	그는 돈이 행복을 가져온다는 생각을 거부했다.	This theory is based on a simple notion.	이 이론은 단순한 개념에 기반한다.	idea보다 약간 추상적
mangle	verb	짓이기다, 심하게 훼손하다	/ˈmæŋɡl/	The machine mangled the metal sheet.	그 기계는 금속판을 심하게 망가뜨렸다.	He mangled the pronunciation of my name.	그는 내 이름의 발음을 엉망으로 했다.	물리적 손상/말을 엉망으로 함
backtrack	verb	되돌아가다, 이전 입장을 철회하다	/ˈbæktræk/	We had to backtrack to find the right path.	우리는 올바른 길을 찾기 위해 되돌아가야 했다.	The politician backtracked on his promise.	그 정치인은 자신의 약속을 철회했다.	길/말/입장 모두 가능
outrun	verb	~보다 빨리 달리다, 앞지르다	/ˌaʊtˈrʌn/	He can outrun most of his classmates.	그는 반 친구들 대부분보다 빨리 달릴 수 있다.	The car outran the police.	그 차는 경찰을 따돌리고 달아났다.	out-는 “~보다 더” 느낌
perimeter	noun	둘레, 경계	/pəˈrɪmɪtər/	Find the perimeter of the rectangle.	직사각형의 둘레를 구해라.	Guards stood around the perimeter of the building.	경비원들이 건물 경계 주변에 서 있었다.	수학/경계 둘 다
fine	noun	벌금	/faɪn/	He paid a fine for speeding.	그는 과속으로 벌금을 냈다.	The company received a large fine.	그 회사는 큰 벌금을 부과받았다.	명사일 때 벌금
fine	adjective	미세한, 고운	/faɪn/	Fine dust can harm your health.	미세먼지는 건강에 해로울 수 있다.	The powder is very fine.	그 가루는 매우 곱다.	미세한/섬세한 의미
fine	adjective	괜찮은, 좋은	/faɪn/	I’m fine, thank you.	저는 괜찮습니다, 감사합니다.	The weather is fine today.	오늘 날씨가 좋다.	일상 의미도 매우 중요
bureaucrat	noun	관료, 공무원	/ˈbjʊrəkræt/	The bureaucrat explained the new policy.	그 관료는 새 정책을 설명했다.	Many people complained about slow bureaucrats.	많은 사람들이 느린 관료들에게 불평했다.	bureaucracy 관련 단어
riot	noun	폭동, 소동	/ˈraɪət/	A riot broke out after the game.	경기 후 폭동이 일어났다.	The police tried to stop the riot.	경찰은 폭동을 막으려 했다.	violent crowd 느낌
riot	verb	폭동을 일으키다	/ˈraɪət/	People rioted in the streets.	사람들이 거리에서 폭동을 일으켰다.	The crowd rioted after the decision.	군중은 그 결정 이후 폭동을 일으켰다.	동사로도 사용
consecutive	adjective	연속적인, 잇따른	/kənˈsekjətɪv/	She won three consecutive games.	그녀는 세 경기 연속으로 이겼다.	It rained for five consecutive days.	비가 5일 연속으로 내렸다.	숫자와 자주 사용
ration	noun	배급량	/ˈræʃn/	Each soldier received a daily ration of food.	각 군인은 하루 식량 배급량을 받았다.	Water rations were limited during the drought.	가뭄 동안 물 배급량이 제한되었다.	군대/비상 상황
ration	verb	배급하다, 제한하여 나누다	/ˈræʃn/	The government rationed fuel during the crisis.	정부는 위기 동안 연료를 배급했다.	Food had to be rationed carefully.	식량은 신중하게 배급되어야 했다.	자원이 부족할 때
all-time low	noun phrase	사상 최저치	/ˌɔːl taɪm ˈloʊ/	Unemployment reached an all-time low.	실업률이 사상 최저치에 도달했다.	The stock price fell to an all-time low.	주가가 사상 최저치로 떨어졌다.	수치/기록에 사용
charter	noun	헌장, 선언문, 특허장	/ˈtʃɑːrtər/	The organization adopted a new charter.	그 단체는 새 헌장을 채택했다.	The city was granted a charter in the 1800s.	그 도시는 1800년대에 특허장을 받았다.	권리/규칙을 명시한 문서
charter	verb	전세 내다, 빌리다	/ˈtʃɑːrtər/	They chartered a bus for the trip.	그들은 여행을 위해 버스를 전세 냈다.	The company chartered a plane.	그 회사는 비행기를 전세 냈다.	교통수단을 통째로 빌림
allege	verb	증거 없이 주장하다, 혐의를 제기하다	/əˈledʒ/	They allege that the company broke the law.	그들은 그 회사가 법을 어겼다고 주장한다.	He was alleged to have stolen the money.	그는 그 돈을 훔친 혐의를 받았다.	법률/뉴스에서 자주 사용
execution	noun	처형, 사형 집행	/ˌeksɪˈkjuːʃn/	The execution was delayed by the court.	그 처형은 법원에 의해 연기되었다.	The prisoner faced execution.	그 죄수는 사형 집행을 앞두고 있었다.	법적 사형 집행
execution	noun	실행, 수행	/ˌeksɪˈkjuːʃn/	The execution of the plan was successful.	그 계획의 실행은 성공적이었다.	Good ideas need careful execution.	좋은 아이디어에는 신중한 실행이 필요하다.	계획/업무 실행
break out	phrasal verb	발생하다, 갑자기 시작되다	/breɪk aʊt/	A fire broke out in the kitchen.	부엌에서 화재가 발생했다.	War broke out in 1939.	전쟁은 1939년에 발발했다.	화재/전쟁/질병 발생
break out of	phrasal verb	~에서 벗어나다, 탈출하다	/breɪk aʊt əv/	The prisoner broke out of jail.	죄수가 감옥에서 탈출했다.	She tried to break out of her routine.	그녀는 자신의 일상에서 벗어나려고 했다.	of가 붙으면 탈출 느낌
checkpoint	noun	검문소, 확인 지점	/ˈtʃekpɔɪnt/	The soldiers stopped us at the checkpoint.	군인들이 검문소에서 우리를 멈춰 세웠다.	Save your progress at the checkpoint.	체크포인트에서 진행 상황을 저장해라.	검문소/게임 저장 지점
curfew	noun	통행금지, 야간 통행금지 시간	/ˈkɜːrfjuː/	The city imposed a curfew.	그 도시는 통행금지를 시행했다.	Teenagers must be home before curfew.	십대들은 통금 시간 전에 집에 와야 한다.	impose/lift a curfew
serve	verb	섬기다, 봉사하다	/sɜːrv/	She served the community for many years.	그녀는 여러 해 동안 지역사회를 위해 봉사했다.	He served his country as a soldier.	그는 군인으로서 나라에 봉사했다.	사람/공동체를 위해 일함
serve	verb	제공하다, 접대하다	/sɜːrv/	The restaurant serves breakfast all day.	그 식당은 하루 종일 아침 식사를 제공한다.	They served coffee after the meeting.	그들은 회의 후 커피를 제공했다.	음식/서비스 제공
serve	verb	복역하다, 근무하다	/sɜːrv/	He served five years in prison.	그는 감옥에서 5년을 복역했다.	She served in the army.	그녀는 군대에서 복무했다.	감옥/군대에서 사용
crap	noun	쓰레기, 헛소리	/kræp/	Don’t believe that crap.	그런 헛소리를 믿지 마.	This room is full of crap.	이 방은 잡동사니로 가득하다.	매우 구어체, 약간 거친 표현
bull	noun	황소	/bʊl/	The bull ran across the field.	황소가 들판을 가로질러 달렸다.	The farmer kept a large bull.	그 농부는 큰 황소를 키웠다.	동물 의미
bull	noun	헛소리, 말도 안 되는 소리	/bʊl/	That’s complete bull.	그건 완전 헛소리야.	I’m tired of his bull.	나는 그의 헛소리에 질렸다.	bullshit의 완곡한 형태
mandatory	adjective	강제의, 의무적인, 필수의	/ˈmændətɔːri/	Attendance is mandatory.	출석은 의무이다.	All employees must complete mandatory training.	모든 직원은 필수 교육을 이수해야 한다.	required와 비슷
compliance	noun	준수, 따름	/kəmˈplaɪəns/	The company must ensure compliance with safety rules.	그 회사는 안전 규칙 준수를 보장해야 한다.	Compliance with the law is required.	법 준수가 요구된다.	법/규정/요구사항 따름
run low	verb phrase	거의 다 떨어지다, 부족해지다	/rʌn loʊ/	We are running low on fuel.	우리는 연료가 거의 떨어져 간다.	Supplies ran low during the storm.	폭풍 동안 보급품이 부족해졌다.	run low on 형태
hide out	phrasal verb	숨어 지내다	/haɪd aʊt/	The criminal hid out in an old house.	그 범죄자는 오래된 집에 숨어 지냈다.	They hid out in the mountains for weeks.	그들은 몇 주 동안 산속에 숨어 지냈다.	장기간 숨어 있음
hideout	noun	은신처, 은닉처	/ˈhaɪdaʊt/	The police found the gang’s hideout.	경찰은 그 갱단의 은신처를 발견했다.	The cabin was used as a hideout.	그 오두막은 은신처로 사용되었다.	붙여 쓰면 명사
condemn	verb	비난하다, 규탄하다	/kənˈdem/	The government condemned the attack.	정부는 그 공격을 규탄했다.	She condemned his rude behavior.	그녀는 그의 무례한 행동을 비난했다.	공식적으로 강하게 비판
condemn	verb	유죄를 선고하다, 형을 선고하다	/kənˈdem/	He was condemned to death.	그는 사형을 선고받았다.	The prisoner was condemned by the court.	그 죄수는 법원에 의해 형을 선고받았다.	법적 의미
crew	noun	승무원, 선원, 팀	/kruː/	The crew prepared the plane for departure.	승무원들은 비행기 출발을 준비했다.	A film crew arrived at the location.	촬영팀이 그 장소에 도착했다.	배/비행기/촬영팀
stay put	verb phrase	제자리에 머무르다, 가만히 있다	/steɪ pʊt/	Stay put until I come back.	내가 돌아올 때까지 제자리에 있어.	The police told everyone to stay put.	경찰은 모두에게 가만히 있으라고 말했다.	구어체 명령으로 자주 사용
retribution	noun	응보, 앙갚음, 보복	/ˌretrɪˈbjuːʃn/	They wanted retribution for the attack.	그들은 그 공격에 대한 보복을 원했다.	He believed the punishment was fair retribution.	그는 그 처벌이 정당한 응보라고 믿었다.	복수보다 공식적이고 무거운 느낌
straggler	noun	낙오자, 뒤처진 사람	/ˈstræɡlər/	The guide waited for the stragglers.	가이드는 뒤처진 사람들을 기다렸다.	A few stragglers arrived late.	몇몇 낙오자들이 늦게 도착했다.	무리에서 뒤처진 사람
stiffen up	phrasal verb	뻣뻣해지다, 긴장하다	/ˈstɪfn ʌp/	My back stiffened up after the long drive.	긴 운전 후에 내 등이 뻣뻣해졌다.	He stiffened up when he heard the bad news.	그는 나쁜 소식을 듣고 긴장했다.	몸/태도 둘 다 가능
put an end to	phrase	~을 끝내다, 그만두게 하다	/pʊt ən end tuː/	The new rule put an end to the argument.	새 규칙은 그 논쟁을 끝냈다.	We need to put an end to this problem.	우리는 이 문제를 끝내야 한다.	공식적 표현
static	adjective	정적인, 변하지 않는	/ˈstætɪk/	The image on the screen was static.	화면의 이미지는 정적이었다.	The numbers remained static for months.	그 수치는 몇 달 동안 변하지 않았다.	움직임/변화가 없음
get the day off	phrase	하루 휴가를 내다	/ɡet ðə deɪ ɔːf/	I got the day off to visit my family.	나는 가족을 방문하려고 하루 휴가를 냈다.	Can you get the day off tomorrow?	내일 하루 쉴 수 있어?	회사/학교에서 쉬는 날
the coast is clear	idiom	방해자가 없다, 들킬 위험이 없다	/ðə koʊst ɪz klɪr/	Wait here until the coast is clear.	안전해질 때까지 여기서 기다려.	When the coast was clear, they left quietly.	들킬 위험이 없어지자 그들은 조용히 떠났다.	몰래 움직일 때 쓰는 표현
patch	noun	헝겊 조각, 임시 수리 부분	/pætʃ/	There is a patch on his jacket.	그의 재킷에 헝겊 조각이 붙어 있다.	The road had a rough patch.	그 도로에는 울퉁불퉁하게 보수한 부분이 있었다.	천/수리 부분
patch	verb	대충 고치다, 때우다	/pætʃ/	They patched the hole in the wall.	그들은 벽의 구멍을 때웠다.	The developer patched the security bug.	개발자가 보안 버그를 패치했다.	수리/소프트웨어 모두 가능
patrol	noun	순찰, 순찰대	/pəˈtroʊl/	A police patrol passed by the building.	경찰 순찰대가 그 건물 옆을 지나갔다.	The patrol found signs of danger.	순찰대는 위험의 징후를 발견했다.	경찰/군대에서 자주 사용
patrol	verb	순찰하다	/pəˈtroʊl/	Guards patrol the area every night.	경비원들은 매일 밤 그 지역을 순찰한다.	Soldiers patrolled the border.	군인들이 국경을 순찰했다.	동사로도 자주 사용
reek	verb	악취가 나다	/riːk/	The room reeked of smoke.	그 방은 담배 냄새가 지독하게 났다.	His clothes reeked after the campfire.	캠프파이어 후 그의 옷에서 악취가 났다.	reek of 형태
gear	noun	장비, 도구	/ɡɪr/	We packed our camping gear.	우리는 캠핑 장비를 챙겼다.	He bought new fishing gear.	그는 새 낚시 장비를 샀다.	장비 묶음
boost	verb	밀어 올리다, 증가시키다	/buːst/	The campaign boosted sales.	그 캠페인은 매출을 증가시켰다.	A cup of coffee can boost your energy.	커피 한 잔은 에너지를 올려 줄 수 있다.	수치/기분/힘을 올림
boost	noun	증가, 상승, 도움	/buːst/	The news gave the team a boost.	그 소식은 팀에 힘을 실어 주었다.	The company needs a boost in sales.	그 회사는 매출 증가가 필요하다.	give A a boost
get one's way	phrase	자기 뜻대로 하다	/ɡet wʌnz weɪ/	He always tries to get his way.	그는 항상 자기 뜻대로 하려고 한다.	She cried until she got her way.	그녀는 자기 뜻대로 될 때까지 울었다.	고집스럽게 원하는 대로 함
for one's sake	phrase	~을 위해, ~의 이익을 위해	/fɔːr wʌnz seɪk/	Please be careful for your own sake.	네 자신을 위해 조심해라.	He stayed quiet for her sake.	그는 그녀를 위해 조용히 있었다.	for my sake/your sake
merchandise	noun	상품, 제품	/ˈmɜːrtʃəndaɪs/	The store sells sports merchandise.	그 가게는 스포츠 상품을 판다.	All merchandise must be returned within 30 days.	모든 상품은 30일 이내에 반품해야 한다.	상점의 판매 상품
ammo	noun	탄약, 무기	/ˈæmoʊ/	The soldiers ran out of ammo.	군인들은 탄약이 떨어졌다.	The box was full of ammo.	그 상자는 탄약으로 가득했다.	ammunition의 줄임말
spore	noun	포자	/spɔːr/	Mushrooms release spores into the air.	버섯은 공기 중으로 포자를 방출한다.	The scientist studied the spores under a microscope.	과학자는 현미경으로 포자를 연구했다.	생물학 단어
culprit	noun	범인, 원인	/ˈkʌlprɪt/	The police found the culprit.	경찰은 범인을 찾았다.	Stress was the main culprit behind his illness.	스트레스가 그의 병의 주된 원인이었다.	사람/원인 둘 다 가능
fall apart	phrasal verb	산산이 흩어지다, 무너지다	/fɔːl əˈpɑːrt/	The old chair fell apart.	그 낡은 의자는 부서졌다.	Their plan fell apart quickly.	그들의 계획은 빠르게 무너졌다.	물건/계획/관계에 사용
apart	adverb	떨어져, 산산이	/əˈpɑːrt/	The two cities are far apart.	두 도시는 멀리 떨어져 있다.	He took the machine apart.	그는 그 기계를 분해했다.	거리/분해 의미
turn	verb	변하다, 돌다, 돌아서다	/tɜːrn/	The leaves turn yellow in fall.	가을에는 잎이 노랗게 변한다.	Turn left at the corner.	모퉁이에서 왼쪽으로 도세요.	변화/방향 전환
expire	verb	만기가 되다, 끝나다	/ɪkˈspaɪər/	My passport expires next year.	내 여권은 내년에 만료된다.	The contract will expire soon.	그 계약은 곧 만료될 것이다.	계약/보증/기간
cover	verb	덮다, 다루다, 보도하다	/ˈkʌvər/	Cover the pot with a lid.	냄비를 뚜껑으로 덮어라.	The article covers the main issue.	그 기사는 주요 문제를 다룬다.	덮다/포함하다/취재하다
plank	noun	널빤지, 두꺼운 판자	/plæŋk/	He placed a plank across the gap.	그는 틈 위에 널빤지를 놓았다.	The floor was made of wooden planks.	바닥은 나무 판자로 만들어졌다.	긴 나무판
bossy	adjective	우두머리 행세를 하는, 지시하기 좋아하는	/ˈbɔːsi/	She can be bossy sometimes.	그녀는 가끔 지시하려 드는 편이다.	Don’t be so bossy.	그렇게 이래라저래라 하지 마.	부정적 성격 묘사
huffy	adjective	화를 잘 내는, 성마른	/ˈhʌfi/	He got huffy when I disagreed.	내가 반대하자 그는 발끈했다.	She answered in a huffy voice.	그녀는 화난 목소리로 대답했다.	삐치거나 화난 느낌
puffy	adjective	부은, 푹신한	/ˈpʌfi/	His eyes were puffy from crying.	그의 눈은 울어서 부어 있었다.	She wore a puffy jacket.	그녀는 푹신한 패딩 재킷을 입었다.	부음/푹신함
huffy-puffy	adjective	화가 난, 숨을 헐떡이는	/ˌhʌfi ˈpʌfi/	He became huffy-puffy after the argument.	그는 말다툼 후에 화가 났다.	The child was huffy-puffy after running.	그 아이는 달린 뒤 숨을 헐떡였다.	비격식 표현
headache	noun	두통, 골칫거리	/ˈhedeɪk/	I have a terrible headache.	나는 심한 두통이 있다.	This paperwork is a real headache.	이 서류 작업은 정말 골칫거리다.	몸 증상/문제
wharf	noun	부두, 선창	/wɔːrf/	The boat arrived at the wharf.	배가 부두에 도착했다.	Workers unloaded boxes at the wharf.	노동자들이 부두에서 상자를 내렸다.	배가 드나드는 곳
screw	noun	나사	/skruː/	I need a screw to fix this chair.	이 의자를 고치려면 나사가 필요하다.	The screw fell out of the door.	문에서 나사가 빠졌다.	도구/부품
screw	verb	망치다, 조이다	/skruː/	He screwed the lid on tightly.	그는 뚜껑을 단단히 조였다.	Don’t screw up this chance.	이 기회를 망치지 마라.	screw up은 망치다
smuggler	noun	밀수업자	/ˈsmʌɡlər/	The smuggler was caught at the border.	그 밀수업자는 국경에서 잡혔다.	Police arrested a drug smuggler.	경찰은 마약 밀수업자를 체포했다.	smuggle의 사람 명사
take one's chances	phrase	위험을 무릅쓰다, 운에 맡기다	/teɪk wʌnz ˈtʃænsɪz/	We decided to take our chances and continue.	우리는 위험을 감수하고 계속하기로 했다.	He took his chances with the old car.	그는 그 낡은 차를 운에 맡기고 타기로 했다.	보통 chances 복수
go screw	phrase	꺼져, 집어치워	/ɡoʊ skruː/	He told them to go screw themselves.	그는 그들에게 꺼지라고 말했다.	Don’t say “go screw” in a formal situation.	공식적인 상황에서 “go screw”라고 말하지 마라.	거친 속어
squirm	verb	꿈틀거리다, 몸부림치다	/skwɜːrm/	The child squirmed in his seat.	그 아이는 자리에서 꿈틀거렸다.	He squirmed when asked a difficult question.	그는 어려운 질문을 받자 안절부절못했다.	몸/심리적 불편
owe	verb	빚지고 있다, ~해야 한다	/oʊ/	I owe you ten dollars.	나는 너에게 10달러를 빚지고 있다.	We owe our success to hard work.	우리는 성공을 노력 덕분으로 돌린다.	owe A B / owe A to B
a couple of days	phrase	이틀 정도, 며칠	/ə ˈkʌpl əv deɪz/	I’ll be back in a couple of days.	나는 며칠 뒤에 돌아올 것이다.	It took a couple of days to finish.	그것을 끝내는 데 이틀 정도 걸렸다.	정확히 2일 또는 며칠 느낌
scapegoat	noun	희생양	/ˈskeɪpɡoʊt/	They made him a scapegoat for the failure.	그들은 실패의 책임을 그에게 떠넘겨 희생양으로 만들었다.	The manager became the scapegoat.	그 관리자는 희생양이 되었다.	책임 전가 대상
rile	verb	화나게 하다, 짜증나게 하다	/raɪl/	His rude comment riled her.	그의 무례한 말이 그녀를 화나게 했다.	Don’t let him rile you.	그가 너를 화나게 하도록 두지 마라.	rile up도 자주 사용
action	noun	행동, 조치	/ˈækʃn/	We need action, not words.	우리는 말이 아니라 행동이 필요하다.	The company took action immediately.	그 회사는 즉시 조치를 취했다.	take action
riddance	noun	없어져서 속 시원함, 제거	/ˈrɪdns/	Good riddance to that old car.	그 낡은 차가 없어져서 속 시원하다.	His departure was a welcome riddance.	그가 떠난 것은 반가운 제거였다.	good riddance 표현
be bound to do	phrase	반드시 ~하다, ~할 수밖에 없다	/bi baʊnd tuː duː/	He is bound to succeed.	그는 반드시 성공할 것이다.	Mistakes are bound to happen.	실수는 일어날 수밖에 없다.	강한 가능성
run on	phrasal verb	계속되다, ~으로 작동하다	/rʌn ɑːn/	The meeting ran on for hours.	회의는 몇 시간 동안 계속되었다.	This machine runs on electricity.	이 기계는 전기로 작동한다.	시간/동력
running on fumes	idiom	기력이 거의 없는 상태로 버티다	/ˈrʌnɪŋ ɑːn fjuːmz/	After working all night, I was running on fumes.	밤새 일한 후 나는 거의 기진맥진한 상태였다.	The team is running on fumes after the long season.	그 팀은 긴 시즌 후 거의 힘이 빠진 상태다.	연료가 거의 없는 차에서 온 표현
in effect	phrase	효력 있는, 사실상	/ɪn ɪˈfekt/	The new rule is now in effect.	새 규칙은 이제 효력이 있다.	The change was, in effect, a tax increase.	그 변화는 사실상 세금 인상이었다.	법/규칙/사실상 의미
prosecute	verb	기소하다, 공소를 제기하다	/ˈprɑːsɪkjuːt/	The state decided to prosecute the suspect.	주 정부는 그 용의자를 기소하기로 했다.	He was prosecuted for fraud.	그는 사기 혐의로 기소되었다.	법률 단어
smuggle	verb	밀수하다, 몰래 들여오다	/ˈsmʌɡl/	They tried to smuggle drugs across the border.	그들은 국경을 넘어 마약을 밀수하려 했다.	He smuggled food into the theater.	그는 극장 안으로 음식을 몰래 들여왔다.	불법/몰래 반입
capital	noun	수도	/ˈkæpɪtl/	Seoul is the capital of South Korea.	서울은 한국의 수도이다.	We visited the capital last summer.	우리는 지난여름 수도를 방문했다.	도시 의미
capital	noun	자본, 자금	/ˈkæpɪtl/	The company needs more capital.	그 회사는 더 많은 자본이 필요하다.	They raised capital for the new business.	그들은 새 사업을 위해 자금을 모았다.	경제/사업 의미
capable	adjective	유능한, ~할 수 있는	/ˈkeɪpəbl/	She is a capable leader.	그녀는 유능한 지도자이다.	This machine is capable of processing large files.	이 기계는 큰 파일을 처리할 수 있다.	be capable of
hand off	phrasal verb	넘겨주다, 인계하다	/hænd ɔːf/	She handed off the project to her coworker.	그녀는 그 프로젝트를 동료에게 인계했다.	The runner handed off the baton.	주자가 바통을 넘겨주었다.	일/물건을 넘김
speaking of which	phrase	말이 나온 김에, 그런데	/ˈspiːkɪŋ əv wɪtʃ/	Speaking of which, did you finish the report?	말이 나온 김에, 보고서는 끝냈어?	Speaking of which, I need to call him.	그런데 말이야, 나 그에게 전화해야 해.	대화 전환 표현
patch up	phrasal verb	대충 고치다, 관계를 회복하다	/pætʃ ʌp/	They patched up the broken wall.	그들은 부서진 벽을 임시로 고쳤다.	The two friends patched up their relationship.	두 친구는 관계를 회복했다.	수리/화해 둘 다
militia	noun	민병대, 의용군	/məˈlɪʃə/	The militia guarded the village.	민병대가 그 마을을 지켰다.	A local militia was formed during the crisis.	위기 동안 지역 민병대가 조직되었다.	정규군이 아닌 무장 조직
harbor	verb	숨겨 주다, 품다	/ˈhɑːrbər/	They were accused of harboring a criminal.	그들은 범죄자를 숨겨 준 혐의를 받았다.	She harbored doubts about the plan.	그녀는 그 계획에 의심을 품고 있었다.	사람을 숨김/감정을 품음
harbor	noun	항구, 피난처	/ˈhɑːrbər/	The ship entered the harbor.	배가 항구로 들어왔다.	The small island served as a safe harbor.	그 작은 섬은 안전한 피난처 역할을 했다.	미국식 철자 harbor
wanted	adjective	수배 중인	/ˈwɑːntɪd/	He is wanted by the police.	그는 경찰에 수배 중이다.	The wanted man was arrested yesterday.	그 수배자는 어제 체포되었다.	범죄자 관련
mumble	verb	중얼거리다	/ˈmʌmbl/	He mumbled something under his breath.	그는 낮은 목소리로 무언가 중얼거렸다.	Don’t mumble when you speak.	말할 때 중얼거리지 마라.	작고 불분명하게 말함
beggar	noun	거지, 구걸하는 사람	/ˈbeɡər/	A beggar sat near the station.	거지가 역 근처에 앉아 있었다.	She gave some food to a beggar.	그녀는 거지에게 음식을 조금 주었다.	beg의 사람 명사
big wig	noun	중요 인물, 거물	/ˈbɪɡ wɪɡ/	Several big wigs attended the meeting.	몇몇 중요 인물들이 그 회의에 참석했다.	He acts like a big wig in the office.	그는 사무실에서 거물처럼 행동한다.	비격식 표현
on your knees	phrase	무릎을 꿇고	/ɑːn jʊr niːz/	He fell on his knees and begged for help.	그는 무릎을 꿇고 도움을 빌었다.	The child was on his knees looking for the toy.	그 아이는 장난감을 찾으려고 무릎을 꿇고 있었다.	물리적 자세/간청
worth one's while	phrase	~할 가치가 있는	/wɜːrθ wʌnz waɪl/	This book is worth your while.	이 책은 네 시간을 들일 가치가 있다.	It may be worth your while to call him.	그에게 전화해 보는 것이 가치 있을지도 모른다.	worthwhile과 비슷
casualty	noun	사상자, 피해자	/ˈkæʒuəlti/	The accident caused several casualties.	그 사고는 여러 명의 사상자를 냈다.	Civilians were among the casualties.	민간인들도 피해자에 포함되었다.	전쟁/사고에서 자주 사용
sprint	noun	짧은 거리 전력 질주	/sprɪnt/	He won the 100-meter sprint.	그는 100미터 단거리 경주에서 이겼다.	The final sprint was very close.	마지막 단거리 질주는 매우 접전이었다.	단거리 달리기
sprint	verb	전력 질주하다	/sprɪnt/	She sprinted to catch the bus.	그녀는 버스를 잡으려고 전력 질주했다.	The players sprinted across the field.	선수들이 경기장을 가로질러 전력 질주했다.	빠르게 달리다
trench	noun	도랑, 참호	/trentʃ/	The soldiers hid in the trench.	군인들은 참호에 숨었다.	Workers dug a trench beside the road.	인부들이 도로 옆에 도랑을 팠다.	군사/공사 둘 다
so far so good	phrase	여태까지는 괜찮다	/soʊ fɑːr soʊ ɡʊd/	How is the project going? So far so good.	프로젝트는 어떻게 되고 있어? 여태까지는 괜찮아.	So far so good, but we still have work to do.	지금까지는 괜찮지만 아직 할 일이 남아 있다.	진행 상황 말할 때
take something out of something	phrase	~에서 ~을 꺼내다	/teɪk ˈsʌmθɪŋ aʊt əv ˈsʌmθɪŋ/	She took the keys out of her bag.	그녀는 가방에서 열쇠를 꺼냈다.	Take the cake out of the oven.	케이크를 오븐에서 꺼내라.	물건을 꺼냄
sergeant	noun	병장, 하사관	/ˈsɑːrdʒənt/	The sergeant gave the soldiers an order.	병장이 군인들에게 명령을 내렸다.	He was promoted to sergeant.	그는 병장으로 진급했다.	군 계급
break off	phrasal verb	분리되다, 떨어져 나가다	/breɪk ɔːf/	A piece of the handle broke off.	손잡이의 한 조각이 떨어져 나갔다.	The branch broke off in the storm.	폭풍 속에서 나뭇가지가 부러져 떨어졌다.	물리적으로 떨어짐
break off	phrasal verb	중단하다, 관계를 끊다	/breɪk ɔːf/	They broke off the negotiations.	그들은 협상을 중단했다.	She broke off the engagement.	그녀는 약혼을 파기했다.	관계/협상 중단
pursuit	noun	뒤쫓음, 추적	/pərˈsuːt/	The police were in pursuit of the thief.	경찰은 도둑을 추격하고 있었다.	The pursuit continued for several hours.	추격은 몇 시간 동안 계속되었다.	in pursuit of
pursuit	noun	추구, 추구하는 일	/pərˈsuːt/	He moved to Seoul in pursuit of a better job.	그는 더 좋은 직장을 찾아 서울로 이사했다.	Her pursuit of success was intense.	그녀의 성공 추구는 강렬했다.	목표를 추구함
acknowledge	verb	인정하다	/əkˈnɑːlɪdʒ/	He acknowledged his mistake.	그는 자신의 실수를 인정했다.	The company acknowledged the problem.	그 회사는 그 문제를 인정했다.	공식적 표현
acknowledge	verb	받았음을 알리다, 확인하다	/əkˈnɑːlɪdʒ/	Please acknowledge receipt of this message.	이 메시지를 받았음을 알려 주세요.	She acknowledged my email with a short reply.	그녀는 짧은 답장으로 내 이메일을 받았음을 알렸다.	메일/문서에서 자주 사용
quarantine	noun	격리	/ˈkwɔːrəntiːn/	The patient was placed in quarantine.	그 환자는 격리되었다.	The animals stayed in quarantine for two weeks.	그 동물들은 2주 동안 격리 상태에 있었다.	질병/검역
quarantine	verb	격리하다	/ˈkwɔːrəntiːn/	The hospital quarantined the infected patients.	병원은 감염된 환자들을 격리했다.	Travelers were quarantined after arrival.	여행자들은 도착 후 격리되었다.	동사로도 사용
cut through	phrasal verb	~을 뚫고 나아가다, 가로질러 가다	/kʌt θruː/	We cut through the park to save time.	우리는 시간을 아끼려고 공원을 가로질러 갔다.	The knife cut through the rope.	칼이 밧줄을 잘랐다.	공간/물체를 통과
downtown	noun	시내, 도심	/ˌdaʊnˈtaʊn/	We went downtown for dinner.	우리는 저녁을 먹으러 시내에 갔다.	His office is downtown.	그의 사무실은 도심에 있다.	도시 중심부
wasteland	noun	황무지, 불모지	/ˈweɪstlænd/	The area became a wasteland after the fire.	그 지역은 화재 후 황무지가 되었다.	Nothing grew in the dry wasteland.	그 건조한 황무지에는 아무것도 자라지 않았다.	쓸모없는 땅
apart	adverb	떨어져, 따로	/əˈpɑːrt/	The two houses are far apart.	두 집은 멀리 떨어져 있다.	They live apart from each other.	그들은 서로 떨어져 산다.	거리/분리
apart	adverb	산산이, 조각조각	/əˈpɑːrt/	The old book fell apart.	그 낡은 책은 산산이 해어졌다.	He took the engine apart.	그는 엔진을 분해했다.	fall apart/take apart
stairwell	noun	계단통, 계단 공간	/ˈsterwel/	Smoke filled the stairwell.	연기가 계단통을 가득 채웠다.	Use the stairwell during a fire.	화재 때는 계단통을 이용하세요.	건물 내부 계단 공간
take it easy	phrase	쉬엄쉬엄하다, 진정하다	/teɪk ɪt ˈiːzi/	Take it easy and get some rest.	무리하지 말고 좀 쉬어라.	You should take it easy after the surgery.	수술 후에는 쉬엄쉬엄해야 한다.	휴식/진정
brush-off	noun	냉대, 무시, 거절	/ˈbrʌʃ ɔːf/	She gave him the brush-off.	그녀는 그를 냉대했다.	His suggestion got a quick brush-off.	그의 제안은 곧바로 거절당했다.	give/get the brush-off
drop-off point	noun phrase	하차 지점, 물건을 내려놓는 장소	/ˈdrɑːp ɔːf pɔɪnt/	The bus drop-off point is near the gate.	버스 하차 지점은 정문 근처에 있다.	Leave the package at the drop-off point.	소포를 지정된 반납 장소에 두세요.	사람/물건 내려놓는 곳
rear	noun	뒤쪽, 후방	/rɪr/	The parking lot is at the rear of the building.	주차장은 건물 뒤쪽에 있다.	He sat in the rear of the bus.	그는 버스 뒤쪽에 앉았다.	front의 반대
take point	phrase	앞장서다, 지휘를 맡다	/teɪk pɔɪnt/	You take point, and I’ll follow.	네가 앞장서고 나는 따라갈게.	She took point on the new project.	그녀가 새 프로젝트를 주도했다.	군사/업무에서 사용
on someone's heels	phrase	~의 바로 뒤를 따라	/ɑːn ˈsʌmwʌnz hiːlz/	The police were on his heels.	경찰이 그의 바로 뒤까지 따라왔다.	Another runner was right on her heels.	다른 주자가 그녀를 바짝 뒤쫓고 있었다.	추격/경쟁
boarding school	noun	기숙학교	/ˈbɔːrdɪŋ skuːl/	He went to a boarding school in England.	그는 영국의 기숙학교에 다녔다.	The boarding school has students from many countries.	그 기숙학교에는 여러 나라 학생들이 있다.	학생이 학교에서 생활
sneak out	phrasal verb	몰래 나가다	/sniːk aʊt/	She sneaked out of the house at night.	그녀는 밤에 집에서 몰래 나갔다.	The children tried to sneak out after dinner.	아이들은 저녁 식사 후 몰래 나가려고 했다.	몰래 빠져나감
run into	phrasal verb	우연히 만나다	/rʌn ˈɪntuː/	I ran into an old friend yesterday.	나는 어제 옛 친구를 우연히 만났다.	She ran into her teacher at the mall.	그녀는 쇼핑몰에서 선생님을 우연히 만났다.	사람을 우연히 만남
run into	phrasal verb	문제에 부딪히다, 겪다	/rʌn ˈɪntuː/	We ran into a problem during the test.	우리는 테스트 중에 문제에 부딪혔다.	The company ran into financial trouble.	그 회사는 재정 문제를 겪었다.	문제/어려움
mall	noun	쇼핑몰, 쇼핑센터	/mɔːl/	We went to the mall on Saturday.	우리는 토요일에 쇼핑몰에 갔다.	The mall was crowded during the sale.	세일 기간에 쇼핑몰은 붐볐다.	미국식 쇼핑센터
off-limit	adjective	출입 금지의, 금지된	/ˌɔːf ˈlɪmɪt/	This area is off-limit to visitors.	이 구역은 방문객 출입 금지이다.	The topic was off-limit during the interview.	그 주제는 인터뷰 중 금지된 주제였다.	보통 off-limits 형태도 자주 씀
afterward	adverb	후에, 나중에	/ˈæftərwərd/	We had dinner and went home afterward.	우리는 저녁을 먹고 그 후 집에 갔다.	She apologized afterward.	그녀는 나중에 사과했다.	afterwards도 가능
winded	adjective	숨이 찬	/ˈwɪndɪd/	I was winded after climbing the stairs.	나는 계단을 오른 뒤 숨이 찼다.	He sounded winded after the run.	그는 달리기 후 숨이 찬 것처럼 들렸다.	out of breath
define	verb	정의하다, 분명히 밝히다	/dɪˈfaɪn/	Can you define this word?	이 단어를 정의할 수 있니?	The rules clearly define your role.	그 규칙은 너의 역할을 명확히 규정한다.	뜻/범위 설정
panicky	adjective	겁에 질린, 당황한	/ˈpænɪki/	She became panicky when she lost her phone.	그녀는 휴대폰을 잃어버리자 당황했다.	A panicky crowd rushed to the exit.	겁에 질린 군중이 출구로 몰려갔다.	panic의 형용사
pick it up	phrase	속도를 높이다, 서두르다	/pɪk ɪt ʌp/	We need to pick it up if we want to arrive on time.	제시간에 도착하려면 속도를 높여야 한다.	Pick it up! We’re late.	서둘러! 우리 늦었어.	구어체
right around the corner	phrase	아주 가까이에, 곧 다가오는	/raɪt əˈraʊnd ðə ˈkɔːrnər/	The store is right around the corner.	그 가게는 바로 모퉁이 근처에 있다.	Final exams are right around the corner.	기말고사가 곧 다가온다.	장소/시간 모두 가능
rendezvous	noun	만남 약속, 만날 장소	/ˈrɑːndeɪvuː/	We arranged a rendezvous at noon.	우리는 정오에 만남을 약속했다.	The café was our rendezvous point.	그 카페는 우리의 만남 장소였다.	프랑스어 유래, z 발음 안 함
presence	noun	존재, 참석	/ˈprezns/	His presence made everyone nervous.	그의 존재는 모두를 긴장하게 만들었다.	Your presence is required at the meeting.	회의에 당신의 참석이 필요합니다.	존재감/참석
safe house	noun	은신처, 안전가옥	/seɪf haʊs/	The witness stayed in a safe house.	그 증인은 안전가옥에 머물렀다.	The agents used a safe house outside the city.	요원들은 도시 밖의 은신처를 이용했다.	범죄/첩보 맥락
the home stretch	noun phrase	마지막 단계, 막바지	/ðə hoʊm stretʃ/	We are in the home stretch of the project.	우리는 프로젝트의 막바지에 있다.	The runner sped up in the home stretch.	그 주자는 마지막 구간에서 속도를 냈다.	경주에서 온 표현
just so	adverb phrase	꼭 맞게, 완전한 상태로	/dʒʌst soʊ/	Everything must be arranged just so.	모든 것은 꼭 맞게 정리되어야 한다.	She likes her desk just so.	그녀는 책상이 딱 맞게 정돈되어 있는 것을 좋아한다.	깔끔하게 맞춘 느낌
shallow	adjective	얕은	/ˈʃæloʊ/	The water is shallow near the shore.	해안 근처의 물은 얕다.	He dug a shallow hole.	그는 얕은 구멍을 팠다.	깊지 않음
shallow	adjective	피상적인, 얄팍한	/ˈʃæloʊ/	His explanation was shallow.	그의 설명은 피상적이었다.	She criticized the movie for its shallow characters.	그녀는 그 영화의 인물들이 얄팍하다고 비판했다.	생각/분석이 깊지 않음
shitty	adjective	엉망인, 형편없는	/ˈʃɪti/	I had a shitty day.	나는 엉망인 하루를 보냈다.	The service was shitty.	서비스가 형편없었다.	욕설에 가까운 비격식 표현
crusade	noun	운동, 캠페인	/kruːˈseɪd/	She led a crusade against corruption.	그녀는 부패에 반대하는 운동을 이끌었다.	The group started a crusade for animal rights.	그 단체는 동물권을 위한 운동을 시작했다.	강한 신념의 운동
crusade	verb	운동을 벌이다	/kruːˈseɪd/	They crusaded for social reform.	그들은 사회 개혁을 위해 운동을 벌였다.	He crusaded against smoking.	그는 흡연 반대 운동을 했다.	crusade for/against
obligation	noun	의무	/ˌɑːblɪˈɡeɪʃn/	You have an obligation to tell the truth.	너는 진실을 말할 의무가 있다.	The company failed to meet its legal obligations.	그 회사는 법적 의무를 이행하지 못했다.	법적/도덕적 의무
buy time	phrase	시간을 벌다	/baɪ taɪm/	He asked a question to buy time.	그는 시간을 벌기 위해 질문을 했다.	The delay helped us buy time.	그 지연은 우리가 시간을 버는 데 도움이 되었다.	결정/위기 전에 시간 확보
push forward	phrasal verb	계속 나아가다, 추진하다	/pʊʃ ˈfɔːrwərd/	We must push forward despite the difficulties.	우리는 어려움에도 계속 나아가야 한다.	The company pushed forward with the plan.	그 회사는 그 계획을 계속 추진했다.	진행/추진
bunch	noun	다발, 무리, 많은 양	/bʌntʃ/	She bought a bunch of flowers.	그녀는 꽃 한 다발을 샀다.	A bunch of people were waiting outside.	많은 사람들이 밖에서 기다리고 있었다.	a bunch of
reinforcement	noun	강화, 보강	/ˌriːɪnˈfɔːrsmənt/	The bridge needs reinforcement.	그 다리는 보강이 필요하다.	The teacher used praise as reinforcement.	선생님은 칭찬을 강화 수단으로 사용했다.	구조/행동 강화
reinforcement	noun	지원 병력, 증원군	/ˌriːɪnˈfɔːrsmənt/	The soldiers waited for reinforcements.	군인들은 증원군을 기다렸다.	Reinforcements arrived at dawn.	증원군이 새벽에 도착했다.	복수형 reinforcements 자주 사용
indispensable	adjective	필수적인, 없어서는 안 되는	/ˌɪndɪˈspensəbl/	Water is indispensable to life.	물은 생명에 필수적이다.	She is indispensable to our team.	그녀는 우리 팀에 없어서는 안 될 사람이다.	indispensable to
parallelepiped	noun	평행육면체	/ˌpærəˌleləˈpaɪped/	A cube is a special kind of parallelepiped.	정육면체는 평행육면체의 특별한 종류이다.	The volume of a parallelepiped can be calculated from its base and height.	평행육면체의 부피는 밑면과 높이로 계산할 수 있다.	수학/기하학 용어
manager	noun	관리자, 매니저, 부서장	/ˈmænɪdʒər/	The manager approved my request.	관리자가 내 요청을 승인했다.	She works as a sales manager.	그녀는 영업 매니저로 일한다.	회사 직책
branch	noun	지점, 가지	/bræntʃ/	The bank opened a new branch.	그 은행은 새 지점을 열었다.	A branch fell from the tree.	나무에서 가지 하나가 떨어졌다.	회사 지점/나뭇가지
praise	verb	칭찬하다	/preɪz/	The teacher praised the student.	선생님은 그 학생을 칭찬했다.	He praised her hard work.	그는 그녀의 노력을 칭찬했다.	동사
praise	noun	칭찬, 찬사	/preɪz/	She received praise for her work.	그녀는 자신의 일로 칭찬을 받았다.	The movie won high praise from critics.	그 영화는 비평가들에게 높은 찬사를 받았다.	명사로도 자주 사용
administrator	noun	관리자, 행정 담당자	/ədˈmɪnɪstreɪtər/	The administrator manages the school records.	관리자는 학교 기록을 관리한다.	Contact the system administrator.	시스템 관리자에게 연락하세요.	행정/시스템 관리자
agreement	noun	계약, 합의	/əˈɡriːmənt/	They signed an agreement yesterday.	그들은 어제 계약서에 서명했다.	We reached an agreement after long talks.	우리는 긴 대화 끝에 합의에 도달했다.	계약/합의
president	noun	사장, 대통령, 회장	/ˈprezɪdənt/	The president of the company resigned.	그 회사의 사장이 사임했다.	The president gave a speech.	대통령이 연설을 했다.	회사/국가 모두 가능
launch	verb	시작하다, 출시하다	/lɔːntʃ/	The company launched a new product.	그 회사는 신제품을 출시했다.	They launched a campaign last week.	그들은 지난주 캠페인을 시작했다.	제품/일 시작
launch	noun	출시, 시작	/lɔːntʃ/	The product launch was successful.	그 제품 출시는 성공적이었다.	We prepared for the launch of the website.	우리는 웹사이트 출시를 준비했다.	명사로도 사용
delivery	noun	배달, 배송	/dɪˈlɪvəri/	The delivery arrived late.	배송이 늦게 도착했다.	Free delivery is available for large orders.	대량 주문에는 무료 배송이 가능하다.	물건 배송
delivery	noun	전달, 발표 방식	/dɪˈlɪvəri/	Her speech delivery was clear.	그녀의 연설 전달 방식은 명확했다.	The actor’s delivery was natural.	그 배우의 대사 전달은 자연스러웠다.	말 전달 방식
advantageous	adjective	유리한	/ˌædvənˈteɪdʒəs/	The deal was advantageous to both companies.	그 거래는 두 회사 모두에게 유리했다.	A good location is advantageous for business.	좋은 위치는 사업에 유리하다.	advantage의 형용사
accountant	noun	회계사	/əˈkaʊntənt/	The accountant prepared the tax report.	회계사가 세금 보고서를 준비했다.	She works as an accountant.	그녀는 회계사로 일한다.	회계 직업
board	noun	이사회, 위원회	/bɔːrd/	The board approved the budget.	이사회가 예산을 승인했다.	She sits on the board of directors.	그녀는 이사회에 속해 있다.	회사 조직
executive	noun	임원, 경영진	/ɪɡˈzekjətɪv/	Several executives attended the conference.	여러 임원들이 그 회의에 참석했다.	She became a senior executive.	그녀는 고위 임원이 되었다.	회사 고위직
executive	adjective	경영의, 행정의	/ɪɡˈzekjətɪv/	The executive team made the decision.	경영진이 결정을 내렸다.	He has executive authority.	그는 행정 권한을 가지고 있다.	형용사도 사용
production	noun	생산, 생산량	/prəˈdʌkʃn/	Production increased last year.	작년에 생산량이 증가했다.	The factory stopped production.	그 공장은 생산을 중단했다.	제조/생산
reliable	adjective	믿을 만한, 신뢰할 수 있는	/rɪˈlaɪəbl/	She is a reliable worker.	그녀는 믿을 만한 직원이다.	This car is reliable and safe.	이 차는 믿을 만하고 안전하다.	사람/물건 모두 가능
examination	noun	검사, 시험	/ɪɡˌzæmɪˈneɪʃn/	The doctor gave him a medical examination.	의사가 그에게 건강 검진을 했다.	The final examination is next week.	기말시험은 다음 주이다.	의학/학교 모두
estate market	noun phrase	부동산 시장	/ɪˈsteɪt ˈmɑːrkɪt/	The estate market is slowing down.	부동산 시장이 둔화되고 있다.	Prices in the estate market are rising.	부동산 시장의 가격이 오르고 있다.	보통 real estate market이 더 자연스러움
competitive	adjective	경쟁의, 경쟁력 있는	/kəmˈpetətɪv/	The industry is highly competitive.	그 산업은 경쟁이 매우 치열하다.	We offer competitive prices.	우리는 경쟁력 있는 가격을 제공한다.	시장/가격/사람
spacious	adjective	넓은, 널찍한	/ˈspeɪʃəs/	The apartment is spacious and bright.	그 아파트는 넓고 밝다.	We need a spacious room for the meeting.	우리는 회의를 위해 넓은 방이 필요하다.	공간이 넓음
enterprise	noun	기업, 사업	/ˈentərpraɪz/	The enterprise grew quickly.	그 기업은 빠르게 성장했다.	He started a small enterprise.	그는 작은 사업을 시작했다.	회사/사업체
transferable	adjective	양도할 수 있는, 이전 가능한	/trænsˈfɜːrəbl/	The ticket is not transferable.	그 표는 양도할 수 없다.	These skills are transferable to other jobs.	이 기술들은 다른 직업으로 이전 가능하다.	권리/기술
invest	verb	투자하다	/ɪnˈvest/	She invested money in stocks.	그녀는 주식에 돈을 투자했다.	The company invested in new technology.	그 회사는 신기술에 투자했다.	invest in
a second opinion	noun phrase	다른 사람의 의견, 제2의 소견	/ə ˈsekənd əˈpɪnjən/	You should get a second opinion from another doctor.	다른 의사에게 제2의 소견을 받아야 한다.	I asked for a second opinion before making the decision.	나는 결정하기 전에 다른 의견을 구했다.	의료/결정
business	noun	회사, 사업	/ˈbɪznəs/	She runs a small business.	그녀는 작은 회사를 운영한다.	Business is growing fast.	사업이 빠르게 성장하고 있다.	회사/사업 활동
state government	noun phrase	주 정부	/steɪt ˈɡʌvərnmənt/	The state government passed a new law.	주 정부는 새 법을 통과시켰다.	State government officials visited the city.	주 정부 관계자들이 그 도시를 방문했다.	미국 주 단위 정부
finance	noun	자금, 금융	/ˈfaɪnæns/	The project needs more finance.	그 프로젝트는 더 많은 자금이 필요하다.	She studied finance in college.	그녀는 대학에서 금융을 공부했다.	돈 관리/자금
finance	verb	자금을 조달하다	/ˈfaɪnæns/	The bank financed the project.	은행이 그 프로젝트에 자금을 지원했다.	They financed the business with a loan.	그들은 대출로 사업 자금을 마련했다.	동사로도 사용
renovate	verb	개조하다, 보수하다	/ˈrenəveɪt/	They renovated the old house.	그들은 낡은 집을 개조했다.	The hotel was renovated last year.	그 호텔은 작년에 보수되었다.	건물 수리/개조
tenant	noun	임차인, 세입자	/ˈtenənt/	The tenant pays rent every month.	세입자는 매달 임대료를 낸다.	The landlord contacted the tenant.	집주인이 세입자에게 연락했다.	부동산 계약
performance	noun	공연	/pərˈfɔːrməns/	The performance starts at 7 p.m.	공연은 오후 7시에 시작한다.	Her performance on stage was excellent.	무대에서 그녀의 공연은 훌륭했다.	무대/연기
performance	noun	성과, 실적	/pərˈfɔːrməns/	The company’s performance improved.	그 회사의 실적이 향상되었다.	We reviewed his job performance.	우리는 그의 업무 성과를 검토했다.	업무/회사 실적
fund	noun	기금, 자금	/fʌnd/	The school created a scholarship fund.	학교는 장학 기금을 만들었다.	We need more funds for the project.	우리는 그 프로젝트에 더 많은 자금이 필요하다.	복수 funds도 자주 사용
fund	verb	자금을 지원하다	/fʌnd/	The government funded the research.	정부가 그 연구에 자금을 지원했다.	The project was funded by donations.	그 프로젝트는 기부금으로 자금 지원을 받았다.	동사
steal	verb	훔치다	/stiːl/	Someone stole my wallet.	누군가 내 지갑을 훔쳤다.	He was caught stealing food.	그는 음식을 훔치다가 잡혔다.	steal-stole-stolen
refund	noun	환불	/ˈriːfʌnd/	I asked for a refund.	나는 환불을 요청했다.	The store gave me a full refund.	그 가게는 나에게 전액 환불을 해주었다.	명사
refund	verb	환불하다	/rɪˈfʌnd/	The company refunded my money.	그 회사는 내 돈을 환불해 주었다.	They will refund the ticket price.	그들은 티켓 가격을 환불해 줄 것이다.	동사일 때 강세 뒤쪽
interest rate	noun phrase	이자율, 금리	/ˈɪntrəst reɪt/	The interest rate went up.	이자율이 올랐다.	Low interest rates encouraged borrowing.	낮은 금리는 대출을 장려했다.	경제/대출
press conference	noun phrase	기자회견	/pres ˈkɑːnfərəns/	The mayor held a press conference.	시장은 기자회견을 열었다.	Reporters attended the press conference.	기자들이 그 기자회견에 참석했다.	hold a press conference
merger	noun	합병	/ˈmɜːrdʒər/	The merger created a larger company.	그 합병은 더 큰 회사를 만들었다.	The two banks announced a merger.	두 은행은 합병을 발표했다.	회사 합병
output	noun	생산량, 산출량	/ˈaʊtpʊt/	Factory output increased this year.	공장 생산량이 올해 증가했다.	The machine’s output is very high.	그 기계의 산출량은 매우 높다.	생산/컴퓨터 출력
be responsive to	phrase	~에 대응하다, 반응하다	/bi rɪˈspɑːnsɪv tuː/	The company is responsive to customer complaints.	그 회사는 고객 불만에 잘 대응한다.	Good leaders are responsive to change.	좋은 지도자는 변화에 잘 대응한다.	요구/변화에 반응
be eligible for	phrase	~을 받을 자격이 있다	/bi ˈelɪdʒəbl fɔːr/	You are eligible for a discount.	당신은 할인을 받을 자격이 있다.	She is eligible for the scholarship.	그녀는 장학금을 받을 자격이 있다.	자격 조건
be accustomed to	phrase	~에 익숙하다	/bi əˈkʌstəmd tuː/	I am accustomed to cold weather.	나는 추운 날씨에 익숙하다.	She is accustomed to working late.	그녀는 늦게 일하는 것에 익숙하다.	to 뒤에 명사/동명사
be dedicated to	phrase	~에 전념하다	/bi ˈdedɪkeɪtɪd tuː/	He is dedicated to his work.	그는 자신의 일에 전념한다.	This organization is dedicated to helping children.	이 단체는 아이들을 돕는 데 전념한다.	to 뒤에 명사/동명사
annual conference	noun phrase	연례 회의	/ˈænjuəl ˈkɑːnfərəns/	The annual conference will be held in May.	연례 회의는 5월에 열릴 것이다.	Many experts attended the annual conference.	많은 전문가들이 연례 회의에 참석했다.	매년 열리는 회의
presented	adjective	제시된, 발표된	/prɪˈzentɪd/	The presented data was clear.	제시된 자료는 명확했다.	All presented ideas were reviewed.	제시된 모든 아이디어가 검토되었다.	분사형 형용사
fine	adjective	우수한, 훌륭한	/faɪn/	She is a fine musician.	그녀는 훌륭한 음악가이다.	That was a fine performance.	그것은 훌륭한 공연이었다.	품질이 좋음
fine	adjective	미세한, 고운	/faɪn/	Fine dust can be harmful.	미세먼지는 해로울 수 있다.	The sand was very fine.	그 모래는 매우 고왔다.	작고 섬세함
rating	noun	평가, 등급	/ˈreɪtɪŋ/	The hotel has a five-star rating.	그 호텔은 5성급 평가를 받았다.	The movie received a high rating.	그 영화는 높은 평점을 받았다.	점수/등급
set up	phrasal verb	준비하다, 세우다, 설치하다	/set ʌp/	We set up the chairs before the meeting.	우리는 회의 전에 의자를 준비했다.	They set up a new company.	그들은 새 회사를 세웠다.	준비/설립/설치
settle	verb	자리잡게 하다, 정착하다	/ˈsetl/	They settled in a small town.	그들은 작은 마을에 정착했다.	She settled the child into bed.	그녀는 아이를 침대에 자리잡게 했다.	정착/안정
settle	verb	해결하다	/ˈsetl/	We settled the problem quickly.	우리는 그 문제를 빨리 해결했다.	The two sides settled the dispute.	양측은 분쟁을 해결했다.	문제/분쟁 해결
organize	verb	조직하다, 정리하다	/ˈɔːrɡənaɪz/	She organized the event.	그녀는 그 행사를 조직했다.	I need to organize my files.	나는 파일을 정리해야 한다.	행사/물건 정리
charge	noun	청구 금액, 요금	/tʃɑːrdʒ/	There is an extra charge for delivery.	배송에는 추가 요금이 있다.	The service charge is included.	서비스 요금이 포함되어 있다.	돈 관련 명사
charge	verb	청구하다, 요금을 부과하다	/tʃɑːrdʒ/	The hotel charged us for breakfast.	그 호텔은 우리에게 아침 식사 비용을 청구했다.	They charge ten dollars for parking.	그들은 주차 요금으로 10달러를 부과한다.	돈을 요구함
distinct	adjective	뚜렷한, 다른	/dɪˈstɪŋkt/	There is a distinct difference between the two.	둘 사이에는 뚜렷한 차이가 있다.	The two words have distinct meanings.	그 두 단어는 서로 다른 의미를 가진다.	분명히 구별됨
dish	noun	요리, 접시	/dɪʃ/	This is my favorite Korean dish.	이것은 내가 가장 좋아하는 한국 요리이다.	She washed the dishes after dinner.	그녀는 저녁 식사 후 접시를 씻었다.	음식/그릇
package	noun	소포, 포장물	/ˈpækɪdʒ/	The package arrived this morning.	소포가 오늘 아침 도착했다.	Please open the package carefully.	그 포장물을 조심히 열어 주세요.	배송 물건
package	noun	패키지, 묶음 상품	/ˈpækɪdʒ/	The travel package includes a hotel.	그 여행 패키지에는 호텔이 포함되어 있다.	We bought a software package.	우리는 소프트웨어 패키지를 샀다.	묶음 상품
ahead of	phrase	~보다 앞서서	/əˈhed əv/	She finished ahead of schedule.	그녀는 예정보다 앞서 끝냈다.	Our team is ahead of the others.	우리 팀은 다른 팀들보다 앞서 있다.	시간/순위
backyard	noun	뒤뜰	/ˌbækˈjɑːrd/	The children played in the backyard.	아이들은 뒤뜰에서 놀았다.	We had a barbecue in the backyard.	우리는 뒤뜰에서 바비큐를 했다.	집 뒤 공간
framed picture	noun phrase	액자에 든 사진, 액자 그림	/freɪmd ˈpɪktʃər/	A framed picture hung on the wall.	액자 사진이 벽에 걸려 있었다.	She gave me a framed picture of her family.	그녀는 가족사진이 든 액자를 나에게 주었다.	frame이 된 사진/그림
in rows	phrase	여러 줄로, 줄지어	/ɪn roʊz/	The chairs were arranged in rows.	의자들이 여러 줄로 배열되어 있었다.	Students stood in rows.	학생들이 줄지어 섰다.	배열 표현
luggage	noun	짐, 수하물	/ˈlʌɡɪdʒ/	Please keep your luggage with you.	짐을 항상 가지고 계세요.	Her luggage was lost at the airport.	그녀의 수하물이 공항에서 분실되었다.	불가산명사
aisle	noun	통로	/aɪl/	Please keep the aisle clear.	통로를 비워 주세요.	She walked down the aisle.	그녀는 통로를 따라 걸었다.	비행기/극장/마트 통로
railing	noun	난간, 울타리	/ˈreɪlɪŋ/	He held the railing while going down the stairs.	그는 계단을 내려가며 난간을 잡았다.	The balcony has a metal railing.	그 발코니에는 금속 난간이 있다.	손잡이/난간
board	verb	탑승하다, 승선하다	/bɔːrd/	Passengers began to board the plane.	승객들이 비행기에 탑승하기 시작했다.	We boarded the train at Seoul Station.	우리는 서울역에서 기차에 탔다.	비행기/기차/배
aboard	preposition	~에 탄, 탑승한	/əˈbɔːrd/	Welcome aboard the ship.	배에 탑승하신 것을 환영합니다.	Everyone was aboard the plane.	모두가 비행기에 타고 있었다.	on board와 비슷
pile	noun	쌓아 놓은 더미	/paɪl/	There was a pile of books on the desk.	책상 위에 책 더미가 있었다.	He put the clothes in a pile.	그는 옷을 한 더미로 쌓았다.	a pile of
pile up	phrasal verb	쌓이다, 쌓아 올리다	/paɪl ʌp/	Work began to pile up.	일이 쌓이기 시작했다.	Snow piled up on the road.	눈이 도로 위에 쌓였다.	일/물건이 쌓임
wire	verb	송금하다, 전신으로 보내다	/waɪər/	She wired the money to her son.	그녀는 아들에게 돈을 송금했다.	Please wire the payment by Friday.	금요일까지 대금을 송금해 주세요.	돈을 전자 송금할 때
wire	noun	철사, 전선	/waɪər/	The wire was connected to the battery.	그 전선은 배터리에 연결되어 있었다.	He fixed the fence with wire.	그는 철사로 울타리를 고쳤다.	전선/철사
due	adjective	기한이 된, 예정된	/duː/	The report is due tomorrow.	보고서는 내일까지 제출해야 한다.	The train is due at 6 p.m.	그 기차는 오후 6시에 도착할 예정이다.	마감/예정
due to	phrase	~때문에	/duː tuː/	The event was canceled due to rain.	그 행사는 비 때문에 취소되었다.	The delay was due to heavy traffic.	지연은 심한 교통 체증 때문이었다.	원인 표현
along with	phrase	~와 함께	/əˈlɔːŋ wɪð/	She came along with her brother.	그녀는 남동생과 함께 왔다.	The package includes a manual along with the device.	그 포장에는 장치와 함께 설명서가 포함되어 있다.	together with
registration	noun	등록	/ˌredʒɪˈstreɪʃn/	Registration begins at 9 a.m.	등록은 오전 9시에 시작된다.	You must complete registration online.	온라인으로 등록을 완료해야 한다.	행사/수강 등록
at the time of	phrase	~할 때, ~시점에	/æt ðə taɪm əv/	He was living in Seoul at the time of the accident.	그는 사고 당시 서울에 살고 있었다.	Payment is required at the time of registration.	등록 시 결제가 필요하다.	특정 시점
in the order	phrase	순서대로	/ɪn ði ˈɔːrdər/	The names are listed in the order of arrival.	이름은 도착 순서대로 나열되어 있다.	Please answer the questions in the order shown.	표시된 순서대로 질문에 답하세요.	순서 표현
assign	verb	배정하다, 할당하다	/əˈsaɪn/	The teacher assigned homework.	선생님은 숙제를 내주었다.	Each student was assigned a seat.	각 학생에게 자리가 배정되었다.	일/자리/역할 배정
on a first-come, first-served basis	phrase	선착순으로	/ɑːn ə fɜːrst kʌm fɜːrst sɜːrvd ˈbeɪsɪs/	Tickets are sold on a first-come, first-served basis.	표는 선착순으로 판매된다.	Seats are available on a first-come, first-served basis.	좌석은 선착순으로 이용 가능하다.	안내문 표현
appliance	noun	가전제품	/əˈplaɪəns/	The store sells kitchen appliances.	그 가게는 주방 가전제품을 판다.	This appliance uses less electricity.	이 가전제품은 전기를 덜 사용한다.	냉장고/세탁기 등
easy-to-grip	adjective	잡기 쉬운	/ˈiːzi tə ɡrɪp/	The bottle has an easy-to-grip handle.	그 병에는 잡기 쉬운 손잡이가 있다.	This tool is easy to grip.	이 도구는 잡기 쉽다.	제품 설명
venue	noun	회장, 장소	/ˈvenjuː/	The wedding venue was beautiful.	결혼식장은 아름다웠다.	The conference venue is near the station.	회의장은 역 근처에 있다.	행사 장소
accommodate	verb	수용하다, 편의를 제공하다	/əˈkɑːmədeɪt/	The hall can accommodate 500 people.	그 홀은 500명을 수용할 수 있다.	The hotel can accommodate special requests.	그 호텔은 특별 요청을 수용할 수 있다.	사람/요구 수용
banquet	noun	연회, 성찬	/ˈbæŋkwɪt/	The banquet will begin at seven.	연회는 7시에 시작된다.	They held a banquet for the guests.	그들은 손님들을 위해 연회를 열었다.	공식 식사 행사
guest speaker	noun phrase	초청 연사	/ɡest ˈspiːkər/	The guest speaker gave an inspiring talk.	초청 연사는 감동적인 강연을 했다.	We invited a guest speaker to the seminar.	우리는 세미나에 초청 연사를 초대했다.	행사/강연
entertainment	noun	연예, 오락, 여흥	/ˌentərˈteɪnmənt/	The hotel offers live entertainment.	그 호텔은 라이브 공연을 제공한다.	Movies are a popular form of entertainment.	영화는 인기 있는 오락 형태이다.	즐길거리
regardless of	phrase	~와 관계없이	/rɪˈɡɑːrdləs əv/	Everyone can apply regardless of age.	나이에 관계없이 누구나 지원할 수 있다.	We continued regardless of the weather.	우리는 날씨와 관계없이 계속했다.	상관없음을 표현
survey	noun	설문조사	/ˈsɜːrveɪ/	Please complete the customer survey.	고객 설문조사를 완료해 주세요.	The survey showed high satisfaction.	그 설문조사는 높은 만족도를 보여 주었다.	질문 조사
survey	verb	조사하다	/sərˈveɪ/	They surveyed 1,000 customers.	그들은 고객 1,000명을 조사했다.	The team surveyed the area.	그 팀은 그 지역을 조사했다.	동사일 때 강세 뒤쪽
fill out	phrasal verb	양식을 작성하다	/fɪl aʊt/	Please fill out this form.	이 양식을 작성해 주세요.	She filled out the application online.	그녀는 온라인으로 신청서를 작성했다.	서류 작성
patronage	noun	애용, 후원	/ˈpætrənɪdʒ/	Thank you for your patronage.	애용해 주셔서 감사합니다.	The museum depends on public patronage.	그 박물관은 대중의 후원에 의존한다.	고객 감사 표현
anniversary	noun	기념일	/ˌænɪˈvɜːrsəri/	Today is our wedding anniversary.	오늘은 우리의 결혼기념일이다.	The company celebrated its 20th anniversary.	그 회사는 창립 20주년을 기념했다.	기념일
mark	verb	기념하다, 표시하다	/mɑːrk/	The ceremony marked the anniversary.	그 의식은 그 기념일을 기념했다.	Please mark the correct answer.	정답을 표시하세요.	기념/표시
loyal customer	noun phrase	단골 고객, 충성 고객	/ˈlɔɪəl ˈkʌstəmər/	We offer discounts to loyal customers.	우리는 단골 고객에게 할인을 제공한다.	She has been a loyal customer for years.	그녀는 수년 동안 단골 고객이었다.	고객 관리 표현
place an order	phrase	주문하다	/pleɪs ən ˈɔːrdər/	I placed an order online.	나는 온라인으로 주문했다.	Please place your order by phone.	전화로 주문해 주세요.	order보다 공식적
reward	verb	보상하다	/rɪˈwɔːrd/	The company rewarded him for his hard work.	그 회사는 그의 노고에 보상했다.	Good behavior should be rewarded.	좋은 행동은 보상받아야 한다.	보상하다
reward	noun	보상, 보상금	/rɪˈwɔːrd/	She received a reward for her efforts.	그녀는 노력에 대한 보상을 받았다.	The police offered a reward.	경찰은 보상금을 제시했다.	명사
present	verb	제공하다, 제시하다	/prɪˈzent/	They presented him with an award.	그들은 그에게 상을 수여했다.	She presented a new idea.	그녀는 새 아이디어를 제시했다.	동사 발음 주의
enclosed	adjective	동봉된	/ɪnˈkloʊzd/	Please see the enclosed document.	동봉된 문서를 확인해 주세요.	The enclosed coupon can be used this month.	동봉된 쿠폰은 이번 달에 사용할 수 있다.	편지/메일 표현
newline	noun	새 줄, 줄 바꿈	/ˈnuː laɪn/	Press Enter to insert a newline.	새 줄을 넣으려면 Enter를 누르세요.	Each record starts on a new line.	각 기록은 새 줄에서 시작된다.	문서/프로그래밍
Sincerely yours	closing phrase	당신의 진실한 벗, 진심을 담아	/sɪnˈsɪrli jʊrz/	Sincerely yours, John Smith.	진심을 담아, 존 스미스.	The letter ended with “Sincerely yours.”	그 편지는 “Sincerely yours”로 끝났다.	미국 편지 끝맺음 표현
willingness	noun	의향, 기꺼이 하려는 마음	/ˈwɪlɪŋnəs/	We appreciate your willingness to help.	도와주려는 당신의 의향에 감사드립니다.	Her willingness to learn impressed us.	배우려는 그녀의 의지가 우리에게 인상을 주었다.	willing의 명사
host	noun	주최자, 진행자	/hoʊst/	The host welcomed the guests.	주최자가 손님들을 환영했다.	He is the host of a popular show.	그는 인기 프로그램의 진행자이다.	주최자/진행자
host	verb	주최하다	/hoʊst/	The city will host the conference.	그 도시는 회의를 주최할 것이다.	They hosted a dinner party.	그들은 저녁 파티를 열었다.	행사 개최
undergo	verb	겪다, 받다	/ˌʌndərˈɡoʊ/	He underwent surgery last year.	그는 작년에 수술을 받았다.	The system is undergoing major changes.	그 시스템은 큰 변화를 겪고 있다.	undergo-underwent-undergone
remarkable	adjective	놀랄 만한, 현저한	/rɪˈmɑːrkəbl/	She made remarkable progress.	그녀는 놀랄 만한 발전을 했다.	The results were remarkable.	그 결과는 놀라웠다.	눈에 띄게 대단함
IT	noun	정보기술	/ˌaɪ ˈtiː/	She works in IT.	그녀는 IT 분야에서 일한다.	IT skills are important in many jobs.	정보기술 능력은 많은 직업에서 중요하다.	Information Technology
quarter	noun	분기, 4분의 1	/ˈkwɔːrtər/	Profit increased in the first quarter.	1분기에 이익이 증가했다.	A quarter of the students were absent.	학생들의 4분의 1이 결석했다.	회계/비율
profit	noun	이익, 수익	/ˈprɑːfɪt/	The company made a large profit.	그 회사는 큰 이익을 냈다.	Profit rose by ten percent.	이익은 10퍼센트 증가했다.	경제적 이익
supervisor	noun	관리자, 감독관	/ˈsuːpərvaɪzər/	Ask your supervisor for approval.	관리자에게 승인을 요청하세요.	The supervisor checked the workers’ progress.	감독관은 노동자들의 진행 상황을 확인했다.	현장/회사 관리자
widespread	adjective	광범위한, 널리 퍼진	/ˈwaɪdspred/	The disease became widespread.	그 질병은 널리 퍼졌다.	There was widespread support for the plan.	그 계획에 대한 광범위한 지지가 있었다.	널리 퍼짐
draw	verb	끌어오다, 끌다	/drɔː/	The event drew many visitors.	그 행사는 많은 방문객을 끌어모았다.	Her speech drew attention.	그녀의 연설은 관심을 끌었다.	관심/사람을 끌다
draw	verb	그리다	/drɔː/	She drew a picture of a house.	그녀는 집 그림을 그렸다.	He likes to draw animals.	그는 동물을 그리는 것을 좋아한다.	그림 그리기
comment	noun	평가, 의견	/ˈkɑːment/	She made a helpful comment.	그녀는 유익한 의견을 냈다.	The manager asked for comments on the proposal.	관리자는 제안서에 대한 의견을 요청했다.	의견
comment	verb	논평하다, 말하다	/ˈkɑːment/	He commented on the report.	그는 그 보고서에 대해 논평했다.	She refused to comment.	그녀는 논평하기를 거부했다.	comment on
release	verb	발표하다, 발매하다, 풀어주다	/rɪˈliːs/	The company released a new product.	그 회사는 신제품을 출시했다.	The police released the suspect.	경찰은 용의자를 풀어주었다.	출시/석방
release	noun	발표, 발매, 석방	/rɪˈliːs/	The release of the report was delayed.	그 보고서 발표가 지연되었다.	The movie release is next month.	그 영화 개봉은 다음 달이다.	명사
once	conjunction	일단 ~하면	/wʌns/	Once you finish the form, send it to me.	양식을 다 작성하면 나에게 보내세요.	Once the system starts, do not turn it off.	시스템이 일단 시작되면 끄지 마세요.	조건 접속사
once	adverb	한때, 한 번	/wʌns/	I met him once.	나는 그를 한 번 만났다.	This building was once a school.	이 건물은 한때 학교였다.	부사 의미
workplace	noun	직장, 일터	/ˈwɜːrkpleɪs/	Safety is important in the workplace.	직장에서 안전은 중요하다.	The company created a better workplace.	그 회사는 더 나은 직장을 만들었다.	근무 장소
furniture	noun	가구	/ˈfɜːrnɪtʃər/	The room has modern furniture.	그 방에는 현대적인 가구가 있다.	We bought new office furniture.	우리는 새 사무용 가구를 샀다.	불가산명사
stationery	noun	문구류	/ˈsteɪʃəneri/	The store sells stationery and office supplies.	그 가게는 문구류와 사무용품을 판다.	I need to buy some stationery.	나는 문구류를 좀 사야 한다.	stationary와 구별
bulk	noun	큰 규모, 대량	/bʌlk/	We buy paper in bulk.	우리는 종이를 대량으로 산다.	The bulk of the work is done.	일의 대부분은 끝났다.	in bulk
classified	adjective	기밀의, 분류된	/ˈklæsɪfaɪd/	The document is classified.	그 문서는 기밀이다.	The files were classified by date.	파일들은 날짜별로 분류되었다.	기밀/분류
access	noun	접근 권한, 접근	/ˈækses/	Only employees have access to this room.	직원들만 이 방에 접근할 수 있다.	Internet access is available here.	여기서 인터넷 접속이 가능하다.	access to
access	verb	접근하다, 접속하다	/ˈækses/	You can access the file online.	온라인으로 그 파일에 접근할 수 있다.	Users cannot access the server.	사용자들은 서버에 접속할 수 없다.	동사
official	noun	직원, 공무원	/əˈfɪʃl/	A government official made a statement.	정부 관계자가 성명을 냈다.	Officials inspected the building.	공무원들이 그 건물을 점검했다.	공식 직책자
official	adjective	공식적인	/əˈfɪʃl/	The official report was released today.	공식 보고서가 오늘 발표되었다.	We received official permission.	우리는 공식 허가를 받았다.	형용사
statement	noun	명세서, 성명서, 진술	/ˈsteɪtmənt/	The bank sent me a monthly statement.	은행이 나에게 월별 명세서를 보냈다.	The mayor issued a public statement.	시장은 공식 성명을 발표했다.	은행/공식 발표
a number of	phrase	많은, 여러	/ə ˈnʌmbər əv/	A number of people attended the event.	많은 사람들이 그 행사에 참석했다.	We found a number of problems.	우리는 여러 문제를 발견했다.	복수명사와 사용
debate	noun	논쟁, 토론	/dɪˈbeɪt/	The debate lasted two hours.	토론은 두 시간 동안 계속되었다.	There is debate over the new policy.	새 정책을 둘러싼 논쟁이 있다.	찬반 논의
operation	noun	운영, 작전, 수술	/ˌɑːpəˈreɪʃn/	The operation of the system is simple.	그 시스템의 운영은 간단하다.	The rescue operation was successful.	구조 작전은 성공적이었다.	운영/작전
remind	verb	상기시키다, 생각나게 하다	/rɪˈmaɪnd/	Please remind me to call him.	그에게 전화하라고 나에게 상기시켜 주세요.	This song reminds me of my childhood.	이 노래는 내 어린 시절을 생각나게 한다.	remind A of B
assess	verb	평가하다	/əˈses/	The teacher assessed the students’ progress.	선생님은 학생들의 진도를 평가했다.	We need to assess the damage.	우리는 피해를 평가해야 한다.	상황/능력 평가
trainer	noun	교관, 훈련 담당자	/ˈtreɪnər/	The trainer explained the exercise.	트레이너가 그 운동을 설명했다.	New employees met their trainer.	신입 직원들은 교관을 만났다.	교육 담당자
certificate	noun	증명서, 자격증	/sərˈtɪfɪkət/	She received a training certificate.	그녀는 교육 수료증을 받았다.	You need a certificate to apply.	지원하려면 증명서가 필요하다.	공식 증명
dispose of	phrasal verb	~을 처리하다, 처분하다	/dɪˈspoʊz əv/	Please dispose of trash properly.	쓰레기를 올바르게 처리해 주세요.	They disposed of the old equipment.	그들은 낡은 장비를 처분했다.	버리다/처리하다
consist of	phrasal verb	~로 이루어져 있다	/kənˈsɪst əv/	The team consists of five members.	그 팀은 다섯 명으로 이루어져 있다.	The meal consists of rice, soup, and vegetables.	그 식사는 밥, 국, 채소로 구성되어 있다.	수동형 안 씀
provide A with B	phrase	A에게 B를 제공하다	/prəˈvaɪd/	The school provides students with laptops.	학교는 학생들에게 노트북을 제공한다.	The company provided us with training.	그 회사는 우리에게 교육을 제공했다.	provide 사람 with 물건
take advantage of	phrase	~을 이용하다, 활용하다	/teɪk ədˈvæntɪdʒ əv/	You should take advantage of this opportunity.	이 기회를 활용해야 한다.	He took advantage of the free service.	그는 무료 서비스를 이용했다.	기회/혜택 활용
equip A with B	phrase	A에 B를 갖추게 하다	/ɪˈkwɪp/	The room is equipped with cameras.	그 방에는 카메라가 설치되어 있다.	The school equipped students with tablets.	학교는 학생들에게 태블릿을 제공했다.	be equipped with
contribute to	phrase	~에 기여하다	/kənˈtrɪbjuːt tuː/	Exercise contributes to good health.	운동은 건강에 기여한다.	She contributed to the project.	그녀는 그 프로젝트에 기여했다.	원인/기여
account for	phrase	~을 설명하다, 차지하다	/əˈkaʊnt fɔːr/	This accounts for the delay.	이것이 지연을 설명해 준다.	Sales account for most of the profit.	매출이 이익의 대부분을 차지한다.	설명/비율
concentration on	phrase	~에 대한 집중	/ˌkɑːnsnˈtreɪʃn ɑːn/	Concentration on one task improves results.	한 가지 일에 대한 집중은 결과를 향상시킨다.	Her concentration on detail is impressive.	세부 사항에 대한 그녀의 집중력은 인상적이다.	focus on과 관련
complimentary	adjective	무료의	/ˌkɑːmplɪˈmentəri/	The hotel offers complimentary breakfast.	그 호텔은 무료 아침 식사를 제공한다.	Guests receive complimentary drinks.	손님들은 무료 음료를 받는다.	호텔/서비스 표현
complimentary	adjective	칭찬하는	/ˌkɑːmplɪˈmentəri/	She made a complimentary remark.	그녀는 칭찬하는 말을 했다.	The review was highly complimentary.	그 리뷰는 매우 호의적이었다.	compliment 관련
emission	noun	배출, 배기가스	/ɪˈmɪʃn/	The factory reduced carbon emissions.	그 공장은 탄소 배출을 줄였다.	Vehicle emissions harm the environment.	차량 배기가스는 환경에 해롭다.	환경 단어
retail price	noun phrase	소매가	/ˈriːteɪl praɪs/	The retail price is listed on the box.	소매가는 상자에 표시되어 있다.	We bought it below the retail price.	우리는 그것을 소매가보다 싸게 샀다.	판매 가격
outdated	adjective	구식의, 시대에 뒤떨어진	/ˌaʊtˈdeɪtɪd/	The software is outdated.	그 소프트웨어는 구식이다.	Outdated rules should be changed.	시대에 뒤떨어진 규칙은 바뀌어야 한다.	낡은 정보/방식
former	adjective	이전의, 전자의	/ˈfɔːrmər/	She met her former teacher.	그녀는 이전 선생님을 만났다.	The former plan was too expensive.	이전 계획은 너무 비쌌다.	previous
yearly	adjective	해마다의, 연간의	/ˈjɪrli/	The company holds a yearly meeting.	그 회사는 연례 회의를 연다.	We pay a yearly fee.	우리는 연회비를 낸다.	annual과 비슷
yearly	adverb	매년	/ˈjɪrli/	The report is published yearly.	그 보고서는 매년 발행된다.	Employees are evaluated yearly.	직원들은 매년 평가받는다.	부사
in the coming month	phrase	다가오는 달에	/ɪn ðə ˈkʌmɪŋ mʌnθ/	Several events will be held in the coming month.	다가오는 달에 여러 행사가 열릴 것이다.	We expect changes in the coming month.	우리는 다음 달에 변화가 있을 것으로 예상한다.	가까운 미래
meet	verb	충족시키다, 만나다	/miːt/	The product meets safety standards.	그 제품은 안전 기준을 충족한다.	I will meet you at the station.	역에서 너를 만날 것이다.	기준 충족/사람 만남
be accompanied by	phrase	~을 동반하다, ~와 함께 가다	/bi əˈkʌmpənid baɪ/	Children must be accompanied by an adult.	어린이는 어른과 동반해야 한다.	The meal was accompanied by wine.	그 식사에는 와인이 곁들여졌다.	수동형 표현
contact	verb	연락하다	/ˈkɑːntækt/	Please contact us by email.	이메일로 저희에게 연락해 주세요.	I contacted the manager yesterday.	나는 어제 관리자에게 연락했다.	연락
contact	noun	연락, 접촉	/ˈkɑːntækt/	Keep in contact with your supervisor.	관리자와 연락을 유지하세요.	Physical contact is not allowed.	신체 접촉은 허용되지 않는다.	명사
interview	noun	면접, 인터뷰	/ˈɪntərvjuː/	She has a job interview tomorrow.	그녀는 내일 취업 면접이 있다.	The interview lasted one hour.	면접은 한 시간 동안 계속되었다.	면접/인터뷰
interview	verb	면접하다, 인터뷰하다	/ˈɪntərvjuː/	The company interviewed five candidates.	그 회사는 후보자 다섯 명을 면접했다.	The reporter interviewed the mayor.	기자가 시장을 인터뷰했다.	동사
bank statement	noun phrase	은행 거래 내역서	/bæŋk ˈsteɪtmənt/	Please submit a recent bank statement.	최근 은행 거래 내역서를 제출해 주세요.	The bank statement shows all transactions.	은행 거래 내역서는 모든 거래를 보여 준다.	서류 제출
confirmation	noun	확인, 확정	/ˌkɑːnfərˈmeɪʃn/	I received a confirmation email.	나는 확인 이메일을 받았다.	We need confirmation of your reservation.	예약 확인이 필요합니다.	예약/확인
business day	noun phrase	영업일	/ˈbɪznəs deɪ/	Delivery takes three business days.	배송은 영업일 기준 3일 걸린다.	The office replies within one business day.	그 사무실은 영업일 하루 안에 답한다.	주말/공휴일 제외
accessible	adjective	이용할 수 있는, 접근 가능한	/əkˈsesəbl/	The building is accessible to wheelchair users.	그 건물은 휠체어 이용자가 접근할 수 있다.	The data is accessible online.	그 데이터는 온라인에서 이용 가능하다.	접근 가능
go down the list	phrase	목록을 내려가며 확인하다	/ɡoʊ daʊn ðə lɪst/	Let’s go down the list one by one.	목록을 하나씩 내려가며 확인하자.	She went down the list of names.	그녀는 이름 목록을 차례로 확인했다.	목록 확인
over a period of time	phrase	일정 기간 동안	/ˈoʊvər ə ˈpɪriəd əv taɪm/	The data was collected over a period of time.	그 데이터는 일정 기간 동안 수집되었다.	Skills improve over a period of time.	기술은 시간이 지나면서 향상된다.	기간 표현
precise	adjective	정확한, 정밀한	/prɪˈsaɪs/	Please give me a precise answer.	정확한 답을 주세요.	The machine makes precise measurements.	그 기계는 정밀한 측정을 한다.	exact와 비슷
foundation	noun	토대, 기초	/faʊnˈdeɪʃn/	Education is the foundation of success.	교육은 성공의 기초이다.	The building has a strong foundation.	그 건물은 튼튼한 기초를 가지고 있다.	물리적/비유적 기초
a sound foundation	noun phrase	튼튼한 기초	/ə saʊnd faʊnˈdeɪʃn/	The course provides a sound foundation in math.	그 강좌는 수학의 튼튼한 기초를 제공한다.	A sound foundation is necessary for growth.	성장을 위해 튼튼한 기초가 필요하다.	sound=튼튼한
overview	noun	개요, 개관	/ˈoʊvərvjuː/	The report gives an overview of the project.	그 보고서는 프로젝트의 개요를 제공한다.	Let me give you a brief overview.	간단한 개요를 설명하겠습니다.	요약 설명
postulate	verb	가정하다, 상정하다	/ˈpɑːstʃəleɪt/	The theory postulates a connection between the two.	그 이론은 둘 사이의 관련성을 가정한다.	Scientists postulated the existence of the particle.	과학자들은 그 입자의 존재를 상정했다.	학술적 표현
postulate	noun	가정, 전제	/ˈpɑːstʃələt/	The argument is based on a simple postulate.	그 주장은 단순한 가정에 기반한다.	This postulate is difficult to prove.	이 가정은 증명하기 어렵다.	명사
stem from	phrasal verb	~에서 비롯되다	/stem frʌm/	The problem stems from poor planning.	그 문제는 부실한 계획에서 비롯된다.	Her confidence stems from experience.	그녀의 자신감은 경험에서 비롯된다.	원인 표현
descriptive	adjective	서술하는, 묘사적인	/dɪˈskrɪptɪv/	The passage is highly descriptive.	그 구절은 매우 묘사적이다.	Use descriptive language in your essay.	에세이에 묘사적인 언어를 사용하세요.	설명/묘사
interaction	noun	상호작용	/ˌɪntərˈækʃn/	The class encourages student interaction.	그 수업은 학생들의 상호작용을 장려한다.	There was little interaction between the groups.	그 집단들 사이에는 상호작용이 거의 없었다.	사람/시스템 상호작용
pick up	phrasal verb	얻다, 배우다	/pɪk ʌp/	She picked up some Spanish while traveling.	그녀는 여행 중에 스페인어를 조금 익혔다.	Children pick up new words quickly.	아이들은 새 단어를 빨리 배운다.	자연스럽게 습득
pick up	phrasal verb	태우러 가다, 집어 들다	/pɪk ʌp/	I’ll pick you up at seven.	내가 7시에 너를 데리러 갈게.	He picked up the phone.	그는 전화를 집어 들었다.	데리러 감/집기
backbone	noun	등뼈, 근간, 용기	/ˈbækboʊn/	The backbone supports the body.	등뼈는 몸을 지탱한다.	She showed backbone during the crisis.	그녀는 위기 속에서 용기를 보여 주었다.	신체/비유
assert	verb	주장하다	/əˈsɜːrt/	He asserted his innocence.	그는 자신의 결백을 주장했다.	The report asserts that costs will rise.	그 보고서는 비용이 증가할 것이라고 주장한다.	강하게 주장
emerge	verb	나타나다, 드러나다	/ɪˈmɜːrdʒ/	A new problem emerged.	새로운 문제가 나타났다.	The truth emerged later.	진실은 나중에 드러났다.	숨겨진 것이 드러남
elaborate	adjective	정교한, 자세한	/ɪˈlæbərət/	The plan was very elaborate.	그 계획은 매우 정교했다.	She gave an elaborate explanation.	그녀는 자세한 설명을 했다.	형용사
elaborate	verb	자세히 설명하다	/ɪˈlæbəreɪt/	Can you elaborate on that point?	그 점에 대해 자세히 설명해 줄 수 있나요?	He refused to elaborate.	그는 자세히 설명하기를 거부했다.	동사 강세/발음 다름
encounter	verb	마주치다, 직면하다	/ɪnˈkaʊntər/	We encountered several problems.	우리는 여러 문제에 직면했다.	She encountered an old friend.	그녀는 옛 친구를 우연히 만났다.	문제/사람
encounter	noun	우연한 만남, 조우	/ɪnˈkaʊntər/	The encounter changed his life.	그 만남은 그의 인생을 바꾸었다.	It was my first encounter with the system.	그것은 내가 그 시스템을 처음 접한 경험이었다.	명사
heat rejection	noun phrase	열 배출, 방열	/hiːt rɪˈdʒekʃn/	Heat rejection is important in cooling systems.	냉각 시스템에서 열 배출은 중요하다.	The device improves heat rejection.	그 장치는 방열을 개선한다.	공학/냉각
wonder	verb	궁금해하다	/ˈwʌndər/	I wonder why he left early.	나는 그가 왜 일찍 떠났는지 궁금하다.	She wondered if the store was open.	그녀는 그 가게가 열려 있는지 궁금했다.	I wonder if/why
wonder	noun	경이, 놀라움	/ˈwʌndər/	The child looked at the stars in wonder.	그 아이는 경이로움 속에서 별을 바라보았다.	The Grand Canyon is a natural wonder.	그랜드캐니언은 자연의 경이이다.	명사
household	noun	가정, 세대	/ˈhaʊshoʊld/	Each household received a notice.	각 가정은 통지서를 받았다.	The survey included 500 households.	그 설문조사는 500가구를 포함했다.	가구 단위
utensil	noun	기구, 가정용품	/juːˈtensl/	Kitchen utensils are in the drawer.	주방 기구는 서랍 안에 있다.	We need cooking utensils for the trip.	여행에 요리 도구가 필요하다.	도구/기구
decimal	noun	소수	/ˈdesɪml/	Write the answer as a decimal.	답을 소수로 쓰세요.	Move the decimal two places.	소수점을 두 자리 옮기세요.	수학
decimal	adjective	10진법의	/ˈdesɪml/	We use the decimal system.	우리는 10진법을 사용한다.	Decimal notation is common in math.	10진 표기는 수학에서 흔하다.	형용사
systematic	adjective	체계적인	/ˌsɪstəˈmætɪk/	We need a systematic approach.	우리는 체계적인 접근법이 필요하다.	She made a systematic study of the problem.	그녀는 그 문제를 체계적으로 연구했다.	방법이 질서 있음
apparent	adjective	명백한, 겉보기의	/əˈpærənt/	The reason was apparent to everyone.	그 이유는 모두에게 명백했다.	Despite his apparent calm, he was nervous.	겉보기의 침착함에도 불구하고 그는 긴장했다.	명백한/겉보기의
treaty	noun	조약	/ˈtriːti/	The countries signed a peace treaty.	그 나라들은 평화 조약에 서명했다.	The treaty ended the war.	그 조약은 전쟁을 끝냈다.	국가 간 공식 합의
luminous	adjective	빛을 발하는, 밝은	/ˈluːmɪnəs/	The watch has luminous hands.	그 시계에는 빛나는 시곗바늘이 있다.	The moon looked luminous in the night sky.	달은 밤하늘에서 밝게 빛나 보였다.	빛나는
scheme	noun	계획, 제도	/skiːm/	The government introduced a new pension scheme.	정부는 새로운 연금 제도를 도입했다.	They developed a scheme to reduce costs.	그들은 비용을 줄이기 위한 계획을 세웠다.	영국식으로 제도 의미 많음
notation	noun	표기법, 기호법	/noʊˈteɪʃn/	Scientific notation is useful for large numbers.	과학적 표기법은 큰 수에 유용하다.	The formula uses standard notation.	그 공식은 표준 표기법을 사용한다.	기호 체계
abbreviation	noun	약어, 축약형	/əˌbriːviˈeɪʃn/	“Dr.” is an abbreviation for “Doctor.”	“Dr.”은 “Doctor”의 약어이다.	Use common abbreviations in notes.	필기에는 흔한 약어를 사용해라.	줄임말
pluralize	verb	복수형으로 만들다	/ˈplʊrəlaɪz/	Add “s” to pluralize the noun.	명사를 복수형으로 만들려면 s를 붙여라.	Some nouns are difficult to pluralize.	어떤 명사는 복수형으로 만들기 어렵다.	문법 단어
congress	noun	회의, 의회	/ˈkɑːŋɡrəs/	The medical congress attracted many doctors.	그 의학 회의는 많은 의사들을 끌어모았다.	Congress passed the bill.	의회가 그 법안을 통과시켰다.	회의/미국 의회
metric	adjective	미터법의	/ˈmetrɪk/	Most countries use the metric system.	대부분의 국가는 미터법을 사용한다.	The measurements are given in metric units.	측정값은 미터법 단위로 제시된다.	미터법
agency	noun	기관, 대행사	/ˈeɪdʒənsi/	She works for a government agency.	그녀는 정부 기관에서 일한다.	The travel agency booked our tickets.	여행사가 우리의 표를 예약했다.	기관/대행사
relax	verb	완화하다, 쉬다	/rɪˈlæks/	The rules were relaxed.	그 규칙들은 완화되었다.	Try to relax before the interview.	면접 전에 긴장을 풀도록 해라.	규칙 완화/휴식
heavily	adverb	심하게, 많이	/ˈhevɪli/	It rained heavily last night.	어젯밤 비가 많이 왔다.	The company invested heavily in research.	그 회사는 연구에 많이 투자했다.	강도/양이 큼
automotive	adjective	자동차의	/ˌɔːtəˈmoʊtɪv/	He works in the automotive industry.	그는 자동차 산업에서 일한다.	Automotive technology is changing quickly.	자동차 기술은 빠르게 변하고 있다.	자동차 관련
soft drink	noun phrase	청량음료	/sɔːft drɪŋk/	Would you like a soft drink?	청량음료 드시겠어요?	The restaurant serves soft drinks and juice.	그 식당은 청량음료와 주스를 제공한다.	술이 아닌 음료
liquor	noun	독한 술, 증류주	/ˈlɪkər/	The store sells wine and liquor.	그 가게는 와인과 독주를 판다.	He does not drink liquor.	그는 독한 술을 마시지 않는다.	위스키/보드카 등
resist	verb	저항하다	/rɪˈzɪst/	They resisted the new policy.	그들은 새 정책에 저항했다.	I couldn’t resist the dessert.	나는 그 디저트를 참을 수 없었다.	저항하다/참다
prefix	noun	접두사	/ˈpriːfɪks/	“Un-” is a common prefix.	“Un-”은 흔한 접두사이다.	Add a prefix to change the meaning.	의미를 바꾸려면 접두사를 붙여라.	문법/단어 형성
occupation	noun	직업, 점유	/ˌɑːkjuˈpeɪʃn/	Please write your occupation on the form.	양식에 직업을 적어 주세요.	The occupation of the building lasted for weeks.	그 건물 점거는 몇 주 동안 계속되었다.	직업/점유 둘 다 가능
assign	verb	배정하다, 부여하다	/əˈsaɪn/	The manager assigned the task to me.	관리자는 그 일을 나에게 배정했다.	Each student was assigned a number.	각 학생에게 번호가 부여되었다.	일/책임/번호 배정
nuisance	noun	성가신 사람, 골칫거리	/ˈnuːsns/	The noise is a real nuisance.	그 소음은 정말 골칫거리다.	Mosquitoes can be a nuisance in summer.	모기는 여름에 성가신 존재가 될 수 있다.	불편하게 하는 것
interchangeability	noun	교환 가능성, 호환성	/ˌɪntərˌtʃeɪndʒəˈbɪləti/	The parts are designed for interchangeability.	그 부품들은 호환성을 위해 설계되었다.	Interchangeability reduces repair costs.	호환성은 수리 비용을 줄인다.	공학/부품 맥락
extent	noun	정도, 범위, 크기	/ɪkˈstent/	I did not realize the extent of the damage.	나는 피해의 정도를 깨닫지 못했다.	The forest extends over a large extent of land.	그 숲은 넓은 지역에 걸쳐 있다.	to some extent 자주 사용
red shift	noun phrase	적색편이	/red ʃɪft/	Red shift shows that a galaxy is moving away.	적색편이는 은하가 멀어지고 있음을 보여 준다.	Astronomers measured the red shift of the light.	천문학자들은 그 빛의 적색편이를 측정했다.	천문학 용어
cumbersome	adjective	크고 무거운, 다루기 힘든	/ˈkʌmbərsəm/	The old machine was cumbersome to move.	그 낡은 기계는 옮기기 힘들었다.	The process is slow and cumbersome.	그 절차는 느리고 번거롭다.	물건/절차 모두 가능
calibration	noun	눈금 매기기, 보정	/ˌkælɪˈbreɪʃn/	The device needs calibration.	그 장치는 보정이 필요하다.	Calibration improves measurement accuracy.	보정은 측정 정확도를 높인다.	계기/측정 장비
indication	noun	표시, 징후, 암시	/ˌɪndɪˈkeɪʃn/	There is no indication of danger.	위험의 징후는 없다.	The red light is an indication of a problem.	빨간 불은 문제의 표시이다.	신호/징후
insert	verb	끼우다, 삽입하다	/ɪnˈsɜːrt/	Insert the card into the machine.	카드를 기계에 넣으세요.	She inserted a new paragraph into the report.	그녀는 보고서에 새 문단을 삽입했다.	물건/문장 삽입
archaic	adjective	낡은, 구식의	/ɑːrˈkeɪɪk/	The law uses archaic language.	그 법은 구식 표현을 사용한다.	Some archaic customs still remain.	몇몇 오래된 관습이 아직 남아 있다.	옛날식
context	noun	문맥, 상황	/ˈkɑːntekst/	You need to understand the word in context.	그 단어를 문맥 속에서 이해해야 한다.	The decision makes sense in this context.	그 결정은 이 상황에서는 이해가 된다.	문맥/상황
radiator	noun	방열기, 냉각 장치	/ˈreɪdieɪtər/	The radiator keeps the engine cool.	라디에이터는 엔진을 차갑게 유지한다.	The room was warm because of the radiator.	방열기 때문에 방이 따뜻했다.	차량/난방
partition	noun	칸막이, 분할	/pɑːrˈtɪʃn/	A glass partition divided the room.	유리 칸막이가 방을 나누었다.	The hard drive has several partitions.	그 하드 드라이브에는 여러 파티션이 있다.	공간/컴퓨터
implicit	adjective	암시된, 내포된	/ɪmˈplɪsɪt/	There was an implicit agreement between them.	그들 사이에는 암묵적인 합의가 있었다.	His words carried an implicit warning.	그의 말에는 암시적인 경고가 담겨 있었다.	직접 말하지 않음
rarefy	verb	희박하게 하다, 희박해지다	/ˈrerəfaɪ/	Air rarefies at high altitudes.	높은 고도에서는 공기가 희박해진다.	The gas was rarefied in the chamber.	그 기체는 챔버 안에서 희박해졌다.	과학/물리
reciprocal	adjective	상호 간의, 서로의	/rɪˈsɪprəkl/	They have a reciprocal relationship.	그들은 상호 관계를 가지고 있다.	Respect should be reciprocal.	존중은 서로 주고받는 것이어야 한다.	서로 주고받음
reciprocal	noun	역수	/rɪˈsɪprəkl/	The reciprocal of 2 is 1/2.	2의 역수는 1/2이다.	Find the reciprocal of the fraction.	그 분수의 역수를 구해라.	수학
criteria	noun	기준들, 조건들	/kraɪˈtɪriə/	The applicants must meet several criteria.	지원자들은 여러 기준을 충족해야 한다.	What are the criteria for selection?	선발 기준은 무엇인가요?	criterion의 복수
criterion	noun	기준, 표준	/kraɪˈtɪriən/	Price is not the only criterion.	가격이 유일한 기준은 아니다.	This criterion is important for evaluation.	이 기준은 평가에 중요하다.	단수형
infinitesimal	adjective	극미한, 극소의	/ˌɪnfɪnɪˈtesɪml/	The difference is infinitesimal.	그 차이는 극히 작다.	Scientists measured an infinitesimal change.	과학자들은 극미한 변화를 측정했다.	수학/과학
proceed	verb	계속 진행하다, 나아가다	/prəˈsiːd/	Please proceed with the plan.	그 계획을 계속 진행해 주세요.	After the break, we proceeded to the next topic.	휴식 후 우리는 다음 주제로 넘어갔다.	공식적 진행
employ	verb	고용하다, 사용하다	/ɪmˈplɔɪ/	The company employs 500 workers.	그 회사는 직원 500명을 고용한다.	We employed a new method.	우리는 새로운 방법을 사용했다.	사람 고용/방법 사용
point out	phrasal verb	가리키다, 지적하다	/pɔɪnt aʊt/	She pointed out the mistake.	그녀는 그 실수를 지적했다.	He pointed out the building on the map.	그는 지도에서 그 건물을 가리켰다.	알려주다/지적하다
designate	verb	지정하다, 지명하다	/ˈdezɪɡneɪt/	This area is designated as a park.	이 지역은 공원으로 지정되어 있다.	They designated her as the team leader.	그들은 그녀를 팀장으로 지명했다.	공식 지정
intend for	phrase	~을 위해 만들다, ~을 의도하다	/ɪnˈtend fɔːr/	This book is intended for beginners.	이 책은 초보자를 위해 만들어졌다.	The room is intended for meetings.	그 방은 회의를 위해 마련되었다.	be intended for
pulsate	verb	진동하다, 맥동하다	/ˈpʌlseɪt/	The light seemed to pulsate.	그 빛은 진동하는 것처럼 보였다.	Blood vessels pulsate with each heartbeat.	혈관은 심장박동마다 맥동한다.	규칙적으로 뛰거나 떨림
saturated	adjective	포화된, 흠뻑 젖은	/ˈsætʃəreɪtɪd/	The market is saturated with similar products.	그 시장은 비슷한 제품으로 포화 상태다.	His clothes were saturated with rainwater.	그의 옷은 빗물에 흠뻑 젖었다.	포화/젖음
devise	verb	고안하다, 생각해 내다	/dɪˈvaɪz/	They devised a new strategy.	그들은 새로운 전략을 고안했다.	We need to devise a better system.	우리는 더 나은 시스템을 고안해야 한다.	plan/invent 느낌
cruise	verb	순항하다, 천천히 나아가다	/kruːz/	The ship cruised along the coast.	배는 해안을 따라 순항했다.	The car cruised down the highway.	차는 고속도로를 따라 부드럽게 달렸다.	배/차 이동
conjunction	noun	결합, 접속사	/kənˈdʒʌŋkʃn/	“And” is a conjunction.	“And”는 접속사이다.	The event was held in conjunction with the festival.	그 행사는 축제와 함께 열렸다.	문법/함께함
immerse	verb	담그다, 몰두하게 하다	/ɪˈmɜːrs/	Immerse the cloth in water.	천을 물에 담그세요.	She immersed herself in the project.	그녀는 그 프로젝트에 몰두했다.	액체/활동 몰입
vessel	noun	그릇, 용기, 선박	/ˈvesl/	The liquid was poured into a glass vessel.	그 액체는 유리 용기에 부어졌다.	The vessel sailed across the ocean.	그 선박은 바다를 건너 항해했다.	용기/배
medium	noun	매체, 수단, 매질	/ˈmiːdiəm/	Water can act as a medium for sound.	물은 소리의 매질 역할을 할 수 있다.	TV is a powerful medium of communication.	TV는 강력한 의사소통 매체이다.	복수 media/mediums
reproducible	adjective	재생 가능한, 재현할 수 있는	/ˌriːprəˈduːsəbl/	The experiment must be reproducible.	그 실험은 재현 가능해야 한다.	The results were not reproducible.	그 결과는 재현할 수 없었다.	과학 실험
extrapolate	verb	추정하다, 외삽하다	/ɪkˈstræpəleɪt/	Scientists extrapolated the future trend from the data.	과학자들은 데이터로부터 미래 추세를 추정했다.	Do not extrapolate too much from one case.	한 사례에서 너무 많이 추정하지 마라.	자료 기반 추정
condensation	noun	응결, 물방울 맺힘	/ˌkɑːndenˈseɪʃn/	Condensation formed on the window.	창문에 물방울이 맺혔다.	The experiment showed condensation of vapor.	그 실험은 증기의 응결을 보여 주었다.	기체→액체
dissociation	noun	분리, 해리	/dɪˌsoʊsiˈeɪʃn/	Dissociation occurs when molecules split apart.	분자가 분리될 때 해리가 일어난다.	The process involves the dissociation of ions.	그 과정은 이온의 해리를 포함한다.	화학/심리학
ionization	noun	이온화	/ˌaɪənəˈzeɪʃn/	Ionization creates charged particles.	이온화는 전하를 띤 입자를 만든다.	The ionization of gas occurs at high energy.	기체의 이온화는 높은 에너지에서 일어난다.	과학 용어
round	verb	반올림하다	/raʊnd/	Round the answer to two decimal places.	답을 소수 둘째 자리까지 반올림하세요.	The number was rounded to the nearest ten.	그 숫자는 가장 가까운 10 단위로 반올림되었다.	수학
coexist	verb	공존하다, 동시에 존재하다	/ˌkoʊɪɡˈzɪst/	Different cultures can coexist peacefully.	서로 다른 문화가 평화롭게 공존할 수 있다.	Old and new systems coexist in the company.	그 회사에는 낡은 시스템과 새 시스템이 함께 존재한다.	함께 존재
supersede	verb	대체하다, 대신하다	/ˌsuːpərˈsiːd/	The new rule supersedes the old one.	새 규칙은 기존 규칙을 대체한다.	Digital files have superseded paper records.	디지털 파일이 종이 기록을 대신했다.	공식적 대체
predecessor	noun	전임자, 이전 것	/ˈpredəsesər/	She learned a lot from her predecessor.	그녀는 전임자에게서 많은 것을 배웠다.	This model is faster than its predecessor.	이 모델은 이전 모델보다 빠르다.	successor의 반대
conform	verb	따르다, 순응하다	/kənˈfɔːrm/	The product must conform to safety standards.	그 제품은 안전 기준을 따라야 한다.	He refused to conform to social expectations.	그는 사회적 기대에 순응하기를 거부했다.	conform to
calibration	noun	눈금 매기기, 보정	/ˌkælɪˈbreɪʃn/	The scale requires calibration.	그 저울은 보정이 필요하다.	Calibration was performed before the test.	시험 전에 보정이 수행되었다.	측정 장비
sorption	noun	흡착과 흡수	/ˈsɔːrpʃn/	Sorption affects how chemicals move through soil.	흡착·흡수는 화학물질이 토양을 이동하는 방식에 영향을 준다.	The material has high sorption capacity.	그 물질은 높은 흡착·흡수 능력을 가지고 있다.	과학 용어
impurity	noun	불순물	/ɪmˈpjʊrəti/	The water contains impurities.	그 물에는 불순물이 들어 있다.	The filter removes impurities from the liquid.	그 필터는 액체에서 불순물을 제거한다.	물질 내 섞인 것
desorb	verb	탈착하다, 흡착된 물질을 제거하다	/diːˈsɔːrb/	The gas desorbed from the surface.	기체가 표면에서 탈착되었다.	Heating can desorb molecules from the material.	가열은 물질에서 분자를 탈착시킬 수 있다.	흡착의 반대
monochromatic	adjective	단색의, 단일 파장의	/ˌmɑːnoʊkroʊˈmætɪk/	The image is monochromatic.	그 이미지는 단색이다.	A laser produces nearly monochromatic light.	레이저는 거의 단일 파장의 빛을 낸다.	색/빛
calibrate	verb	눈금을 맞추다, 보정하다	/ˈkælɪbreɪt/	We need to calibrate the thermometer.	우리는 온도계를 보정해야 한다.	The machine was calibrated before use.	그 기계는 사용 전에 보정되었다.	기기 보정
erroneous	adjective	잘못된, 오류가 있는	/ɪˈroʊniəs/	The report contained erroneous data.	그 보고서에는 잘못된 데이터가 포함되어 있었다.	His conclusion was erroneous.	그의 결론은 잘못되었다.	공식적 표현
sustenance	noun	생명을 유지시키는 것, 영양분	/ˈsʌstənəns/	Food and water provide sustenance.	음식과 물은 생명 유지에 필요한 것을 제공한다.	The refugees lacked basic sustenance.	난민들은 기본적인 생계 수단이 부족했다.	생존 유지
ramification	noun	파급 효과, 영향	/ˌræmɪfɪˈkeɪʃn/	The decision had serious ramifications.	그 결정은 심각한 파급 효과를 가져왔다.	We must consider the legal ramifications.	우리는 법적 영향을 고려해야 한다.	보통 복수 ramifications
pave	verb	포장하다	/peɪv/	The workers paved the road.	인부들이 도로를 포장했다.	The path was paved with stones.	그 길은 돌로 포장되어 있었다.	도로 포장
check in	phrasal verb	체크인하다, 숙소에 도착을 알리다	/tʃek ɪn/	We checked in at the hotel.	우리는 호텔에 체크인했다.	Please check in two hours before your flight.	비행 2시간 전에 체크인하세요.	호텔/공항
streetcar	noun	시내전차	/ˈstriːtkɑːr/	We rode a streetcar downtown.	우리는 시내전차를 타고 도심으로 갔다.	The old streetcar still runs in the city.	그 오래된 시내전차는 아직 그 도시에서 운행된다.	미국식 표현
crust	noun	껍질, 딱딱한 표면	/krʌst/	The bread has a thick crust.	그 빵은 두꺼운 껍질이 있다.	The earth’s crust is made of rock.	지각은 암석으로 이루어져 있다.	빵/지각
viscous	adjective	점성이 있는	/ˈvɪskəs/	Honey is a viscous liquid.	꿀은 점성이 있는 액체이다.	The oil became more viscous in the cold.	그 기름은 추위에서 더 끈적해졌다.	액체의 끈적임
erode	verb	침식시키다, 부식시키다	/ɪˈroʊd/	Wind and water erode the rock.	바람과 물은 바위를 침식시킨다.	Trust can erode over time.	신뢰는 시간이 지나며 약해질 수 있다.	물리적/비유적
arch	noun	아치, 아치형 구조물	/ɑːrtʃ/	The bridge has a stone arch.	그 다리는 돌 아치가 있다.	They walked under the arch.	그들은 아치 아래를 걸었다.	건축 구조
systematically	adverb	체계적으로	/ˌsɪstəˈmætɪkli/	We reviewed the data systematically.	우리는 데이터를 체계적으로 검토했다.	She solved the problem systematically.	그녀는 그 문제를 체계적으로 해결했다.	질서 있게
aqueduct	noun	수로, 송수로	/ˈækwɪdʌkt/	The ancient aqueduct carried water to the city.	고대 수로는 도시로 물을 운반했다.	The aqueduct was built of stone.	그 수로는 돌로 지어졌다.	물 운반 구조물
semicircular	adjective	반원형의	/ˌsemiˈsɜːrkjələr/	The window has a semicircular top.	그 창문은 윗부분이 반원형이다.	They sat in a semicircular arrangement.	그들은 반원형 배열로 앉았다.	반원 모양
mason	noun	석공, 벽돌공	/ˈmeɪsn/	The mason built the stone wall.	석공이 돌담을 쌓았다.	A skilled mason repaired the arch.	숙련된 석공이 아치를 수리했다.	돌/벽돌 장인
keystone	noun	쐐기돌, 핵심	/ˈkiːstoʊn/	The keystone holds the arch together.	쐐기돌은 아치를 하나로 지탱한다.	Trust is the keystone of the relationship.	신뢰는 그 관계의 핵심이다.	건축/비유
impost	noun	아치 받침돌	/ˈɪmpoʊst/	The arch rests on the impost.	아치는 아치 받침돌 위에 놓여 있다.	The mason repaired the damaged impost.	석공은 손상된 아치 받침돌을 수리했다.	건축 용어
speciation	noun	종분화	/ˌspiːʃiˈeɪʃn/	Speciation can occur over long periods.	종분화는 긴 시간에 걸쳐 일어날 수 있다.	Isolation may lead to speciation.	고립은 종분화로 이어질 수 있다.	생물학
apocalypse	noun	세계의 종말, 대재앙	/əˈpɑːkəlɪps/	The movie is about a zombie apocalypse.	그 영화는 좀비 대재앙에 관한 것이다.	Some feared an environmental apocalypse.	일부 사람들은 환경적 대재앙을 두려워했다.	종말/대재앙
hold up	phrasal verb	떠받치다, 지연시키다	/hoʊld ʌp/	The pillars hold up the roof.	기둥들이 지붕을 떠받친다.	Traffic held us up for an hour.	교통 체증이 우리를 한 시간 지연시켰다.	지탱/지연
scavenge	verb	뒤지다, 찾아 모으다	/ˈskævɪndʒ/	The birds scavenged for food.	새들은 먹이를 찾아 뒤졌다.	They scavenged parts from old machines.	그들은 오래된 기계에서 부품을 찾아 모았다.	먹을 것/쓸 것 찾기
catapult	noun	투석기	/ˈkætəpʌlt/	The army used a catapult in the siege.	군대는 포위전에서 투석기를 사용했다.	The model catapult launched a small stone.	모형 투석기가 작은 돌을 날렸다.	고대 무기
catapult	verb	갑자기 밀어 올리다, 내던지다	/ˈkætəpʌlt/	The win catapulted her to fame.	그 승리는 그녀를 갑자기 유명하게 만들었다.	The force catapulted the object forward.	그 힘은 물체를 앞으로 내던졌다.	급격한 상승/발사
moat	noun	해자, 성 둘레의 물	/moʊt/	The castle was surrounded by a moat.	그 성은 해자로 둘러싸여 있었다.	The moat protected the castle.	해자는 성을 보호했다.	성 주변 물길
horde	noun	무리, 떼	/hɔːrd/	A horde of fans waited outside.	팬들의 무리가 밖에서 기다렸다.	The village was attacked by a horde of invaders.	마을은 침략자 무리에게 공격받았다.	큰 무리
eerily	adverb	으스스하게, 기묘하게	/ˈɪrəli/	The house was eerily quiet.	그 집은 으스스할 정도로 조용했다.	The streets were eerily empty.	거리는 기묘할 정도로 텅 비어 있었다.	불길한 분위기
gargantuan	adjective	엄청난, 거대한	/ɡɑːrˈɡæntʃuən/	The project required a gargantuan effort.	그 프로젝트에는 엄청난 노력이 필요했다.	A gargantuan statue stood in the square.	거대한 조각상이 광장에 서 있었다.	매우 큰
menace	noun	위협적인 존재, 골칫거리	/ˈmenəs/	The storm was a menace to the town.	그 폭풍은 마을에 위협이 되었다.	He is a menace on the road.	그는 도로에서 위험한 존재다.	위협/성가신 사람
menace	verb	위협하다	/ˈmenəs/	The dark clouds menaced the village.	검은 구름이 마을을 위협했다.	Crime menaced the neighborhood.	범죄가 그 동네를 위협했다.	문어적 느낌
whichever	determiner	어느 쪽이든, 어떤 것이든	/wɪtʃˈevər/	Choose whichever book you like.	네가 좋아하는 책 어느 것이든 골라라.	Take whichever seat is free.	빈자리 아무 데나 앉아라.	선택 표현
whichever	pronoun	어느 것이든	/wɪtʃˈevər/	Whichever you choose, I will support you.	네가 어느 것을 선택하든 나는 너를 지지할 것이다.	Use whichever is easier.	더 쉬운 것을 사용해라.	대명사
slay	verb	죽이다, 살해하다	/sleɪ/	The knight slew the dragon.	기사는 용을 죽였다.	The warrior was slain in battle.	그 전사는 전투에서 살해되었다.	문학적 표현, slay-slew-slain
follow-up	noun	후속 조치	/ˈfɑːloʊ ʌp/	We need a follow-up meeting next week.	우리는 다음 주에 후속 회의가 필요하다.	The doctor scheduled a follow-up visit.	의사는 후속 진료 일정을 잡았다.	명사/형용사로 쓸 때는 follow-up
follow up	phrasal verb	후속 조치를 하다	/ˈfɑːloʊ ʌp/	I will follow up with you tomorrow.	내일 다시 연락드리겠습니다.	Please follow up on this issue.	이 문제에 대해 후속 조치를 해 주세요.	동사일 때는 띄어 씀
top-notch	adjective	최고급의, 최고의	/ˌtɑːp ˈnɑːtʃ/	The hotel provides top-notch service.	그 호텔은 최고급 서비스를 제공한다.	She is a top-notch engineer.	그녀는 최고의 엔지니어이다.	비격식 칭찬 표현
contemporary	adjective	현대의, 당대의	/kənˈtempəreri/	Contemporary art can be difficult to understand.	현대 미술은 이해하기 어려울 수 있다.	The building has a contemporary design.	그 건물은 현대적인 디자인을 가지고 있다.	현대적
contemporary	noun	동시대 사람	/kənˈtempəreri/	He was a contemporary of Shakespeare.	그는 셰익스피어와 동시대 사람이었다.	Her contemporaries admired her work.	그녀와 동시대 사람들은 그녀의 작품을 높이 평가했다.	명사로도 사용
dispense	verb	나누어 주다, 제공하다	/dɪˈspens/	The machine dispenses tickets.	그 기계는 표를 발급한다.	The pharmacist dispensed the medicine.	약사가 약을 조제해 주었다.	물건/약을 나누어 줌
dispense with	phrasal verb	~없이 지내다, ~을 생략하다	/dɪˈspens wɪð/	We can dispense with formalities.	우리는 형식을 생략할 수 있다.	The new system dispenses with paper forms.	새 시스템은 종이 양식을 없앤다.	~을 필요 없게 만들다
hold off	phrasal verb	시작하지 않다, 미루다	/hoʊld ɔːf/	Let’s hold off on the decision until tomorrow.	결정은 내일까지 미루자.	The rain held off until the game ended.	비는 경기가 끝날 때까지 내리지 않았다.	미루다/버티다
voucher	noun	상품권, 할인권, 증서	/ˈvaʊtʃər/	I used a voucher to buy the meal.	나는 식사를 사는 데 상품권을 사용했다.	The company gave employees travel vouchers.	회사는 직원들에게 여행 상품권을 주었다.	쿠폰/증서
realtor	noun	부동산 중개인	/ˈriːəltər/	We contacted a realtor to find a house.	우리는 집을 찾기 위해 부동산 중개인에게 연락했다.	The realtor showed us three apartments.	부동산 중개인이 우리에게 아파트 세 곳을 보여 주었다.	미국식 표현
appliance	noun	가전제품	/əˈplaɪəns/	The store sells kitchen appliances.	그 가게는 주방 가전제품을 판다.	This appliance uses less energy.	이 가전제품은 에너지를 덜 사용한다.	냉장고/세탁기 등
around the corner	phrase	길모퉁이에, 곧 다가오는	/əˈraʊnd ðə ˈkɔːrnər/	The café is around the corner.	그 카페는 길모퉁이를 돌면 있다.	The exam is just around the corner.	시험이 곧 다가온다.	장소/시간 모두 가능
weekday	noun	평일	/ˈwiːkdeɪ/	The museum is closed on weekdays.	그 박물관은 평일에 문을 닫는다.	I usually exercise on weekdays.	나는 보통 평일에 운동한다.	월~금
initiative	noun	계획, 주도권	/ɪˈnɪʃətɪv/	The city launched a new recycling initiative.	그 도시는 새로운 재활용 계획을 시작했다.	She took the initiative in the project.	그녀는 그 프로젝트에서 주도권을 잡았다.	계획/주도성
subsidize	verb	보조금을 주다	/ˈsʌbsɪdaɪz/	The government subsidizes public transportation.	정부는 대중교통에 보조금을 지급한다.	The company subsidized employee meals.	그 회사는 직원 식사에 보조금을 지원했다.	돈으로 지원
at the latest	phrase	늦어도	/æt ðə ˈleɪtɪst/	Please reply by Friday at the latest.	늦어도 금요일까지 답장해 주세요.	The package should arrive tomorrow at the latest.	그 소포는 늦어도 내일 도착할 것이다.	마감 표현
rebate	noun	환급, 환불	/ˈriːbeɪt/	Customers can receive a rebate after purchase.	고객들은 구매 후 환급을 받을 수 있다.	The company offered a rebate on the new product.	회사는 신제품에 대해 환급 혜택을 제공했다.	구매 후 돌려받는 돈
precipitation	noun	강수, 강수량	/prɪˌsɪpɪˈteɪʃn/	The forecast predicts heavy precipitation.	예보는 많은 강수를 예측한다.	Annual precipitation is low in this region.	이 지역의 연간 강수량은 적다.	비/눈 포함
soap	noun	비누	/soʊp/	Wash your hands with soap.	비누로 손을 씻어라.	The hotel provides soap and towels.	그 호텔은 비누와 수건을 제공한다.	생활용품
utility	noun	유용성, 공공요금, 공익사업	/juːˈtɪləti/	The tool has limited utility.	그 도구는 유용성이 제한적이다.	We pay utilities every month.	우리는 매달 공공요금을 낸다.	유용성/전기·수도 요금
partner	noun	협력업체, 동료, 파트너	/ˈpɑːrtnər/	The company works with a local partner.	그 회사는 지역 협력업체와 일한다.	She is my business partner.	그녀는 나의 사업 파트너이다.	사업/관계
serve	verb	~에 알맞다, 도움이 되다	/sɜːrv/	This room serves as an office.	이 방은 사무실로 쓰인다.	The rule serves an important purpose.	그 규칙은 중요한 목적에 도움이 된다.	serve as / serve a purpose
municipal	adjective	지방 자치제의, 시의	/mjuːˈnɪsɪpl/	The municipal government built a new library.	시 정부는 새 도서관을 지었다.	Municipal services include water and waste collection.	지방 자치 서비스에는 수도와 쓰레기 수거가 포함된다.	시/지방 정부
filtration	noun	여과	/fɪlˈtreɪʃn/	The water goes through filtration.	물은 여과 과정을 거친다.	Filtration removes impurities from the liquid.	여과는 액체에서 불순물을 제거한다.	필터링
affiliate	verb	가입시키다, 제휴시키다	/əˈfɪlieɪt/	The group is affiliated with a university.	그 단체는 한 대학과 제휴되어 있다.	They decided to affiliate with a larger organization.	그들은 더 큰 조직과 제휴하기로 했다.	be affiliated with
compile	verb	엮다, 편집하다, 편찬하다	/kəmˈpaɪl/	She compiled a list of useful words.	그녀는 유용한 단어 목록을 편집했다.	The report was compiled from several sources.	그 보고서는 여러 자료를 모아 작성되었다.	자료를 모아 만듦
quote	noun	견적, 인용문	/kwoʊt/	We asked for a quote from the contractor.	우리는 계약업자에게 견적을 요청했다.	The article begins with a famous quote.	그 기사는 유명한 인용문으로 시작한다.	견적/인용
quote	verb	인용하다, 견적을 내다	/kwoʊt/	She quoted a line from the book.	그녀는 그 책의 한 구절을 인용했다.	The company quoted us a high price.	그 회사는 우리에게 높은 가격을 견적냈다.	동사
authentic	adjective	진짜의, 정통의	/ɔːˈθentɪk/	This is authentic Italian food.	이것은 정통 이탈리아 음식이다.	The museum displayed authentic documents.	박물관은 진짜 문서들을 전시했다.	가짜가 아님
souvenir	noun	기념품	/ˌsuːvəˈnɪr/	I bought a souvenir from the museum.	나는 박물관에서 기념품을 샀다.	The shop sells local souvenirs.	그 가게는 지역 기념품을 판다.	여행 기념품
plant-based	adjective	식물성의	/plænt beɪst/	She prefers plant-based milk.	그녀는 식물성 우유를 선호한다.	The restaurant offers plant-based meals.	그 식당은 식물성 식사를 제공한다.	음식/제품
dye	noun	염료	/daɪ/	The fabric was colored with natural dye.	그 천은 천연 염료로 물들여졌다.	Red dye was added to the liquid.	그 액체에 빨간 염료가 첨가되었다.	색을 내는 물질
dye	verb	염색하다	/daɪ/	She dyed her hair black.	그녀는 머리를 검게 염색했다.	The cloth was dyed blue.	그 천은 파란색으로 염색되었다.	색을 입힘
rooftop	noun	옥상	/ˈruːftɑːp/	They had dinner on the rooftop.	그들은 옥상에서 저녁을 먹었다.	The hotel has a rooftop garden.	그 호텔에는 옥상 정원이 있다.	건물 위
in the much earlier days	phrase	아주 초기에는, 훨씬 이전에는	/ɪn ðə mʌtʃ ˈɜːrliər deɪz/	In the much earlier days, people traveled by horse.	훨씬 이전에는 사람들이 말을 타고 이동했다.	In the much earlier days of computing, memory was expensive.	컴퓨터 초창기에는 메모리가 비쌌다.	조금 어색하고 “in earlier days”가 더 자연스러움
cite	verb	인용하다, 언급하다	/saɪt/	The report cites several studies.	그 보고서는 여러 연구를 인용한다.	He cited safety as the main reason.	그는 안전을 주된 이유로 언급했다.	자료/이유 제시
venue	noun	장소, 회합 장소	/ˈvenjuː/	The venue for the concert has changed.	콘서트 장소가 바뀌었다.	The wedding venue was beautiful.	결혼식장은 아름다웠다.	행사 장소
secure	verb	확보하다, 획득하다	/sɪˈkjʊr/	We secured a room for the meeting.	우리는 회의실을 확보했다.	The team secured funding for the project.	그 팀은 프로젝트 자금을 확보했다.	자원/장소 확보
secure	adjective	안전한	/sɪˈkjʊr/	The building is secure at night.	그 건물은 밤에 안전하다.	Use a secure password.	안전한 비밀번호를 사용하세요.	안전한
downtown	noun	시내, 도심	/ˌdaʊnˈtaʊn/	We went downtown for lunch.	우리는 점심을 먹으러 시내에 갔다.	The office is located downtown.	그 사무실은 도심에 있다.	도시 중심부
establish	verb	확립하다, 설립하다	/ɪˈstæblɪʃ/	The company was established in 1998.	그 회사는 1998년에 설립되었다.	They established a new rule.	그들은 새 규칙을 확립했다.	설립/확립
flat fee	noun phrase	고정 수수료, 정액 요금	/flæt fiː/	The service charges a flat fee.	그 서비스는 고정 수수료를 부과한다.	You pay a flat fee of ten dollars.	당신은 10달러의 정액 요금을 낸다.	금액이 고정됨
resignation	noun	사임, 사직서	/ˌrezɪɡˈneɪʃn/	He submitted his resignation.	그는 사직서를 제출했다.	Her resignation surprised everyone.	그녀의 사임은 모두를 놀라게 했다.	resign의 명사
qualification	noun	능력, 자격	/ˌkwɑːlɪfɪˈkeɪʃn/	She has the qualifications for the job.	그녀는 그 일에 필요한 자격을 갖추고 있다.	A teaching qualification is required.	교사 자격이 요구된다.	자격 조건
push forward	phrasal verb	계속 나아가다, 추진하다	/pʊʃ ˈfɔːrwərd/	The team pushed forward despite the problem.	그 팀은 문제에도 불구하고 계속 나아갔다.	We pushed forward with the plan.	우리는 그 계획을 계속 추진했다.	진행/추진
shift	noun	근무조, 변화	/ʃɪft/	She works the night shift.	그녀는 야간 근무조에서 일한다.	There was a shift in public opinion.	여론에 변화가 있었다.	근무/변화
sourcing	noun	대외 구매, 조달	/ˈsɔːrsɪŋ/	The company improved its sourcing process.	그 회사는 조달 과정을 개선했다.	Global sourcing can reduce costs.	해외 조달은 비용을 줄일 수 있다.	물품 공급처 확보
tidy	adjective	깔끔한, 잘 정돈된	/ˈtaɪdi/	Her desk is always tidy.	그녀의 책상은 항상 깔끔하다.	Keep the room tidy.	방을 깔끔하게 유지해라.	정돈된
tidy	verb	정리하다	/ˈtaɪdi/	I need to tidy my room.	나는 방을 정리해야 한다.	She tidied the kitchen after dinner.	그녀는 저녁 식사 후 부엌을 정리했다.	tidy up도 자주 사용
redeem	verb	만회하다, 보상하다, 교환하다	/rɪˈdiːm/	He tried to redeem his mistake.	그는 자신의 실수를 만회하려 했다.	You can redeem this coupon online.	이 쿠폰은 온라인에서 사용할 수 있다.	명예 회복/쿠폰 사용
halt	verb	멈추다, 중단하다	/hɔːlt/	The police halted the traffic.	경찰은 교통을 멈췄다.	Production was halted for a week.	생산이 일주일 동안 중단되었다.	stop보다 공식적
halt	noun	중단, 멈춤	/hɔːlt/	The project came to a halt.	그 프로젝트는 중단되었다.	The train came to a sudden halt.	기차가 갑자기 멈췄다.	come to a halt
momentarily	adverb	잠깐, 곧	/ˌmoʊmənˈterəli/	Please wait momentarily.	잠시 기다려 주세요.	The lights went out momentarily.	불이 잠깐 꺼졌다.	짧은 시간
audiovisual	adjective	시청각의	/ˌɔːdioʊˈvɪʒuəl/	The room has audiovisual equipment.	그 방에는 시청각 장비가 있다.	We prepared audiovisual materials for the class.	우리는 수업을 위해 시청각 자료를 준비했다.	소리+영상
cater	verb	음식을 공급하다, 요구를 충족시키다	/ˈkeɪtər/	The restaurant catered the event.	그 식당은 그 행사에 음식을 공급했다.	The course caters to beginners.	그 강좌는 초보자를 대상으로 한다.	cater to
van	noun	밴, 승합차	/væn/	We rented a van for the trip.	우리는 여행을 위해 밴을 빌렸다.	The delivery van arrived early.	배송 밴이 일찍 도착했다.	차량
layout	noun	배치, 배열	/ˈleɪaʊt/	The layout of the room is simple.	그 방의 배치는 단순하다.	We changed the layout of the website.	우리는 웹사이트의 배치를 바꾸었다.	공간/화면 배치
proof of residency	noun phrase	거주 증명서	/pruːf əv ˈrezɪdənsi/	You need proof of residency to apply.	신청하려면 거주 증명이 필요하다.	A utility bill can be used as proof of residency.	공공요금 고지서는 거주 증명으로 사용할 수 있다.	서류 표현
refurbish	verb	새로 꾸미다, 개조하다	/ˌriːˈfɜːrbɪʃ/	The hotel refurbished its rooms.	그 호텔은 객실을 새로 꾸몄다.	They sell refurbished laptops.	그들은 리퍼 노트북을 판다.	수리 후 새것처럼 만듦
booth	noun	칸막이된 자리, 부스	/buːθ/	We visited the company’s booth.	우리는 그 회사의 부스를 방문했다.	They sat in a corner booth.	그들은 구석 칸막이 좌석에 앉았다.	전시장/식당 좌석
credit	noun	학점, 신용, 공로	/ˈkredɪt/	She earned three credits this semester.	그녀는 이번 학기에 3학점을 땄다.	He deserves credit for the success.	그는 그 성공에 대한 공로를 인정받을 만하다.	학점/공로/신용
welfare	noun	복지, 안녕	/ˈwelfer/	The government increased welfare spending.	정부는 복지 지출을 늘렸다.	Parents care about the welfare of their children.	부모는 자녀의 안녕을 걱정한다.	복지/행복
unveil	verb	발표하다, 공개하다	/ʌnˈveɪl/	The company unveiled a new phone.	그 회사는 새 휴대폰을 공개했다.	The artist unveiled the statue.	그 예술가는 조각상을 공개했다.	처음 공개
release	verb	출시하다, 발표하다, 풀어주다	/rɪˈliːs/	The band released a new album.	그 밴드는 새 앨범을 출시했다.	The police released the suspect.	경찰은 용의자를 풀어주었다.	출시/석방
redo	verb	다시 하다	/ˌriːˈduː/	I had to redo the assignment.	나는 과제를 다시 해야 했다.	They redid the kitchen last year.	그들은 작년에 부엌을 다시 꾸몄다.	do again
put on hold	phrase	~을 보류하다	/pʊt ɑːn hoʊld/	The project was put on hold.	그 프로젝트는 보류되었다.	Can you put this request on hold?	이 요청을 보류해 줄 수 있나요?	업무/전화 보류
venture	noun	모험, 사업	/ˈventʃər/	The new venture was risky.	그 새 사업은 위험했다.	They started a joint venture.	그들은 합작 사업을 시작했다.	위험이 있는 사업
venture	verb	과감히 가다, 조심스럽게 말하다	/ˈventʃər/	Few people ventured into the forest.	소수의 사람들만 숲으로 들어갔다.	May I venture a suggestion?	제가 조심스럽게 제안을 해도 될까요?	위험 감수
recruiter	noun	모집자, 채용 담당자	/rɪˈkruːtər/	The recruiter called me for an interview.	채용 담당자가 면접을 위해 나에게 전화했다.	A military recruiter visited the school.	군 모집 담당자가 학교를 방문했다.	채용/모집
overshadow	verb	가리다, 빛을 잃게 하다	/ˌoʊvərˈʃædoʊ/	His mistake overshadowed his success.	그의 실수는 그의 성공을 빛바래게 했다.	The scandal overshadowed the event.	그 스캔들이 그 행사를 가렸다.	더 큰 것이 덮어버림
dismal	adjective	음울한, 형편없는	/ˈdɪzməl/	The weather was dismal all day.	날씨가 하루 종일 음울했다.	The team had a dismal season.	그 팀은 형편없는 시즌을 보냈다.	분위기/결과가 나쁨
within	preposition	~이내에, ~내부에서	/wɪˈðɪn/	Please reply within three days.	3일 이내에 답장해 주세요.	The answer lies within the text.	답은 글 안에 있다.	시간/범위
reputable	adjective	평판이 좋은	/ˈrepjətəbl/	Choose a reputable company.	평판이 좋은 회사를 선택하세요.	She works for a reputable law firm.	그녀는 평판 좋은 로펌에서 일한다.	신뢰할 만한
owing to	phrase	~때문에	/ˈoʊɪŋ tuː/	The event was canceled owing to rain.	그 행사는 비 때문에 취소되었다.	Owing to illness, he could not attend.	질병 때문에 그는 참석할 수 없었다.	due to와 비슷
janitor	noun	관리인, 청소원	/ˈdʒænɪtər/	The janitor cleaned the hallway.	관리인이 복도를 청소했다.	Ask the janitor for the key.	관리인에게 열쇠를 요청하세요.	건물 관리/청소
brew	verb	양조하다, 끓이다	/bruː/	They brew beer at the factory.	그들은 공장에서 맥주를 양조한다.	She brewed a pot of coffee.	그녀는 커피 한 주전자를 끓였다.	술/차/커피
brew	noun	양조 음료, 끓인 음료	/bruː/	This brew has a strong flavor.	이 양조 음료는 맛이 강하다.	He offered me a hot brew.	그는 나에게 따뜻한 음료를 권했다.	비격식
rack	noun	받침대, 선반	/ræk/	Put the bags on the rack.	가방을 선반에 올려놓으세요.	The bike rack is near the entrance.	자전거 거치대는 입구 근처에 있다.	물건을 올리는 구조물
issue	noun	간행물, 호, 문제	/ˈɪʃuː/	The latest issue of the magazine is out.	그 잡지의 최신호가 나왔다.	We need to discuss this issue.	우리는 이 문제를 논의해야 한다.	잡지 호/문제
issue	verb	발행하다, 발표하다	/ˈɪʃuː/	The office issued a new statement.	그 사무실은 새 성명을 발표했다.	The bank issued a new card.	은행은 새 카드를 발급했다.	공식 발행
subject	noun	대상, 주제, 과목	/ˈsʌbdʒekt/	The subject of the study was memory.	그 연구의 대상은 기억이었다.	English is my favorite subject.	영어는 내가 가장 좋아하는 과목이다.	대상/주제
coverage	noun	보도, 보장 범위	/ˈkʌvərɪdʒ/	The event received wide media coverage.	그 행사는 광범위한 언론 보도를 받았다.	The insurance coverage is limited.	보험 보장 범위는 제한적이다.	뉴스/보험
carry out	phrasal verb	이행하다, 수행하다	/ˈkæri aʊt/	The team carried out the plan.	그 팀은 계획을 수행했다.	They carried out an investigation.	그들은 조사를 수행했다.	계획/조사 실행
showcase	noun	공개 행사, 진열장	/ˈʃoʊkeɪs/	The event was a showcase for new talent.	그 행사는 새로운 재능을 보여 주는 공개 행사였다.	The jewelry was displayed in a showcase.	보석은 진열장에 전시되었다.	전시/소개
showcase	verb	선보이다	/ˈʃoʊkeɪs/	The festival showcases local artists.	그 축제는 지역 예술가들을 선보인다.	The website showcases our products.	그 웹사이트는 우리 제품을 소개한다.	장점을 보여줌
featured	adjective	출연한, 특집으로 다룬	/ˈfiːtʃərd/	The featured speaker was a famous scientist.	특별 연사는 유명한 과학자였다.	The article featured local restaurants.	그 기사는 지역 식당들을 특집으로 다뤘다.	눈에 띄게 소개됨
television crew	noun phrase	방송 촬영팀	/ˈtelɪvɪʒn kruː/	A television crew arrived at the scene.	방송 촬영팀이 현장에 도착했다.	The television crew filmed the interview.	방송 촬영팀은 인터뷰를 촬영했다.	TV 제작팀
solely	adverb	오직, 단독으로	/ˈsoʊlli/	This room is used solely for meetings.	이 방은 오직 회의용으로만 사용된다.	She is solely responsible for the decision.	그녀는 그 결정에 단독으로 책임이 있다.	only보다 공식적
turnaround	noun	전환, 작업 처리 시간	/ˈtɜːrnəraʊnd/	The company made a quick turnaround.	그 회사는 빠르게 회복했다.	The turnaround time is two days.	작업 처리 시간은 이틀이다.	회복/처리 시간
personnel	noun	인원, 직원들	/ˌpɜːrsəˈnel/	All personnel must wear ID cards.	모든 직원은 신분증을 착용해야 한다.	The company hired additional personnel.	그 회사는 추가 인원을 고용했다.	집합명사
representative	noun	대표자	/ˌreprɪˈzentətɪv/	A company representative will contact you.	회사 대표자가 당신에게 연락할 것입니다.	She is our sales representative.	그녀는 우리의 영업 대표자이다.	대리인/대표
oversee	verb	감독하다	/ˌoʊvərˈsiː/	She oversees the entire project.	그녀는 전체 프로젝트를 감독한다.	The manager oversees daily operations.	관리자는 일상 운영을 감독한다.	관리·감독
refurbish	verb	새로 꾸미다, 개조하다	/ˌriːˈfɜːrbɪʃ/	The company refurbished the old office.	그 회사는 오래된 사무실을 새로 꾸몄다.	They sell refurbished phones.	그들은 리퍼 휴대폰을 판다.	수리 후 새것처럼
consultation	noun	회담, 상담	/ˌkɑːnsəlˈteɪʃn/	The doctor offers free consultation.	그 의사는 무료 상담을 제공한다.	The decision was made after consultation with experts.	그 결정은 전문가들과의 협의 후 내려졌다.	상담/협의
exceptional	adjective	특출한, 우수한	/ɪkˈsepʃənl/	She has exceptional talent.	그녀는 특출한 재능이 있다.	The service was exceptional.	서비스는 매우 훌륭했다.	보통보다 훨씬 좋음
rafting	noun	래프팅	/ˈræftɪŋ/	We went rafting on the river.	우리는 강에서 래프팅을 했다.	Rafting can be dangerous without a guide.	가이드 없이 래프팅은 위험할 수 있다.	고무보트 놀이
spacious	adjective	넓은, 널찍한	/ˈspeɪʃəs/	The apartment is spacious.	그 아파트는 넓다.	The restaurant has a spacious dining area.	그 식당은 넓은 식사 공간을 가지고 있다.	공간이 넓음
upscale	adjective	상류층 대상의, 고급의	/ˌʌpˈskeɪl/	They opened an upscale restaurant.	그들은 고급 식당을 열었다.	The hotel is in an upscale neighborhood.	그 호텔은 고급 주거 지역에 있다.	고급 시장
post	noun	게시물, 직책	/poʊst/	She wrote a post about her trip.	그녀는 여행에 관한 게시물을 썼다.	He accepted a post at the university.	그는 대학의 직책을 수락했다.	게시물/직책
post	verb	게시하다, 발송하다	/poʊst/	He posted the notice online.	그는 그 공지를 온라인에 게시했다.	The letter was posted yesterday.	그 편지는 어제 발송되었다.	게시/우편
suite	noun	스위트룸, 한 벌	/swiːt/	They booked a hotel suite.	그들은 호텔 스위트룸을 예약했다.	The software suite includes several programs.	그 소프트웨어 모음에는 여러 프로그램이 포함된다.	방/묶음
limousine	noun	리무진	/ˈlɪməziːn/	The guests arrived in a limousine.	손님들은 리무진을 타고 도착했다.	The hotel offers limousine service.	그 호텔은 리무진 서비스를 제공한다.	고급 차량
much to my delight	phrase	아주 기쁘게도	/mʌtʃ tuː maɪ dɪˈlaɪt/	Much to my delight, I passed the exam.	아주 기쁘게도 나는 시험에 합격했다.	Much to my delight, she agreed to help.	아주 기쁘게도 그녀는 돕기로 동의했다.	문장 앞 표현
upon	preposition	~하자마자, ~위에	/əˈpɑːn/	Upon arrival, please check in.	도착하자마자 체크인해 주세요.	The book lay upon the table.	그 책은 테이블 위에 놓여 있었다.	on보다 공식적
only to	phrase	그러나 결국 ~하다	/ˈoʊnli tuː/	He hurried to the station only to miss the train.	그는 역으로 서둘렀지만 결국 기차를 놓쳤다.	She opened the box only to find it empty.	그녀는 상자를 열었지만 결국 비어 있는 것을 발견했다.	뜻밖의 결과
on the whole	phrase	대체로, 전반적으로	/ɑːn ðə hoʊl/	On the whole, the plan worked well.	대체로 그 계획은 잘 작동했다.	The movie was good on the whole.	그 영화는 전반적으로 좋았다.	전체적으로 판단
recreational	adjective	오락의, 여가 활동의	/ˌrekriˈeɪʃənl/	The park has recreational facilities.	그 공원에는 여가 시설이 있다.	Swimming is a popular recreational activity.	수영은 인기 있는 여가 활동이다.	여가 관련
disclose	verb	밝히다, 드러내다	/dɪsˈkloʊz/	The company disclosed its financial results.	그 회사는 재무 결과를 공개했다.	He refused to disclose the details.	그는 세부 사항을 밝히기를 거부했다.	숨긴 정보 공개
take over	phrasal verb	인수하다, 장악하다	/teɪk ˈoʊvər/	The company took over its rival.	그 회사는 경쟁사를 인수했다.	She took over the project.	그녀는 그 프로젝트를 맡았다.	회사/업무 인수
up to this point	phrase	이때까지, 지금까지	/ʌp tuː ðɪs pɔɪnt/	Up to this point, everything has gone well.	지금까지는 모든 것이 잘 진행되었다.	We had no problems up to this point.	이때까지 우리는 문제가 없었다.	현재 지점까지
plumbing	noun	배관 작업, 배관 설비	/ˈplʌmɪŋ/	The house needs new plumbing.	그 집은 새 배관 설비가 필요하다.	He works in plumbing.	그는 배관 일을 한다.	b는 묵음
quote	noun	견적, 인용문	/kwoʊt/	The plumber gave us a quote.	배관공이 우리에게 견적을 내주었다.	I wrote down a famous quote.	나는 유명한 인용문을 적었다.	견적/인용
state-of-the-art	adjective	최신의, 최첨단의	/ˌsteɪt əv ði ˈɑːrt/	The hospital uses state-of-the-art equipment.	그 병원은 최첨단 장비를 사용한다.	This is a state-of-the-art system.	이것은 최신식 시스템이다.	기술적으로 최신
trustworthy	adjective	신뢰할 수 있는	/ˈtrʌstwɜːrði/	She is a trustworthy friend.	그녀는 믿을 수 있는 친구이다.	Use information from trustworthy sources.	신뢰할 수 있는 출처의 정보를 사용해라.	reliable과 비슷
excerpt	noun	발췌, 인용문	/ˈeksɜːrpt/	The article includes an excerpt from the book.	그 기사는 그 책에서 발췌한 부분을 포함한다.	We read a short excerpt in class.	우리는 수업에서 짧은 발췌문을 읽었다.	일부를 뽑은 글
cutting-edge	adjective	최신의, 첨단의	/ˌkʌtɪŋ ˈedʒ/	The company develops cutting-edge technology.	그 회사는 첨단 기술을 개발한다.	She works in cutting-edge research.	그녀는 최첨단 연구 분야에서 일한다.	최신 기술
make use of	phrase	~을 이용하다, 활용하다	/meɪk juːs əv/	We should make use of this opportunity.	우리는 이 기회를 활용해야 한다.	The app makes use of GPS data.	그 앱은 GPS 데이터를 이용한다.	use보다 공식적
tax audit	noun phrase	세무 감사	/tæks ˈɔːdɪt/	The company faced a tax audit.	그 회사는 세무 감사를 받았다.	Keep receipts in case of a tax audit.	세무 감사에 대비해 영수증을 보관하세요.	세금 검사
headwear	noun	모자류	/ˈhedwer/	The store sells shoes and headwear.	그 가게는 신발과 모자류를 판다.	Protective headwear is required.	보호용 머리 장비가 필요하다.	머리에 쓰는 것
serve	verb	도움이 되다, 역할을 하다	/sɜːrv/	The tool serves a useful purpose.	그 도구는 유용한 목적에 도움이 된다.	This room serves as a classroom.	이 방은 교실 역할을 한다.	serve as / serve a purpose
intended	adjective	의도된, 대상으로 삼은	/ɪnˈtendɪd/	The intended audience is beginners.	의도된 대상 독자는 초보자이다.	The message did not reach its intended recipient.	그 메시지는 의도된 수신자에게 도달하지 못했다.	목표 대상
consult	verb	참고하다, 상담하다	/kənˈsʌlt/	Consult your doctor before taking the medicine.	그 약을 복용하기 전에 의사와 상담하세요.	You should consult the manual.	설명서를 참고해야 한다.	사람/자료
come up with	phrasal verb	생각해 내다, 제시하다	/kʌm ʌp wɪð/	She came up with a great idea.	그녀는 훌륭한 아이디어를 생각해 냈다.	We need to come up with a solution.	우리는 해결책을 생각해 내야 한다.	아이디어/해결책
in terms of	phrase	~면에서, ~에 관해서는	/ɪn tɜːrmz əv/	In terms of price, this is the best option.	가격 면에서는 이것이 최고의 선택이다.	The city is growing in terms of population.	그 도시는 인구 면에서 성장하고 있다.	관점 제시
be followed by	phrase	~뒤이어 오다	/bi ˈfɑːloʊd baɪ/	The lecture was followed by a discussion.	강연 뒤에 토론이 이어졌다.	Dinner will be followed by dessert.	저녁 식사 뒤에 디저트가 나온다.	순서 표현
draw	noun	추첨, 매력	/drɔː/	The winner was chosen by a draw.	우승자는 추첨으로 정해졌다.	The city’s biggest draw is its food.	그 도시의 가장 큰 매력은 음식이다.	추첨/끌어당기는 요소
nominate	verb	임명하다, 지명하다	/ˈnɑːmɪneɪt/	They nominated her for the award.	그들은 그녀를 그 상 후보로 지명했다.	He was nominated as director.	그는 이사로 지명되었다.	후보/직책 지명
feature	noun	특별한 요소, 특징	/ˈfiːtʃər/	The phone has many useful features.	그 휴대폰에는 유용한 기능이 많다.	The hotel’s best feature is its view.	그 호텔의 최고의 특징은 전망이다.	특징/기능
feature	verb	특징으로 삼다, 포함하다	/ˈfiːtʃər/	The magazine features local artists.	그 잡지는 지역 예술가들을 특집으로 다룬다.	The room features a large window.	그 방은 큰 창문을 특징으로 한다.	특집/포함
from around the state	phrase	주 전역에서	/frʌm əˈraʊnd ðə steɪt/	People came from around the state.	사람들이 주 전역에서 왔다.	Students from around the state joined the contest.	주 전역의 학생들이 대회에 참가했다.	미국 주 단위 표현
banquet	noun	연회, 만찬	/ˈbæŋkwɪt/	The banquet was held in the hotel.	연회는 호텔에서 열렸다.	They prepared a banquet for the guests.	그들은 손님들을 위해 만찬을 준비했다.	공식 식사 행사
invitee	noun	초대받은 사람	/ˌɪnvaɪˈtiː/	Each invitee received a name tag.	각 초대받은 사람은 이름표를 받았다.	The invitees arrived before noon.	초대받은 사람들이 정오 전에 도착했다.	invite 받은 사람
official	noun	공무원, 관계자	/əˈfɪʃl/	A city official answered questions.	시 관계자가 질문에 답했다.	Government officials attended the event.	정부 관계자들이 그 행사에 참석했다.	직책자
prominent	adjective	저명한, 중요한	/ˈprɑːmɪnənt/	She is a prominent scientist.	그녀는 저명한 과학자이다.	The issue played a prominent role in the debate.	그 문제는 토론에서 중요한 역할을 했다.	눈에 띄게 중요한
affiliate	verb	가입하다, 제휴하다	/əˈfɪlieɪt/	The group affiliated with a national organization.	그 단체는 전국 조직과 제휴했다.	The college is affiliated with the university.	그 대학은 그 대학교와 제휴되어 있다.	affiliate with
so far	phrase	아직까지는, 지금까지	/soʊ fɑːr/	So far, everything is fine.	지금까지는 모든 것이 괜찮다.	We have received ten applications so far.	우리는 지금까지 지원서 10개를 받았다.	현재까지
scheme	noun	제도, 계획	/skiːm/	The government introduced a new scheme.	정부는 새 제도를 도입했다.	They developed a scheme to save money.	그들은 돈을 절약하기 위한 계획을 세웠다.	계획/제도
ship with	phrasal verb	~와 함께 배송되다, 포함되어 출시되다	/ʃɪp wɪð/	The laptop ships with a charger.	그 노트북은 충전기와 함께 배송된다.	The software ships with several templates.	그 소프트웨어는 여러 템플릿을 포함해 출시된다.	제품 구성 표현
on behalf of	phrase	~을 대표하여, ~을 대신하여	/ɑːn bɪˈhæf əv/	I am writing on behalf of the company.	저는 회사를 대표하여 글을 씁니다.	She accepted the award on behalf of her team.	그녀는 팀을 대신해 상을 받았다.	공식 표현
complimentary	adjective	칭찬하는	/ˌkɑːmplɪˈmentəri/	She made a complimentary comment.	그녀는 칭찬하는 말을 했다.	The review was highly complimentary.	그 리뷰는 매우 호의적이었다.	compliment와 관련
stall	noun	시장 가판대, 좌석 구역	/stɔːl/	She bought fruit from a market stall.	그녀는 시장 가판대에서 과일을 샀다.	The stall sold handmade crafts.	그 가판대는 수공예품을 팔았다.	시장/행사 부스
stall	verb	멈추다, 지연시키다	/stɔːl/	The car stalled on the road.	그 차는 도로에서 멈췄다.	He tried to stall the decision.	그는 결정을 지연시키려고 했다.	기계 멈춤/시간 끌기
canopy	noun	덮개, 차양, 지붕 모양 덮개	/ˈkænəpi/	The café has a green canopy over the entrance.	그 카페는 입구 위에 초록색 차양이 있다.	The trees formed a natural canopy.	나무들이 자연적인 덮개를 이루었다.	위에서 덮는 구조
pot	noun	화분, 냄비, 항아리	/pɑːt/	The plant is growing in a clay pot.	그 식물은 점토 화분에서 자라고 있다.	She cooked soup in a large pot.	그녀는 큰 냄비에 수프를 끓였다.	화분/냄비
debris	noun	잔해, 쓰레기	/dəˈbriː/	The street was covered with debris after the storm.	폭풍 후 거리는 잔해로 뒤덮였다.	Workers cleared debris from the site.	인부들이 현장에서 잔해를 치웠다.	불가산명사
waterway	noun	강, 운하 등의 수로	/ˈwɔːtərweɪ/	The city built a new waterway.	그 도시는 새 수로를 만들었다.	Boats moved along the waterway.	배들이 수로를 따라 이동했다.	물길
stream	noun	시내, 개울	/striːm/	A small stream runs behind the house.	작은 개울이 집 뒤로 흐른다.	We crossed the stream on foot.	우리는 걸어서 개울을 건넜다.	작은 물줄기
stream	verb	흐르다, 스트리밍하다	/striːm/	Tears streamed down her face.	눈물이 그녀의 얼굴을 타고 흘렀다.	We streamed the movie online.	우리는 그 영화를 온라인으로 스트리밍했다.	흐름/온라인 재생
convention	noun	대회, 회의, 관습	/kənˈvenʃn/	The annual convention begins tomorrow.	연례 대회는 내일 시작된다.	It is a social convention to shake hands.	악수하는 것은 사회적 관습이다.	회의/관습
convene	verb	소집하다, 회합하다	/kənˈviːn/	The committee will convene next week.	위원회는 다음 주에 소집될 것이다.	The board convened to discuss the issue.	이사회는 그 문제를 논의하기 위해 모였다.	공식 회의
peel off	phrasal verb	떨어져 나가다, 벗기다	/piːl ɔːf/	The paint began to peel off the wall.	페인트가 벽에서 벗겨지기 시작했다.	Peel off the label before use.	사용 전에 라벨을 떼어 내세요.	표면에서 벗겨짐
for the most part	phrase	대부분, 대체로	/fɔːr ðə moʊst pɑːrt/	For the most part, the plan worked well.	대체로 그 계획은 잘 작동했다.	The weather was sunny for the most part.	날씨는 대부분 맑았다.	대체로
sign up	phrasal verb	가입하다, 등록하다	/saɪn ʌp/	I signed up for the class.	나는 그 수업에 등록했다.	You can sign up online.	온라인으로 가입할 수 있다.	수업/서비스 등록
call back	phrasal verb	다시 전화하다	/kɔːl bæk/	I’ll call you back later.	나중에 다시 전화할게.	She asked him to call back tomorrow.	그녀는 그에게 내일 다시 전화해 달라고 했다.	전화 표현
gift certificate	noun phrase	상품권	/ɡɪft sərˈtɪfɪkət/	I received a gift certificate for my birthday.	나는 생일 선물로 상품권을 받았다.	You can use this gift certificate at any branch.	이 상품권은 어느 지점에서나 사용할 수 있다.	미국식 상품권
entrée	noun	주요리	/ˈɑːntreɪ/	I ordered chicken as my entrée.	나는 주요리로 치킨을 주문했다.	The entrée comes with soup or salad.	주요리에는 수프나 샐러드가 함께 나온다.	미국에서는 메인 요리
minor	noun	미성년자	/ˈmaɪnər/	Minors are not allowed to enter.	미성년자는 입장할 수 없다.	The form must be signed by a parent if the applicant is a minor.	지원자가 미성년자이면 부모가 양식에 서명해야 한다.	법적 나이 관련
minor	adjective	사소한, 작은	/ˈmaɪnər/	There was a minor problem.	작은 문제가 있었다.	He suffered a minor injury.	그는 가벼운 부상을 입었다.	크지 않은
guardian	noun	보호자, 후견인	/ˈɡɑːrdiən/	A parent or guardian must sign the form.	부모나 보호자가 양식에 서명해야 한다.	The child came with her guardian.	그 아이는 보호자와 함께 왔다.	미성년자 보호자
contradictory	adjective	모순적인, 서로 반대되는	/ˌkɑːntrəˈdɪktəri/	The witnesses gave contradictory statements.	목격자들은 모순된 진술을 했다.	His actions were contradictory to his words.	그의 행동은 그의 말과 모순되었다.	서로 맞지 않음
soft drink	noun phrase	청량음료	/sɔːft drɪŋk/	The meal includes one soft drink.	그 식사에는 청량음료 하나가 포함된다.	We ordered pizza and soft drinks.	우리는 피자와 청량음료를 주문했다.	술이 아닌 음료
backlash	noun	반발, 역풍	/ˈbæklæʃ/	The policy caused a public backlash.	그 정책은 대중의 반발을 일으켰다.	The company faced backlash after the announcement.	그 회사는 발표 후 역풍을 맞았다.	부정적 반응
address	verb	말하다, 연설하다, 다루다	/əˈdres/	The president addressed the crowd.	대통령은 군중에게 연설했다.	We need to address this problem.	우리는 이 문제를 다루어야 한다.	연설/문제 처리
address	noun	주소	/ˈædres/	Please write your address here.	여기에 주소를 적어 주세요.	I sent the package to the wrong address.	나는 소포를 잘못된 주소로 보냈다.	명사일 때 주소
initiative	noun	주도권, 계획	/ɪˈnɪʃətɪv/	She took the initiative in the meeting.	그녀는 회의에서 주도권을 잡았다.	The city launched a new safety initiative.	그 도시는 새로운 안전 계획을 시작했다.	주도성/계획
reluctant	adjective	꺼리는, 주저하는	/rɪˈlʌktənt/	He was reluctant to answer.	그는 대답하기를 꺼렸다.	She seemed reluctant to leave.	그녀는 떠나는 것을 주저하는 것처럼 보였다.	be reluctant to
elaborate	adjective	정교한, 자세한	/ɪˈlæbərət/	The design is elaborate.	그 디자인은 정교하다.	She gave an elaborate explanation.	그녀는 자세한 설명을 했다.	형용사 발음 주의
elaborate	verb	자세히 설명하다	/ɪˈlæbəreɪt/	Can you elaborate on your idea?	당신의 생각을 자세히 설명해 줄 수 있나요?	He refused to elaborate.	그는 자세히 설명하기를 거부했다.	동사 발음 다름
venue	noun	장소, 행사장	/ˈvenjuː/	The concert venue is downtown.	콘서트 장소는 시내에 있다.	We changed the venue for the meeting.	우리는 회의 장소를 바꿨다.	행사 장소
selective	adjective	까다로운, 선별적인	/sɪˈlektɪv/	The school is highly selective.	그 학교는 입학 기준이 매우 까다롭다.	Be selective when choosing sources.	자료를 고를 때 선별적으로 해라.	신중히 고름
gentle	adjective	순한, 부드러운	/ˈdʒentl/	Use a gentle soap for sensitive skin.	민감한 피부에는 순한 비누를 사용하세요.	He spoke in a gentle voice.	그는 부드러운 목소리로 말했다.	부드럽고 세지 않음
gum	noun	잇몸, 껌	/ɡʌm/	My gums hurt when I brush my teeth.	이를 닦을 때 잇몸이 아프다.	She bought a pack of gum.	그녀는 껌 한 통을 샀다.	잇몸/껌
on a daily basis	phrase	매일, 일상적으로	/ɑːn ə ˈdeɪli ˈbeɪsɪs/	We check the system on a daily basis.	우리는 매일 시스템을 확인한다.	He exercises on a daily basis.	그는 매일 운동한다.	공식적 표현
toiletry	noun	세면도구, 화장품류	/ˈtɔɪlətri/	The hotel provides basic toiletries.	그 호텔은 기본 세면도구를 제공한다.	I packed my toiletries in a small bag.	나는 세면도구를 작은 가방에 챙겼다.	보통 복수 toiletries
amenity	noun	생활 편의 시설, 편의 시설	/əˈmenəti/	The apartment has many amenities.	그 아파트에는 많은 편의 시설이 있다.	The hotel amenities include a pool and gym.	호텔 편의 시설에는 수영장과 헬스장이 포함된다.	숙박/주거
coordinator	noun	진행자, 조정자, 코디네이터	/koʊˈɔːrdɪneɪtər/	The coordinator organized the event.	진행자가 그 행사를 조직했다.	Please contact the training coordinator.	교육 담당자에게 연락하세요.	행사/교육 조정자
training coordinator	noun phrase	교육 책임자, 교육 코디네이터	/ˈtreɪnɪŋ koʊˌɔːrdɪneɪtər/	The training coordinator sent the schedule.	교육 책임자가 일정을 보냈다.	Ask the training coordinator about the program.	그 프로그램에 대해 교육 담당자에게 물어보세요.	교육 담당 역할
consistently	adverb	지속적으로, 일관되게	/kənˈsɪstəntli/	She performs consistently well.	그녀는 지속적으로 좋은 성과를 낸다.	The company has consistently grown.	그 회사는 꾸준히 성장해 왔다.	계속 같은 수준
distinguish	verb	구별하다, 차이를 보이다	/dɪˈstɪŋɡwɪʃ/	Can you distinguish between the two sounds?	그 두 소리를 구별할 수 있나요?	His skill distinguishes him from others.	그의 실력은 그를 다른 사람들과 구별되게 한다.	distinguish A from B
tireless	adjective	지칠 줄 모르는	/ˈtaɪərləs/	She is a tireless worker.	그녀는 지칠 줄 모르는 일꾼이다.	We appreciate his tireless efforts.	우리는 그의 지칠 줄 모르는 노력에 감사한다.	노력 강조
deserve	verb	~을 받을 만하다	/dɪˈzɜːrv/	You deserve a break.	너는 쉴 자격이 있다.	She deserves praise for her work.	그녀는 자신의 일로 칭찬받을 만하다.	긍정/부정 모두 가능
check in	phrasal verb	숙소에 체크인하다, 탑승 수속을 밟다	/tʃek ɪn/	We checked in at the hotel.	우리는 호텔에 체크인했다.	Please check in before your flight.	비행 전에 탑승 수속을 하세요.	호텔/공항
ferry	noun	여객선, 연락선	/ˈferi/	We took a ferry to the island.	우리는 섬으로 가는 여객선을 탔다.	The ferry leaves every hour.	그 여객선은 매시간 출발한다.	배 교통
lane	noun	차선, 길	/leɪn/	Stay in the right lane.	오른쪽 차선에 있으세요.	The country lane was narrow.	그 시골길은 좁았다.	도로/작은 길
onto	preposition	~쪽으로, ~위로	/ˈɑːntuː/	She stepped onto the stage.	그녀는 무대 위로 올라섰다.	The cat jumped onto the table.	고양이가 테이블 위로 뛰어올랐다.	움직여 위로 감
lead-up	noun	사전 준비, 앞서가는 기간	/ˈliːd ʌp/	The lead-up to the election was intense.	선거 전 기간은 치열했다.	There was a lot of planning in the lead-up to the event.	행사 전 준비 기간에 많은 계획이 있었다.	어떤 일 전 단계
live up to	phrasal verb	~에 부응하다	/lɪv ʌp tuː/	The hotel lived up to its reputation.	그 호텔은 명성에 걸맞았다.	He tried to live up to his parents’ expectations.	그는 부모님의 기대에 부응하려고 했다.	기대/명성에 맞음
mall	noun	쇼핑몰	/mɔːl/	We went to the mall after lunch.	우리는 점심 후 쇼핑몰에 갔다.	The mall is crowded on weekends.	그 쇼핑몰은 주말에 붐빈다.	쇼핑센터
swipe	verb	카드를 대다, 긁다, 훔치다	/swaɪp/	Swipe your card at the entrance.	입구에서 카드를 대세요.	Someone swiped my phone.	누군가 내 휴대폰을 훔쳤다.	카드/도난
renovation	noun	보수, 개조	/ˌrenəˈveɪʃn/	The hotel is closed for renovation.	그 호텔은 보수 공사로 문을 닫았다.	The renovation took three months.	개조 작업은 3개월 걸렸다.	건물 수리
preliminary	adjective	예비의, 사전의	/prɪˈlɪməneri/	The preliminary results are positive.	예비 결과는 긍정적이다.	We had a preliminary meeting.	우리는 사전 회의를 했다.	본격 전 단계
look through	phrasal verb	~을 살펴보다, 검토하다	/lʊk θruː/	Please look through the report.	보고서를 살펴봐 주세요.	She looked through the files.	그녀는 파일들을 검토했다.	빠르게 확인
any moment now	phrase	이제 곧, 지금 당장이라도	/ˈeni ˈmoʊmənt naʊ/	The train should arrive any moment now.	기차가 이제 곧 도착할 것이다.	He could call any moment now.	그가 이제 곧 전화할 수 있다.	곧 일어남
profitable	adjective	수익성 있는, 이익이 되는	/ˈprɑːfɪtəbl/	The business became profitable last year.	그 사업은 작년에 수익성이 생겼다.	It was a profitable investment.	그것은 수익성 있는 투자였다.	돈이 됨
itinerary	noun	여행 일정표	/aɪˈtɪnəreri/	The itinerary includes three cities.	여행 일정표에는 세 도시가 포함되어 있다.	Please check your itinerary before departure.	출발 전에 여행 일정을 확인하세요.	여행 계획
lucrative	adjective	수익성이 좋은	/ˈluːkrətɪv/	She found a lucrative job.	그녀는 수익성이 좋은 직업을 찾았다.	The contract was very lucrative.	그 계약은 매우 돈이 되는 계약이었다.	돈을 많이 버는
implement	verb	시행하다, 실행하다	/ˈɪmplɪment/	The company implemented a new policy.	그 회사는 새 정책을 시행했다.	We need to implement the plan quickly.	우리는 그 계획을 빨리 실행해야 한다.	계획 실행
implement	noun	도구	/ˈɪmplɪmənt/	Farmers use various implements.	농부들은 여러 도구를 사용한다.	The shed was full of gardening implements.	창고는 정원 도구들로 가득했다.	명사
alleviate	verb	완화하다	/əˈliːvieɪt/	The medicine alleviated the pain.	그 약은 통증을 완화했다.	The new road may alleviate traffic congestion.	새 도로는 교통 혼잡을 완화할 수 있다.	문제/고통 줄임
in and around	phrase	~와 그 주변에	/ɪn ænd əˈraʊnd/	There are many cafés in and around the station.	역과 그 주변에 카페가 많다.	The company has stores in and around Seoul.	그 회사는 서울과 그 주변에 매장이 있다.	지역 표현
aside from	phrase	~을 제외하고, ~외에도	/əˈsaɪd frʌm/	Aside from the price, the product is good.	가격을 제외하면 그 제품은 좋다.	Aside from English, she speaks French.	영어 외에도 그녀는 프랑스어를 한다.	except/apart from
telecommunication	noun	원거리 통신	/ˌtelikəˌmjuːnɪˈkeɪʃn/	Telecommunication technology has improved quickly.	원거리 통신 기술은 빠르게 발전했다.	The company works in telecommunication.	그 회사는 통신 분야에서 일한다.	통신 분야
telecommuting	noun	재택근무	/ˈtelikəmjuːtɪŋ/	Telecommuting became common after the pandemic.	팬데믹 이후 재택근무가 흔해졌다.	The company allows telecommuting twice a week.	그 회사는 주 2회 재택근무를 허용한다.	원격근무
self-taught	adjective	독학한	/ˌself ˈtɔːt/	He is a self-taught programmer.	그는 독학한 프로그래머이다.	She became a self-taught artist.	그녀는 독학한 예술가가 되었다.	스스로 배움
accomplish	verb	성취하다, 해내다	/əˈkɑːmplɪʃ/	She accomplished her goal.	그녀는 목표를 성취했다.	We accomplished a lot today.	우리는 오늘 많은 것을 해냈다.	목표 달성
accomplished	adjective	뛰어난, 숙련된	/əˈkɑːmplɪʃt/	He is an accomplished pianist.	그는 뛰어난 피아니스트이다.	She is an accomplished writer.	그녀는 숙련된 작가이다.	능숙한
feature	noun	특징, 특색	/ˈfiːtʃər/	The phone has many useful features.	그 휴대폰에는 유용한 기능이 많다.	The best feature of the room is the view.	그 방의 가장 좋은 특징은 전망이다.	특징/기능
masterful	adjective	능숙한, 훌륭한	/ˈmæstərfl/	His performance was masterful.	그의 공연은 훌륭했다.	She gave a masterful presentation.	그녀는 능숙한 발표를 했다.	실력이 뛰어남
interplay	noun	상호작용	/ˈɪntərpleɪ/	The book explains the interplay between culture and language.	그 책은 문화와 언어의 상호작용을 설명한다.	There is a complex interplay of factors.	복잡한 요인들의 상호작용이 있다.	서로 영향을 줌
uplifting	adjective	정신을 고양시키는, 힘이 나는	/ʌpˈlɪftɪŋ/	The movie was uplifting.	그 영화는 힘이 나는 영화였다.	She gave an uplifting speech.	그녀는 사람들에게 힘을 주는 연설을 했다.	기분을 좋게 함
quartet	noun	4인조, 사중주단	/kwɔːrˈtet/	The string quartet played beautifully.	현악 사중주단은 아름답게 연주했다.	A jazz quartet performed at the café.	재즈 4인조가 카페에서 공연했다.	네 명의 연주 그룹
reclining	adjective	뒤로 기대는, 눕는	/rɪˈklaɪnɪŋ/	The theater has reclining seats.	그 극장에는 뒤로 젖혀지는 좌석이 있다.	He sat in a reclining chair.	그는 리클라이닝 의자에 앉았다.	좌석/자세
toll-free	adjective	수신자 부담의, 무료 전화의	/ˌtoʊl ˈfriː/	Call our toll-free number for help.	도움이 필요하면 무료 전화번호로 전화하세요.	The company provides toll-free customer service.	그 회사는 무료 고객 서비스를 제공한다.	전화요금 무료
mural	noun	벽화	/ˈmjʊrəl/	The school wall has a colorful mural.	학교 벽에는 화려한 벽화가 있다.	Artists painted a mural downtown.	예술가들이 시내에 벽화를 그렸다.	벽 그림
revitalize	verb	새로운 활력을 주다	/ˌriːˈvaɪtəlaɪz/	The city plans to revitalize the old market.	그 도시는 오래된 시장에 활력을 되살릴 계획이다.	The new project revitalized the neighborhood.	새 프로젝트는 그 동네에 활기를 되찾게 했다.	지역/사업 회복
eager to	phrase	~하기를 열망하는	/ˈiːɡər tuː/	She is eager to learn.	그녀는 배우기를 열망한다.	They were eager to start the project.	그들은 프로젝트를 시작하기를 간절히 원했다.	be eager to V
shortly	adverb	곧, 얼마 안 되어	/ˈʃɔːrtli/	She will arrive shortly.	그녀는 곧 도착할 것이다.	The meeting started shortly after lunch.	회의는 점심 후 얼마 안 되어 시작되었다.	soon보다 공식적
thereafter	adverb	그 후에	/ˌðerˈæftər/	He moved to Paris and lived there thereafter.	그는 파리로 이사했고 그 후 그곳에서 살았다.	The rule changed in 2010 and remained in effect thereafter.	그 규칙은 2010년에 바뀌었고 그 후 계속 유효했다.	공식적 표현
burst	verb	터지다, 터뜨리다	/bɜːrst/	The balloon burst suddenly.	풍선이 갑자기 터졌다.	She burst into tears.	그녀는 갑자기 울음을 터뜨렸다.	burst-burst-burst
burst	noun	폭발, 갑작스러운 분출	/bɜːrst/	There was a burst of laughter.	갑작스러운 웃음이 터졌다.	A burst of energy helped him finish.	갑작스러운 에너지가 그가 끝내는 데 도움이 되었다.	a burst of
extravaganza	noun	화려한 쇼, 대규모 행사	/ɪkˌstrævəˈɡænzə/	The festival was a musical extravaganza.	그 축제는 화려한 음악 행사였다.	The company held a shopping extravaganza.	그 회사는 대규모 쇼핑 행사를 열었다.	화려하고 큰 행사
pastry	noun	페이스트리, 페이스트리 빵	/ˈpeɪstri/	She bought a pastry with coffee.	그녀는 커피와 함께 페이스트리 빵을 샀다.	The bakery sells fresh pastries.	그 빵집은 신선한 페이스트리를 판다.	빵/디저트
engaging	adjective	호감이 가는, 매력적인	/ɪnˈɡeɪdʒɪŋ/	He is an engaging speaker.	그는 매력적인 연사이다.	The book has an engaging style.	그 책은 흥미를 끄는 문체를 가지고 있다.	관심을 끎
novice	noun	초보자	/ˈnɑːvɪs/	This course is for novices.	이 강좌는 초보자를 위한 것이다.	She is a novice at knitting.	그녀는 뜨개질 초보자이다.	beginner
knitting	noun	뜨개질	/ˈnɪtɪŋ/	She enjoys knitting in winter.	그녀는 겨울에 뜨개질을 즐긴다.	Knitting requires patience.	뜨개질은 인내심이 필요하다.	실로 짜는 일
yarn	noun	실, 뜨개실	/jɑːrn/	She bought blue yarn for a scarf.	그녀는 목도리를 만들기 위해 파란 실을 샀다.	The sweater is made of soft yarn.	그 스웨터는 부드러운 실로 만들어졌다.	뜨개질 실
craft	noun	공예품, 기술	/kræft/	The market sells local crafts.	그 시장은 지역 공예품을 판다.	Writing is a craft that takes practice.	글쓰기는 연습이 필요한 기술이다.	공예/기술
craft	verb	정성 들여 만들다	/kræft/	She crafted a beautiful necklace.	그녀는 아름다운 목걸이를 정성 들여 만들었다.	The message was carefully crafted.	그 메시지는 신중하게 작성되었다.	만들다
ground	noun	입지, 근거, 땅	/ɡraʊnd/	The argument has no solid ground.	그 주장은 확실한 근거가 없다.	The building stands on high ground.	그 건물은 높은 지대에 서 있다.	근거/땅
affiliation	noun	제휴, 소속	/əˌfɪliˈeɪʃn/	Please write your name and affiliation.	이름과 소속을 적어 주세요.	The group has an affiliation with the university.	그 단체는 그 대학과 제휴 관계가 있다.	기관 소속
in this regard	phrase	이 점에 관하여	/ɪn ðɪs rɪˈɡɑːrd/	In this regard, we need more information.	이 점에 관하여 우리는 더 많은 정보가 필요하다.	The policy is helpful in this regard.	그 정책은 이 점에서 도움이 된다.	공식 표현
distinction	noun	특별함, 명성, 구별	/dɪˈstɪŋkʃn/	There is a clear distinction between the two terms.	두 용어 사이에는 분명한 구별이 있다.	She graduated with distinction.	그녀는 우수한 성적으로 졸업했다.	구별/우수함
gourmet meal	noun phrase	고급 식사	/ˈɡʊrmeɪ miːl/	The restaurant offers a gourmet meal.	그 식당은 고급 식사를 제공한다.	Guests enjoyed a gourmet meal after the ceremony.	손님들은 의식 후 고급 식사를 즐겼다.	고급 음식
privilege	noun	특권, 특혜	/ˈprɪvəlɪdʒ/	It is a privilege to work with you.	당신과 함께 일하는 것은 영광입니다.	Members receive special privileges.	회원들은 특별 혜택을 받는다.	특별 권리
signage	noun	신호들, 표지판	/ˈsaɪnɪdʒ/	The airport has clear signage.	그 공항에는 명확한 표지판들이 있다.	New signage was installed in the building.	건물에 새 표지판들이 설치되었다.	표지판 전체
solicit	verb	요청하다, 간청하다	/səˈlɪsɪt/	The organization solicited donations.	그 단체는 기부를 요청했다.	They solicited feedback from customers.	그들은 고객들에게 의견을 요청했다.	공식적으로 요청
guarantee	verb	보장하다	/ˌɡærənˈtiː/	We guarantee your satisfaction.	우리는 고객 만족을 보장합니다.	The ticket does not guarantee entry.	그 표가 입장을 보장하지는 않는다.	확실히 약속
guarantee	noun	보증	/ˌɡærənˈtiː/	The product comes with a two-year guarantee.	그 제품은 2년 보증이 제공된다.	There is no guarantee of success.	성공 보장은 없다.	보증/확약
in-unit washer and dryer	noun phrase	세대 내 세탁기와 건조기	/ɪn ˈjuːnɪt ˈwɑːʃər ænd ˈdraɪər/	The apartment has an in-unit washer and dryer.	그 아파트에는 세대 내 세탁기와 건조기가 있다.	In-unit washer and dryer is a popular amenity.	세대 내 세탁기와 건조기는 인기 있는 편의 시설이다.	부동산 표현
refurbish	verb	새로 꾸미다, 개조하다	/ˌriːˈfɜːrbɪʃ/	They refurbished the old apartment.	그들은 오래된 아파트를 새로 꾸몄다.	The store sells refurbished computers.	그 가게는 리퍼 컴퓨터를 판다.	수리 후 새것처럼
brand-new	adjective	완전 새것의	/ˌbrænd ˈnuː/	She bought a brand-new car.	그녀는 완전 새 차를 샀다.	The apartment has brand-new appliances.	그 아파트에는 완전 새 가전제품이 있다.	새것 강조
wing	noun	건물의 동, 날개	/wɪŋ/	The east wing of the building is closed.	건물 동쪽 동은 폐쇄되어 있다.	The bird spread its wings.	그 새는 날개를 펼쳤다.	건물/동물
emerge	verb	나타나다, 드러나다	/ɪˈmɜːrdʒ/	A problem emerged during the test.	시험 중 문제가 나타났다.	The truth emerged later.	진실은 나중에 드러났다.	숨겨진 것이 나옴
emerging	adjective	신흥의, 새롭게 나타나는	/ɪˈmɜːrdʒɪŋ/	They invested in emerging markets.	그들은 신흥 시장에 투자했다.	Emerging technology can change the industry.	신흥 기술은 산업을 바꿀 수 있다.	새롭게 성장 중
enthusiast	noun	애호가	/ɪnˈθuːziæst/	He is a car enthusiast.	그는 자동차 애호가이다.	The event attracted many music enthusiasts.	그 행사는 많은 음악 애호가들을 끌어들였다.	무언가를 좋아하는 사람
preview	noun	시사회, 미리 보기	/ˈpriːvjuː/	We watched a preview of the movie.	우리는 그 영화의 시사회를 보았다.	The website shows a preview of the document.	웹사이트는 문서의 미리 보기를 보여 준다.	미리 보기
connoisseur	noun	감정가, 전문가	/ˌkɑːnəˈsɜːr/	She is a connoisseur of fine wine.	그녀는 고급 와인의 감정가이다.	Art connoisseurs praised the painting.	미술 전문가들이 그 그림을 칭찬했다.	예술/음식 전문가
abstract	adjective	추상적인	/ˈæbstrækt/	The idea is too abstract for beginners.	그 생각은 초보자에게 너무 추상적이다.	Abstract art does not show objects realistically.	추상 미술은 사물을 사실적으로 보여 주지 않는다.	구체적이지 않음
abstract	noun	초록, 요약	/ˈæbstrækt/	The paper begins with an abstract.	그 논문은 초록으로 시작한다.	Please read the abstract before the full article.	전체 논문 전에 초록을 읽어 주세요.	논문 요약
patio	noun	테라스, 안뜰	/ˈpætioʊ/	We had lunch on the patio.	우리는 테라스에서 점심을 먹었다.	The apartment has a small patio.	그 아파트에는 작은 테라스가 있다.	야외 공간
redeem	verb	만회하다, 교환하다, 보상하다	/rɪˈdiːm/	You can redeem this coupon at the store.	이 쿠폰은 그 가게에서 사용할 수 있다.	He tried to redeem his reputation.	그는 자신의 평판을 회복하려 했다.	쿠폰 사용/명예 회복
demonstration	noun	시연, 시위, 설명	/ˌdemənˈstreɪʃn/	The chef gave a cooking demonstration.	요리사가 요리 시연을 했다.	There was a demonstration in front of city hall.	시청 앞에서 시위가 있었다.	시연/시위
set the tone	phrase	분위기를 정하다, 방향을 잡다	/set ðə toʊn/	The opening speech set the tone for the meeting.	개회 연설이 회의 분위기를 정했다.	The first chapter sets the tone for the book.	첫 장은 책의 분위기를 정한다.	처음 분위기 결정
consult	verb	상담하다, 상의하다, 참고하다	/kənˈsʌlt/	You should consult a doctor.	의사와 상담해야 한다.	Consult the manual before use.	사용 전에 설명서를 참고하세요.	사람/자료
come up with	phrasal verb	생각해 내다, 제시하다	/kʌm ʌp wɪð/	She came up with a new idea.	그녀는 새로운 아이디어를 생각해 냈다.	We need to come up with a solution.	우리는 해결책을 제시해야 한다.	아이디어/해결책
discard	verb	버리다, 폐기하다	/dɪsˈkɑːrd/	Discard the old batteries safely.	낡은 배터리를 안전하게 폐기하세요.	She discarded the broken chair.	그녀는 부서진 의자를 버렸다.	필요 없는 것 버림
drop off	phrasal verb	내려주다, 맡기다	/drɑːp ɔːf/	I’ll drop you off at the station.	내가 역에 너를 내려줄게.	Please drop off the documents by noon.	정오까지 서류를 맡겨 주세요.	사람/물건 내려놓기
arrange	verb	마련하다, 정리하다	/əˈreɪndʒ/	She arranged the meeting.	그녀는 회의를 마련했다.	He arranged the books by size.	그는 책을 크기별로 정리했다.	일정/배치
council	noun	의회, 위원회	/ˈkaʊnsl/	The city council approved the plan.	시의회가 그 계획을 승인했다.	The council discussed the new policy.	위원회는 새 정책을 논의했다.	지방 의회/위원회
modest	adjective	그리 대단하지 않은, 보통의, 겸손한	/ˈmɑːdɪst/	They live in a modest house.	그들은 소박한 집에 산다.	She is modest about her success.	그녀는 자신의 성공에 대해 겸손하다.	작은/겸손한
account for	phrasal verb	~때문이다, ~을 설명하다, 차지하다	/əˈkaʊnt fɔːr/	Poor weather accounted for the delay.	나쁜 날씨가 지연의 원인이었다.	Sales account for most of the revenue.	매출이 수익의 대부분을 차지한다.	원인/비율
groundbreaking	adjective	획기적인	/ˈɡraʊndbreɪkɪŋ/	The research was groundbreaking.	그 연구는 획기적이었다.	They introduced a groundbreaking technology.	그들은 획기적인 기술을 도입했다.	새롭고 중요한
congestion	noun	혼잡, 정체	/kənˈdʒestʃən/	Traffic congestion is getting worse.	교통 혼잡이 악화되고 있다.	The new road may reduce congestion.	새 도로는 혼잡을 줄일 수 있다.	교통/막힘
high-occupation	adjective	입주율이 높은, 점유율이 높은	/haɪ ˌɑːkjuˈpeɪʃn/	The building is in a high-occupation area.	그 건물은 점유율이 높은 지역에 있다.	High-occupation housing needs better management.	입주율이 높은 주택은 더 나은 관리가 필요하다.	표현은 high-occupancy가 더 자연스러움
official	noun	공무원, 관계자	/əˈfɪʃl/	A city official visited the site.	시 공무원이 현장을 방문했다.	Government officials attended the meeting.	정부 관계자들이 회의에 참석했다.	공적 직책자
hub	noun	중심지, 허브	/hʌb/	The city is a transportation hub.	그 도시는 교통 중심지이다.	The airport is a major hub for international flights.	그 공항은 국제선의 주요 허브이다.	중심 역할
vast	adjective	어마어마한, 광대한	/væst/	The desert is vast.	그 사막은 광대하다.	The company has vast experience.	그 회사는 방대한 경험을 가지고 있다.	매우 넓거나 많음
partition	noun	분할, 칸막이	/pɑːrˈtɪʃn/	A partition separates the two rooms.	칸막이가 두 방을 나눈다.	The disk has several partitions.	그 디스크에는 여러 파티션이 있다.	공간/컴퓨터
markedly	adverb	현저하게, 뚜렷하게	/ˈmɑːrkɪdli/	The situation improved markedly.	상황이 현저하게 개선되었다.	Prices have risen markedly.	가격이 뚜렷하게 올랐다.	눈에 띄게
position	noun	일자리, 위치, 입장	/pəˈzɪʃn/	She applied for a position at the company.	그녀는 그 회사의 일자리에 지원했다.	What is your position on this issue?	이 문제에 대한 당신의 입장은 무엇인가요?	직책/위치/입장
yacht	noun	요트	/jɑːt/	They sailed on a yacht.	그들은 요트를 타고 항해했다.	The yacht was anchored near the island.	그 요트는 섬 근처에 정박해 있었다.	ch 발음 안 함
rely upon	phrasal verb	~에 의존하다	/rɪˈlaɪ əˈpɑːn/	We rely upon your support.	우리는 당신의 지원에 의존합니다.	The system relies upon accurate data.	그 시스템은 정확한 데이터에 의존한다.	rely on보다 공식적
seniority	noun	근속연수, 선임권	/ˌsiːniˈɔːrəti/	Promotion is based on seniority.	승진은 근속연수에 기반한다.	Employees with seniority get priority.	근속연수가 높은 직원들이 우선권을 얻는다.	직장 표현
attire	noun	의복, 복장	/əˈtaɪər/	Formal attire is required.	정장 복장이 요구된다.	Guests should wear business attire.	손님들은 비즈니스 복장을 착용해야 한다.	공식 복장
cartridge	noun	잉크 카트리지, 탄약통	/ˈkɑːrtrɪdʒ/	The printer needs a new cartridge.	프린터에는 새 카트리지가 필요하다.	The soldier loaded a cartridge into the rifle.	군인은 소총에 탄약통을 장전했다.	프린터/총기 둘 다
trail	noun	등산로, 흔적	/treɪl/	We followed the trail through the forest.	우리는 숲속 등산로를 따라갔다.	The dog left a trail of muddy footprints.	개는 진흙 발자국 흔적을 남겼다.	길/흔적
trail	verb	뒤따라가다, 뒤처지다	/treɪl/	The police trailed the suspect.	경찰은 용의자를 뒤쫓았다.	Our team trailed by ten points.	우리 팀은 10점 뒤지고 있었다.	추적/뒤처짐
debris	noun	잔해, 쓰레기	/dəˈbriː/	The road was covered with debris after the storm.	폭풍 후 도로는 잔해로 뒤덮였다.	Workers removed debris from the construction site.	인부들이 공사 현장에서 잔해를 치웠다.	불가산명사
affordable	adjective	가격이 알맞은, 감당할 수 있는	/əˈfɔːrdəbl/	The city needs more affordable housing.	그 도시는 더 많은 저렴한 주택이 필요하다.	This phone is affordable for students.	이 휴대폰은 학생들이 감당할 수 있는 가격이다.	가격 부담이 적음
theme	noun	주제, 테마	/θiːm/	The main theme of the book is friendship.	그 책의 주요 주제는 우정이다.	The party had a summer theme.	그 파티는 여름 테마였다.	주제/분위기
influx	noun	유입, 밀려듦	/ˈɪnflʌks/	The city saw an influx of tourists.	그 도시는 관광객의 유입을 겪었다.	An influx of new workers changed the town.	새 노동자들의 유입이 그 마을을 바꾸었다.	사람/자금 등이 들어옴
momentarily	adverb	잠깐, 곧	/ˌmoʊmənˈterəli/	The screen went black momentarily.	화면이 잠깐 검게 변했다.	The train will arrive momentarily.	기차가 곧 도착할 것이다.	짧은 시간/곧
plot	noun	작은 토지, 줄거리	/plɑːt/	They bought a small plot of land.	그들은 작은 토지를 샀다.	The movie has a complicated plot.	그 영화는 복잡한 줄거리를 가지고 있다.	땅/이야기 구조
infrastructure	noun	기반 시설, 인프라	/ˈɪnfrəstrʌktʃər/	The city improved its transportation infrastructure.	그 도시는 교통 기반 시설을 개선했다.	Good infrastructure supports economic growth.	좋은 기반 시설은 경제 성장을 뒷받침한다.	도로/전기/통신 등
proprietor	noun	소유주, 주인	/prəˈpraɪətər/	The proprietor welcomed the guests.	가게 주인이 손님들을 맞이했다.	She is the proprietor of a small café.	그녀는 작은 카페의 소유주이다.	사업장 주인
demolish	verb	철거하다, 부수다	/dɪˈmɑːlɪʃ/	The old building was demolished.	그 오래된 건물은 철거되었다.	They plan to demolish the bridge.	그들은 그 다리를 철거할 계획이다.	건물 파괴
over the next few years	phrase	향후 몇 년간	/ˈoʊvər ðə nekst fjuː jɪrz/	The city will grow over the next few years.	그 도시는 향후 몇 년간 성장할 것이다.	We expect major changes over the next few years.	우리는 향후 몇 년간 큰 변화를 예상한다.	미래 기간 표현
cater	verb	음식을 제공하다, 충족하다	/ˈkeɪtər/	The restaurant catered the event.	그 식당은 행사에 음식을 제공했다.	This program caters to beginners.	이 프로그램은 초보자를 대상으로 한다.	cater to
unprecedented	adjective	전례 없는	/ʌnˈpresɪdentɪd/	The company achieved unprecedented growth.	그 회사는 전례 없는 성장을 이루었다.	The storm caused unprecedented damage.	그 폭풍은 전례 없는 피해를 일으켰다.	이전 사례가 없음
deposit	noun	보증금, 예금	/dɪˈpɑːzɪt/	We paid a security deposit for the apartment.	우리는 아파트 보증금을 냈다.	She made a deposit at the bank.	그녀는 은행에 예금을 했다.	보증금/은행 예금
deposit	verb	예금하다, 맡기다	/dɪˈpɑːzɪt/	He deposited money into his account.	그는 계좌에 돈을 입금했다.	Please deposit your bags at the counter.	가방을 카운터에 맡겨 주세요.	입금/맡김
apparently	adverb	명백히, 보아하니	/əˈpærəntli/	Apparently, the meeting was canceled.	보아하니 회의가 취소된 것 같다.	He was apparently unaware of the problem.	그는 명백히 그 문제를 모르고 있었다.	겉보기 판단
in this respect	phrase	이 점에서	/ɪn ðɪs rɪˈspekt/	In this respect, the two plans are similar.	이 점에서 두 계획은 비슷하다.	The policy is useful in this respect.	그 정책은 이 점에서 유용하다.	특정 관점
get the most out of	phrase	~을 최대한 활용하다	/ɡet ðə moʊst aʊt əv/	You should get the most out of this opportunity.	이 기회를 최대한 활용해야 한다.	This guide helps you get the most out of the software.	이 안내서는 소프트웨어를 최대한 활용하도록 돕는다.	최대한 활용
infer	verb	추론하다, 뜻하다	/ɪnˈfɜːr/	We can infer the meaning from context.	우리는 문맥에서 의미를 추론할 수 있다.	What can you infer from the data?	그 데이터에서 무엇을 추론할 수 있나요?	간접적으로 판단
convention	noun	대회, 관습	/kənˈvenʃn/	The annual convention will be held in June.	연례 대회는 6월에 열릴 것이다.	Shaking hands is a common convention.	악수는 흔한 관습이다.	회의/관습
promotion	noun	홍보, 판촉 행사, 승진	/prəˈmoʊʃn/	The store is running a promotion.	그 가게는 판촉 행사를 하고 있다.	She received a promotion at work.	그녀는 직장에서 승진했다.	마케팅/직장
year-round	adjective	연중 계속되는	/ˈjɪr raʊnd/	The resort offers year-round activities.	그 리조트는 연중 계속되는 활동을 제공한다.	The pool is open year-round.	수영장은 연중 내내 운영된다.	1년 내내
debut	noun	데뷔, 첫 출연	/deɪˈbjuː/	Her debut album was successful.	그녀의 데뷔 앨범은 성공적이었다.	The actor made his debut last year.	그 배우는 작년에 데뷔했다.	첫 등장
patron	noun	고객, 후원자	/ˈpeɪtrən/	The café is popular with local patrons.	그 카페는 지역 고객들에게 인기가 있다.	The museum thanked its patrons.	박물관은 후원자들에게 감사했다.	고객/후원자
lease	noun	임대차 계약서, 임대 계약	/liːs/	We signed a one-year lease.	우리는 1년 임대 계약을 체결했다.	The lease ends in December.	그 임대 계약은 12월에 끝난다.	부동산 계약
lease	verb	임대하다, 빌리다	/liːs/	They leased an office downtown.	그들은 시내에 사무실을 임대했다.	The company leases cars to employees.	그 회사는 직원들에게 차를 임대한다.	임대
specify	verb	명시하다	/ˈspesɪfaɪ/	Please specify the date and time.	날짜와 시간을 명시해 주세요.	The contract specifies the payment terms.	계약서는 결제 조건을 명시한다.	구체적으로 적음
vacate	verb	비우다, 떠나다	/ˈveɪkeɪt/	Tenants must vacate the apartment by Friday.	세입자는 금요일까지 아파트를 비워야 한다.	The police told people to vacate the building.	경찰은 사람들에게 건물을 비우라고 말했다.	건물/방을 비움
premise	noun	전제	/ˈpremɪs/	The argument is based on a false premise.	그 주장은 잘못된 전제에 기반한다.	The premise of the theory is simple.	그 이론의 전제는 단순하다.	논리의 기본 가정
premises	noun	건물, 부지	/ˈpremɪsɪz/	Smoking is not allowed on the premises.	건물 내에서는 흡연이 허용되지 않는다.	The company moved to new premises.	그 회사는 새 건물로 이전했다.	복수형으로 장소 의미
terminate	verb	끝내다, 종료하다	/ˈtɜːrmɪneɪt/	The company terminated the contract.	그 회사는 계약을 종료했다.	His employment was terminated.	그의 고용은 종료되었다.	공식적 종료
liable to	phrase	~하기 쉬운, ~할 책임이 있는	/ˈlaɪəbl tuː/	Old pipes are liable to leak.	낡은 배관은 새기 쉽다.	You are liable to pay the fee.	당신은 그 요금을 지불할 책임이 있다.	가능성/법적 책임
look after	phrasal verb	돌보다, 관리하다	/lʊk ˈæftər/	She looks after her younger brother.	그녀는 남동생을 돌본다.	Who will look after the office while you are away?	당신이 없는 동안 누가 사무실을 관리하나요?	take care of
security deposit	noun phrase	보증금	/sɪˈkjʊrəti dɪˈpɑːzɪt/	We paid a security deposit before moving in.	우리는 입주 전에 보증금을 냈다.	The landlord returned the security deposit.	집주인은 보증금을 돌려주었다.	임대 계약
good hand	noun phrase	솜씨 좋은 사람, 실력자	/ɡʊd hænd/	He is a good hand at repairing bikes.	그는 자전거 수리에 솜씨가 좋다.	She is a good hand in the kitchen.	그녀는 요리에 솜씨가 좋다.	다소 구식 표현
attest	verb	증명하다, 증언하다	/əˈtest/	The document attests to his qualifications.	그 문서는 그의 자격을 증명한다.	Witnesses attested that he was there.	목격자들은 그가 그곳에 있었다고 증언했다.	attest to
character	noun	성격, 인물, 기질	/ˈkærəktər/	She has a strong character.	그녀는 강한 성격을 가지고 있다.	The main character is a detective.	주인공은 탐정이다.	성격/등장인물
overbook	verb	예약을 초과해서 받다	/ˌoʊvərˈbʊk/	The hotel overbooked its rooms.	그 호텔은 객실 예약을 초과해서 받았다.	The airline overbooked the flight.	항공사는 그 항공편의 예약을 초과해서 받았다.	호텔/항공
controversy	noun	논란	/ˈkɑːntrəvɜːrsi/	The decision caused controversy.	그 결정은 논란을 일으켰다.	There is controversy over the new policy.	새 정책을 둘러싼 논란이 있다.	찬반 논쟁
remind	verb	상기시키다, 생각나게 하다	/rɪˈmaɪnd/	Please remind me to call her.	그녀에게 전화하라고 나에게 상기시켜 줘.	This song reminds me of my school days.	이 노래는 내 학창 시절을 떠올리게 한다.	remind A of B
reduce	verb	줄이다, 축소하다	/rɪˈduːs/	We need to reduce costs.	우리는 비용을 줄여야 한다.	Exercise can reduce stress.	운동은 스트레스를 줄일 수 있다.	양/정도 감소
preparation	noun	준비	/ˌprepəˈreɪʃn/	Preparation is important for the interview.	면접에는 준비가 중요하다.	She spent a week in preparation for the exam.	그녀는 시험 준비에 일주일을 보냈다.	in preparation for
symposium	noun	학술 토론회, 심포지엄	/sɪmˈpoʊziəm/	The university hosted a symposium on climate change.	그 대학은 기후 변화에 관한 학술 토론회를 열었다.	Experts gathered for the symposium.	전문가들이 심포지엄에 모였다.	학술 행사
all-access guest pass	noun phrase	자유이용권, 전 구역 출입권	/ɔːl ˈækses ɡest pæs/	The winner received an all-access guest pass.	우승자는 전 구역 출입권을 받았다.	An all-access guest pass lets you enter every area.	자유이용권은 모든 구역에 들어갈 수 있게 해 준다.	행사/시설
straighten teeth	verb phrase	치아를 교정하다	/ˈstreɪtn tiːθ/	Braces can straighten teeth.	교정기는 치아를 가지런하게 할 수 있다.	She visited a dentist to straighten her teeth.	그녀는 치아를 교정하려고 치과에 갔다.	치과 표현
transaction	noun	거래, 매매	/trænˈzækʃn/	The transaction was completed online.	그 거래는 온라인으로 완료되었다.	Check your bank transactions regularly.	은행 거래 내역을 정기적으로 확인하세요.	금융/거래
forward somebody to	phrase	~에게 전달하다, 연결하다	/ˈfɔːrwərd/	I forwarded the email to my manager.	나는 그 이메일을 관리자에게 전달했다.	The receptionist forwarded me to the sales department.	접수원이 나를 영업부로 연결해 주었다.	메일/전화 연결
loyalty	noun	충성, 충실함	/ˈlɔɪəlti/	Customer loyalty is important.	고객 충성도는 중요하다.	She showed loyalty to her team.	그녀는 팀에 대한 충성심을 보였다.	충성심
underway	adjective	진행 중인	/ˌʌndərˈweɪ/	The project is already underway.	그 프로젝트는 이미 진행 중이다.	Preparations are underway for the event.	행사를 위한 준비가 진행 중이다.	be underway
in bulk	phrase	대량으로, 한꺼번에	/ɪn bʌlk/	We buy rice in bulk.	우리는 쌀을 대량으로 산다.	Buying in bulk can save money.	대량 구매는 돈을 절약할 수 있다.	포장하지 않고/대량으로
hutch	noun	찬장, 장식장	/hʌtʃ/	The dishes are kept in the hutch.	그릇들은 찬장에 보관된다.	She bought an old wooden hutch.	그녀는 오래된 나무 장식장을 샀다.	가구
mediator	noun	중재인	/ˈmiːdieɪtər/	A mediator helped them reach an agreement.	중재인이 그들이 합의에 이르도록 도왔다.	The mediator listened to both sides.	중재인은 양측의 말을 들었다.	분쟁 조정
surplus	noun	흑자, 잉여	/ˈsɜːrpləs/	The company reported a budget surplus.	그 회사는 예산 흑자를 보고했다.	Surplus food was donated to charity.	남은 음식은 자선단체에 기부되었다.	남는 양
deliberation	noun	신중한 숙고, 심의	/dɪˌlɪbəˈreɪʃn/	After long deliberation, they made a decision.	긴 숙고 끝에 그들은 결정을 내렸다.	The committee began its deliberations.	위원회는 심의를 시작했다.	공식적 검토
controversially	adverb	논쟁적으로	/ˌkɑːntrəˈvɜːrʃəli/	The policy was controversially approved.	그 정책은 논란 속에 승인되었다.	He controversially claimed that the data was wrong.	그는 논쟁적으로 그 데이터가 틀렸다고 주장했다.	논란을 일으키며
somewhat	adverb	다소, 어느 정도	/ˈsʌmwʌt/	The answer is somewhat unclear.	그 답은 다소 불분명하다.	She was somewhat surprised.	그녀는 다소 놀랐다.	약간보다 공식적
aspiring	adjective	장차 ~가 되려는, 포부가 있는	/əˈspaɪərɪŋ/	She is an aspiring writer.	그녀는 작가 지망생이다.	The program supports aspiring entrepreneurs.	그 프로그램은 예비 창업가들을 지원한다.	aspiring + 직업
inspire	verb	고무시키다, 영감을 주다	/ɪnˈspaɪər/	Her story inspired many people.	그녀의 이야기는 많은 사람들에게 영감을 주었다.	The teacher inspired students to study harder.	그 선생님은 학생들이 더 열심히 공부하도록 고무했다.	inspire A to V
playwright	noun	극작가	/ˈpleɪraɪt/	The playwright wrote many famous plays.	그 극작가는 많은 유명한 희곡을 썼다.	She became a successful playwright.	그녀는 성공적인 극작가가 되었다.	희곡 작가
screenwriter	noun	시나리오 작가	/ˈskriːnraɪtər/	The screenwriter wrote the script for the film.	시나리오 작가는 그 영화의 대본을 썼다.	He works as a screenwriter in Hollywood.	그는 할리우드에서 시나리오 작가로 일한다.	영화/드라마 작가
promotional	adjective	홍보의, 판촉의	/prəˈmoʊʃənl/	The company sent promotional emails.	그 회사는 홍보 이메일을 보냈다.	We received a promotional coupon.	우리는 판촉 쿠폰을 받았다.	마케팅 관련
originate	verb	비롯되다, 유래하다	/əˈrɪdʒəneɪt/	The custom originated in Europe.	그 관습은 유럽에서 유래했다.	The idea originated with a small team.	그 아이디어는 작은 팀에서 비롯되었다.	originate in/with
commence	verb	시작되다, 시작하다	/kəˈmens/	The ceremony will commence at noon.	의식은 정오에 시작될 것이다.	Construction commenced last week.	공사는 지난주에 시작되었다.	begin보다 공식적
on behalf of	phrase	~을 대신하여, ~을 대표하여	/ɑːn bɪˈhæf əv/	I am writing on behalf of my company.	저는 회사를 대표하여 글을 씁니다.	She accepted the award on behalf of the team.	그녀는 팀을 대신해 상을 받았다.	공식 표현
on account of	phrase	~때문에	/ɑːn əˈkaʊnt əv/	The game was canceled on account of rain.	비 때문에 경기가 취소되었다.	He was absent on account of illness.	그는 병 때문에 결석했다.	because of와 비슷
typo	noun	오타	/ˈtaɪpoʊ/	There is a typo in your email.	네 이메일에 오타가 있다.	Please fix the typo before sending it.	보내기 전에 오타를 고쳐 주세요.	typographical error
as though	phrase	마치 ~인 것처럼	/æz ðoʊ/	He looked as though he was tired.	그는 피곤한 것처럼 보였다.	She spoke as though she knew everything.	그녀는 모든 것을 아는 것처럼 말했다.	as if와 비슷
apart from	phrase	~외에는, ~을 제외하고	/əˈpɑːrt frʌm/	Apart from the price, the product is good.	가격을 제외하면 그 제품은 좋다.	Apart from English, she speaks Japanese.	영어 외에도 그녀는 일본어를 한다.	except/aside from
plausible	adjective	타당해 보이는, 이치에 맞는	/ˈplɔːzəbl/	That sounds like a plausible explanation.	그것은 타당한 설명처럼 들린다.	The theory is plausible but unproven.	그 이론은 그럴듯하지만 입증되지는 않았다.	그럴듯함
intrusive	adjective	침범하는, 성가신	/ɪnˈtruːsɪv/	The questions were too intrusive.	그 질문들은 너무 사생활을 침해했다.	Intrusive ads can annoy users.	침입적인 광고는 사용자를 짜증나게 할 수 있다.	원치 않게 끼어듦
negligible	adjective	무시해도 될 정도의	/ˈneɡlɪdʒəbl/	The difference is negligible.	그 차이는 무시해도 될 정도이다.	The cost was negligible compared with the benefit.	그 비용은 이익에 비하면 무시할 정도였다.	매우 작음
commitment	noun	약속, 전념	/kəˈmɪtmənt/	She has a strong commitment to her work.	그녀는 일에 강한 전념을 보인다.	We made a commitment to finish the project.	우리는 그 프로젝트를 끝내겠다고 약속했다.	약속/헌신
resurface	verb	다시 표면으로 나오다, 재포장하다	/ˌriːˈsɜːrfɪs/	The issue resurfaced after the report.	그 문제는 보고서 이후 다시 떠올랐다.	The city resurfaced the road.	시는 도로를 다시 포장했다.	다시 나타남/도로 포장
housewarming	noun	집들이	/ˈhaʊswɔːrmɪŋ/	We had a housewarming party.	우리는 집들이 파티를 했다.	She invited us to her housewarming.	그녀는 우리를 집들이에 초대했다.	새 집 축하
redone	adjective	다시 한, 새로 고친	/ˌriːˈdʌn/	The kitchen was completely redone.	부엌은 완전히 새로 고쳐졌다.	The report must be redone.	그 보고서는 다시 작성되어야 한다.	redo의 과거분사
drafting	noun	기안, 제도	/ˈdræftɪŋ/	Drafting the contract took two days.	계약서를 기안하는 데 이틀이 걸렸다.	He studied technical drafting.	그는 기술 제도를 공부했다.	문서 작성/제도
subcontractor	noun	하도급업자	/ˌsʌbkənˈtræktər/	The builder hired a subcontractor.	건설업자는 하도급업자를 고용했다.	The subcontractor handled the electrical work.	하도급업자가 전기 작업을 맡았다.	공사/계약
refer to somebody	phrase	~에게 문의하다, ~을 언급하다	/rɪˈfɜːr tuː/	Please refer to your supervisor.	상사에게 문의하세요.	He referred to her several times in the speech.	그는 연설에서 그녀를 여러 번 언급했다.	문의/언급
exposition	noun	상세한 설명, 박람회	/ˌekspəˈzɪʃn/	The book includes a clear exposition of the theory.	그 책은 그 이론에 대한 명확한 설명을 포함한다.	The technology exposition attracted many visitors.	그 기술 박람회는 많은 방문객을 끌어들였다.	설명/전시회
conference call	noun phrase	전화 회의	/ˈkɑːnfərəns kɔːl/	We have a conference call at 3 p.m.	우리는 오후 3시에 전화 회의가 있다.	The team joined the conference call.	팀은 전화 회의에 참여했다.	여러 명 통화
agenda	noun	의제, 안건	/əˈdʒendə/	The first item on the agenda is the budget.	첫 번째 안건은 예산이다.	Please send me the meeting agenda.	회의 안건을 보내 주세요.	회의 주제 목록
luncheon	noun	오찬	/ˈlʌntʃən/	The company hosted a luncheon for clients.	회사는 고객들을 위한 오찬을 열었다.	We attended a business luncheon.	우리는 비즈니스 오찬에 참석했다.	공식 점심
exclusive	adjective	독점적인, 전용의	/ɪkˈskluːsɪv/	This is an exclusive offer for members.	이것은 회원 전용 혜택이다.	The company has exclusive rights to the product.	그 회사는 그 제품에 대한 독점권을 가지고 있다.	독점/전용
establishment	noun	기관, 시설, 설립	/ɪˈstæblɪʃmənt/	The hotel is a well-known establishment.	그 호텔은 잘 알려진 시설이다.	The establishment of the company took years.	그 회사의 설립에는 몇 년이 걸렸다.	시설/설립
on your behalf	phrase	당신을 대신하여	/ɑːn jʊr bɪˈhæf/	I signed the form on your behalf.	나는 당신을 대신하여 양식에 서명했다.	She spoke on your behalf at the meeting.	그녀는 회의에서 당신을 대신해 말했다.	대신하여
award-winning	adjective	수상한	/əˈwɔːrd wɪnɪŋ/	She is an award-winning actress.	그녀는 수상 경력이 있는 배우이다.	The restaurant is known for its award-winning chef.	그 식당은 수상 경력의 셰프로 유명하다.	상 받은
blueprint	noun	청사진, 계획	/ˈbluːprɪnt/	The architect showed us the blueprint.	건축가는 우리에게 청사진을 보여 주었다.	The report is a blueprint for future growth.	그 보고서는 미래 성장을 위한 계획이다.	설계도/계획
grant	verb	승인하다, 인정하다	/ɡrænt/	The city granted permission for the event.	시는 그 행사에 대한 허가를 승인했다.	I grant that you may be right.	네가 맞을 수도 있다는 점은 인정한다.	허가/인정
grant	noun	보조금	/ɡrænt/	The school received a government grant.	학교는 정부 보조금을 받았다.	She applied for a research grant.	그녀는 연구 보조금을 신청했다.	지원금
adequately	adverb	충분히, 적절히	/ˈædɪkwətli/	The room is adequately heated.	그 방은 충분히 난방된다.	We were adequately prepared for the test.	우리는 시험에 적절히 준비되어 있었다.	충분한 수준
staple	noun	주요 식품, 주된 것	/ˈsteɪpl/	Rice is a staple food in Korea.	쌀은 한국의 주식이다.	Email is a staple of office communication.	이메일은 사무실 의사소통의 핵심 수단이다.	기본/주요
margin	noun	이윤, 여백, 차이	/ˈmɑːrdʒɪn/	The company has a high profit margin.	그 회사는 높은 이윤율을 가지고 있다.	Write your notes in the margin.	여백에 필기하세요.	이윤/여백
occasion	noun	때, 행사	/əˈkeɪʒn/	I met him on one occasion.	나는 한 번 그를 만났다.	The wedding was a special occasion.	그 결혼식은 특별한 행사였다.	특정 때/행사
to mark the event	phrase	그 행사를 기념하기 위해	/tuː mɑːrk ði ɪˈvent/	They held a ceremony to mark the event.	그들은 그 행사를 기념하기 위해 의식을 열었다.	A plaque was placed to mark the event.	그 행사를 기념하기 위해 명판이 설치되었다.	mark=기념하다
outing	noun	야외 활동, 소풍	/ˈaʊtɪŋ/	The class went on an outing to the park.	그 학급은 공원으로 소풍을 갔다.	The company outing is next Friday.	회사 야유회는 다음 주 금요일이다.	짧은 외출 행사
wrap up	phrasal verb	마무리짓다	/ræp ʌp/	Let’s wrap up the meeting.	회의를 마무리합시다.	She wrapped up the project last week.	그녀는 지난주 프로젝트를 마무리했다.	끝내다
administrative	adjective	관리자의, 행정의	/ədˈmɪnɪstreɪtɪv/	She handles administrative tasks.	그녀는 행정 업무를 처리한다.	The administrative office is on the first floor.	행정 사무실은 1층에 있다.	행정 관련
station	noun	배치, 위치, 역	/ˈsteɪʃn/	The guard returned to his station.	경비원은 자신의 배치 장소로 돌아갔다.	The train arrived at the station.	기차가 역에 도착했다.	위치/역
fiscal year	noun phrase	회계연도	/ˈfɪskl jɪr/	The fiscal year ends in December.	회계연도는 12월에 끝난다.	The budget for the next fiscal year was approved.	다음 회계연도 예산이 승인되었다.	회계 기간
refer to something	phrase	~을 보다, ~을 참고하다	/rɪˈfɜːr tuː/	Please refer to the manual.	설명서를 참고하세요.	The chart refers to sales data.	그 도표는 매출 자료를 나타낸다.	참고/지칭
sustain	verb	유지하다, 입다, 당하다	/səˈsteɪn/	The company sustained growth for five years.	그 회사는 5년 동안 성장을 유지했다.	He sustained an injury during the game.	그는 경기 중 부상을 입었다.	유지/피해를 입음
occupy	verb	사용하다, 차지하다	/ˈɑːkjupaɪ/	The office occupies two floors.	그 사무실은 두 개 층을 차지한다.	She occupied the room for three hours.	그녀는 그 방을 세 시간 동안 사용했다.	공간 차지
prop	verb	받치다	/prɑːp/	He propped the door open with a chair.	그는 의자로 문을 열린 채 받쳐 두었다.	The wall was propped up with wooden beams.	벽은 나무 들보로 받쳐졌다.	prop up 자주 사용
overhead	adverb	머리 위에	/ˌoʊvərˈhed/	A plane flew overhead.	비행기가 머리 위로 날아갔다.	The lights overhead were bright.	머리 위의 조명이 밝았다.	위쪽
compartment	noun	칸, 객실	/kəmˈpɑːrtmənt/	Put your bag in the overhead compartment.	가방을 머리 위 짐칸에 넣으세요.	The train compartment was small.	기차 객실은 작았다.	분리된 공간
cider	noun	사과주, 사과즙	/ˈsaɪdər/	She ordered a glass of apple cider.	그녀는 사과주 한 잔을 주문했다.	Hot cider is popular in winter.	따뜻한 사과즙은 겨울에 인기가 있다.	미국은 무알코올도 가능
vinegar	noun	식초	/ˈvɪnɪɡər/	Add a little vinegar to the sauce.	소스에 식초를 조금 넣으세요.	Vinegar can be used for cleaning.	식초는 청소에 사용할 수 있다.	조미료/세척
manuscript	noun	원고, 사본	/ˈmænjuskrɪpt/	The author submitted the manuscript.	작가는 원고를 제출했다.	The museum has an ancient manuscript.	박물관에는 고대 사본이 있다.	책/논문 원고
tan	adjective	황갈색의	/tæn/	She wore a tan coat.	그녀는 황갈색 코트를 입었다.	The walls were painted tan.	벽은 황갈색으로 칠해졌다.	색깔
venue	noun	장소, 행사장	/ˈvenjuː/	The venue for the concert changed.	콘서트 장소가 바뀌었다.	The conference venue is near the hotel.	회의장은 호텔 근처에 있다.	행사 장소
biannual	adjective	연 2회의	/baɪˈænjuəl/	The company holds a biannual meeting.	그 회사는 연 2회 회의를 연다.	The magazine is published biannually.	그 잡지는 연 2회 발행된다.	혼동 주의: biennial은 2년에 한 번
all the way	phrase	내내, 완전히	/ɔːl ðə weɪ/	She walked all the way home.	그녀는 집까지 내내 걸어갔다.	I support you all the way.	나는 너를 완전히 지지한다.	끝까지/완전히
orchid	noun	난초	/ˈɔːrkɪd/	She grows orchids at home.	그녀는 집에서 난초를 기른다.	The orchid has beautiful flowers.	그 난초는 아름다운 꽃을 가지고 있다.	식물
forum	noun	장, 공개 토론회	/ˈfɔːrəm/	The forum discussed environmental issues.	그 공개 토론회는 환경 문제를 논의했다.	The website has a forum for users.	그 웹사이트에는 사용자 토론장이 있다.	토론 공간
drop box	noun phrase	투입함, 반납함	/drɑːp bɑːks/	Please put the form in the drop box.	양식을 투입함에 넣어 주세요.	The library has a book drop box.	그 도서관에는 책 반납함이 있다.	서류/물건 넣는 함
omit	verb	누락시키다, 생략하다	/oʊˈmɪt/	Do not omit important details.	중요한 세부 사항을 누락하지 마세요.	She omitted his name from the list.	그녀는 명단에서 그의 이름을 뺐다.	빼다
main square	noun phrase	중앙 광장	/meɪn skwer/	The festival was held in the main square.	축제는 중앙 광장에서 열렸다.	People gathered in the main square.	사람들이 중앙 광장에 모였다.	도시 중심 광장
panel	noun	패널, 토론자단, 판	/ˈpænl/	The panel answered questions from the audience.	패널은 청중의 질문에 답했다.	The wall panel was damaged.	벽 판이 손상되었다.	토론자단/판
assign	verb	맡기다, 배정하다, 지정하다	/əˈsaɪn/	The teacher assigned a project.	선생님은 프로젝트를 맡겼다.	They assigned me to the marketing team.	그들은 나를 마케팅 팀에 배정했다.	일/사람 배정
repeat business	noun phrase	재구매, 반복 거래	/rɪˈpiːt ˈbɪznəs/	Good service leads to repeat business.	좋은 서비스는 재구매로 이어진다.	The store depends on repeat business.	그 가게는 반복 거래에 의존한다.	고객 재방문
regional	adjective	지방의, 지역의	/ˈriːdʒənl/	The company opened a regional office.	그 회사는 지역 사무소를 열었다.	Regional differences can affect prices.	지역 차이가 가격에 영향을 줄 수 있다.	지역 관련
deduction	noun	추론, 추정, 공제	/dɪˈdʌkʃn/	Your deduction was logical.	네 추론은 논리적이었다.	Tax deductions can reduce your income tax.	세금 공제는 소득세를 줄일 수 있다.	논리/세금
reside	verb	살다, 거주하다	/rɪˈzaɪd/	She resides in Busan.	그녀는 부산에 거주한다.	Applicants must reside in the city.	지원자는 그 도시에 거주해야 한다.	live보다 공식적
notwithstanding	preposition/adverb	~에도 불구하고	/ˌnɑːtwɪθˈstændɪŋ/	Notwithstanding the rain, the event continued.	비에도 불구하고 행사는 계속되었다.	The plan succeeded, problems notwithstanding.	문제에도 불구하고 그 계획은 성공했다.	매우 공식적
dismay	noun	실망, 경악	/dɪsˈmeɪ/	She looked at the damage in dismay.	그녀는 피해를 보고 실망과 경악에 빠졌다.	To my dismay, the train had already left.	실망스럽게도 기차는 이미 떠나 있었다.	놀람+실망
much to one's dismay	phrase	~가 매우 실망스럽게도	/mʌtʃ tuː wʌnz dɪsˈmeɪ/	Much to my dismay, the event was canceled.	매우 실망스럽게도 행사는 취소되었다.	Much to her dismay, she failed the test.	그녀가 매우 실망스럽게도 시험에 떨어졌다.	문장 앞 표현
not to mention	phrase	~은 말할 것도 없이	/nɑːt tuː ˈmenʃn/	The room is small, not to mention expensive.	그 방은 비싼 것은 말할 것도 없이 작다.	He is smart, not to mention hardworking.	그는 성실한 것은 말할 것도 없이 똑똑하다.	추가 강조
in this regard	phrase	이 점에 있어서	/ɪn ðɪs rɪˈɡɑːrd/	In this regard, we need more research.	이 점에 있어서 우리는 더 많은 연구가 필요하다.	The policy is helpful in this regard.	그 정책은 이 점에서 도움이 된다.	공식 표현
reassure	verb	안심시키다	/ˌriːəˈʃʊr/	The doctor reassured the patient.	의사는 환자를 안심시켰다.	She reassured me that everything was fine.	그녀는 모든 것이 괜찮다고 나를 안심시켰다.	reassure A that
blend	verb	섞다, 조화시키다	/blend/	Blend the ingredients until smooth.	재료가 부드러워질 때까지 섞어라.	The building blends with the landscape.	그 건물은 풍경과 조화를 이룬다.	섞임/조화
blend	noun	혼합물, 조합	/blend/	This tea is a blend of several herbs.	이 차는 여러 허브의 혼합물이다.	The design is a blend of old and new styles.	그 디자인은 오래된 양식과 새로운 양식의 조합이다.	혼합
pose	verb	제기하다, 자세를 취하다	/poʊz/	The issue poses a serious problem.	그 사안은 심각한 문제를 제기한다.	She posed for a photo.	그녀는 사진을 찍기 위해 자세를 취했다.	pose a problem/risk
respect one's wishes	phrase	~의 의사를 존중하다	/rɪˈspekt wʌnz ˈwɪʃɪz/	We should respect her wishes.	우리는 그녀의 의사를 존중해야 한다.	The hospital respected the family’s wishes.	병원은 가족의 의사를 존중했다.	결정/요구 존중
foam	noun	거품	/foʊm/	The soap made a lot of foam.	비누가 많은 거품을 만들었다.	Foam covered the surface of the water.	거품이 물 표면을 덮었다.	비누/바다 거품
shred	verb	조각조각 자르다	/ʃred/	Please shred these documents.	이 문서들을 잘게 파쇄해 주세요.	She shredded the paper into pieces.	그녀는 종이를 조각조각 잘랐다.	문서 파쇄
shred	noun	조각, 조금	/ʃred/	There was not a shred of evidence.	증거가 조금도 없었다.	The shirt was torn to shreds.	그 셔츠는 갈기갈기 찢어졌다.	a shred of
detergent	noun	세제	/dɪˈtɜːrdʒənt/	Use a mild detergent for this fabric.	이 천에는 순한 세제를 사용하세요.	We need laundry detergent.	우리는 세탁 세제가 필요하다.	세탁/청소
look into	phrasal verb	~을 조사하다	/lʊk ˈɪntuː/	The police will look into the case.	경찰이 그 사건을 조사할 것이다.	We need to look into the cause of the problem.	우리는 그 문제의 원인을 조사해야 한다.	investigate
assume	verb	추정하다, 맡다	/əˈsuːm/	I assume he is busy.	나는 그가 바쁘다고 추정한다.	She assumed responsibility for the project.	그녀는 그 프로젝트의 책임을 맡았다.	가정하다/책임 맡다
hospitality	noun	환대, 접대	/ˌhɑːspɪˈtæləti/	Thank you for your hospitality.	환대해 주셔서 감사합니다.	The hotel is known for its hospitality.	그 호텔은 환대로 유명하다.	손님 대접
excel	verb	뛰어나다, 탁월하다	/ɪkˈsel/	She excels at math.	그녀는 수학을 매우 잘한다.	The company excels in customer service.	그 회사는 고객 서비스에서 뛰어나다.	excel at/in
coordinate	verb	조정하다, 조직화하다	/koʊˈɔːrdɪneɪt/	She coordinates the training program.	그녀는 교육 프로그램을 조정한다.	We need to coordinate our schedules.	우리는 일정을 조율해야 한다.	일정/업무 조율
pursuit	noun	추구, 쫓음	/pərˈsuːt/	He moved abroad in pursuit of better opportunities.	그는 더 좋은 기회를 찾아 해외로 이사했다.	The police were in pursuit of the suspect.	경찰은 용의자를 추격 중이었다.	in pursuit of
excursion	noun	여행, 소풍	/ɪkˈskɜːrʒn/	The students went on an excursion to the museum.	학생들은 박물관으로 견학을 갔다.	We took a short excursion outside the city.	우리는 도시 밖으로 짧은 여행을 갔다.	짧은 여행
mainland	noun	본토	/ˈmeɪnlænd/	We took a ferry to the mainland.	우리는 본토로 가는 배를 탔다.	The island is far from the mainland.	그 섬은 본토에서 멀리 떨어져 있다.	섬의 반대 개념
on account of	phrase	~때문에	/ɑːn əˈkaʊnt əv/	The picnic was canceled on account of rain.	비 때문에 소풍이 취소되었다.	He was absent on account of illness.	그는 병 때문에 결석했다.	because of
make up for	phrasal verb	~을 보상하다, 만회하다	/meɪk ʌp fɔːr/	She worked late to make up for lost time.	그녀는 잃어버린 시간을 만회하려고 늦게까지 일했다.	This discount makes up for the delay.	이 할인은 지연에 대한 보상이 된다.	부족/손실 보충
writer	noun	기자, 작가	/ˈraɪtər/	She is a travel writer.	그녀는 여행 작가이다.	The writer interviewed several experts.	그 기자는 여러 전문가를 인터뷰했다.	글 쓰는 사람
piece	noun	기사, 작품, 조각	/piːs/	She wrote a piece about local culture.	그녀는 지역 문화에 관한 기사를 썼다.	He cut the cake into small pieces.	그는 케이크를 작은 조각으로 잘랐다.	글/조각
direct	verb	지휘하다, 안내하다	/dəˈrekt/	She directed the movie.	그녀는 그 영화를 감독했다.	The sign directed us to the exit.	그 표지판은 우리를 출구로 안내했다.	감독/안내
direct	adjective	직접적인	/dəˈrekt/	We need a direct answer.	우리는 직접적인 답이 필요하다.	There is a direct flight to Tokyo.	도쿄로 가는 직항편이 있다.	직접
interact	verb	소통하다, 상호작용하다	/ˌɪntərˈækt/	Students interact with each other in class.	학생들은 수업에서 서로 소통한다.	The system interacts with the database.	그 시스템은 데이터베이스와 상호작용한다.	사람/시스템
discretion	noun	재량, 판단	/dɪˈskreʃn/	Use your discretion when making the decision.	결정할 때 재량껏 판단하세요.	The manager has discretion over the budget.	관리자는 예산에 대한 재량권을 가진다.	판단 권한
speculation	noun	추측, 짐작	/ˌspekjuˈleɪʃn/	There is speculation about his resignation.	그의 사임에 대한 추측이 있다.	The news caused a lot of speculation.	그 소식은 많은 추측을 불러일으켰다.	확실하지 않은 추정
nurturing	adjective	육성하는, 보살피는	/ˈnɜːrtʃərɪŋ/	Children need a nurturing environment.	아이들은 보살피는 환경이 필요하다.	She has a nurturing personality.	그녀는 돌보는 성격을 가지고 있다.	성장 도움
in terms of	phrase	~면에서는	/ɪn tɜːrmz əv/	In terms of price, this is a good choice.	가격 면에서는 이것이 좋은 선택이다.	The plan is strong in terms of safety.	그 계획은 안전 면에서 강점이 있다.	관점 제시
plans call for	phrase	계획상 ~하기로 되어 있다	/plænz kɔːl fɔːr/	Plans call for a new library downtown.	계획상 시내에 새 도서관을 짓기로 되어 있다.	Plans call for construction to begin next year.	계획상 공사는 내년에 시작될 예정이다.	기사문 표현
immense	adjective	엄청난, 막대한	/ɪˈmens/	The project required immense effort.	그 프로젝트에는 엄청난 노력이 필요했다.	The building is immense.	그 건물은 거대하다.	매우 큼
excuse	noun	변명, 핑계	/ɪkˈskjuːs/	He made an excuse for being late.	그는 늦은 것에 대해 변명을 했다.	There is no excuse for rude behavior.	무례한 행동에는 변명의 여지가 없다.	이유/핑계
if that weren't bad enough	phrase	그것만으로도 충분히 나쁜데	/ɪf ðæt wɜːrnt bæd ɪˈnʌf/	If that weren’t bad enough, it started to rain.	그것만으로도 나쁜데 비까지 오기 시작했다.	If that weren’t bad enough, the price went up.	그것만으로도 나쁜데 가격까지 올랐다.	나쁜 상황 추가
airline	noun	항공사	/ˈerlaɪn/	The airline canceled the flight.	그 항공사는 항공편을 취소했다.	She works for a major airline.	그녀는 대형 항공사에서 일한다.	항공 회사
publication	noun	간행물, 출판	/ˌpʌblɪˈkeɪʃn/	The article appeared in a scientific publication.	그 기사는 과학 간행물에 실렸다.	The publication of the book was delayed.	그 책의 출판이 지연되었다.	출판물/출판 행위
blast	noun	폭발, 강한 바람	/blæst/	The blast broke the windows.	그 폭발은 창문을 깨뜨렸다.	A cold blast of wind hit my face.	차가운 강풍이 내 얼굴을 때렸다.	폭발/강풍
excavation	noun	발굴, 굴착	/ˌekskəˈveɪʃn/	The excavation uncovered ancient tools.	그 발굴은 고대 도구들을 드러냈다.	Excavation work began yesterday.	굴착 작업은 어제 시작되었다.	고고학/공사
blare	verb	요란하게 울리다	/bler/	Sirens blared in the street.	거리에서 사이렌이 요란하게 울렸다.	The radio blared all night.	라디오가 밤새 요란하게 울렸다.	큰 소리
inoleum	noun	리놀륨, 바닥재	/lɪˈnoʊliəm/	The kitchen floor was covered with linoleum.	부엌 바닥은 리놀륨으로 덮여 있었다.	They replaced the old linoleum.	그들은 낡은 리놀륨 바닥재를 교체했다.	정확한 철자는 linoleum
collage	noun	콜라주	/kəˈlɑːʒ/	She made a collage with old photos.	그녀는 오래된 사진들로 콜라주를 만들었다.	The wall was decorated with a colorful collage.	벽은 화려한 콜라주로 장식되었다.	여러 이미지 조합
illustrator	noun	삽화가	/ˈɪləstreɪtər/	The illustrator drew pictures for the book.	삽화가는 그 책의 그림을 그렸다.	She works as a children’s book illustrator.	그녀는 아동 도서 삽화가로 일한다.	그림 작가
rate	noun	요금, 비율	/reɪt/	The hotel rate includes breakfast.	호텔 요금에는 아침 식사가 포함된다.	The unemployment rate fell last month.	실업률은 지난달 하락했다.	요금/비율
retain	verb	보유하다, 유지하다	/rɪˈteɪn/	Please retain a copy of the receipt.	영수증 사본을 보관해 주세요.	The company wants to retain skilled workers.	그 회사는 숙련된 직원을 유지하고 싶어 한다.	keep보다 공식적
tentative	adjective	잠정적인, 머뭇거리는	/ˈtentətɪv/	We made a tentative plan.	우리는 잠정적인 계획을 세웠다.	She gave a tentative answer.	그녀는 머뭇거리는 답을 했다.	확정 아님
comprehensive	adjective	포괄적인, 종합적인	/ˌkɑːmprɪˈhensɪv/	The report gives a comprehensive overview.	그 보고서는 종합적인 개요를 제공한다.	We need comprehensive training.	우리는 포괄적인 교육이 필요하다.	범위가 넓음
amendment	noun	개정, 수정안	/əˈmendmənt/	The amendment was approved by Congress.	그 수정안은 의회에서 승인되었다.	They proposed an amendment to the rule.	그들은 규칙에 대한 개정안을 제안했다.	법/규칙 수정
moderately	adverb	적당히, 중간 정도로	/ˈmɑːdərətli/	The room was moderately warm.	그 방은 적당히 따뜻했다.	The task is moderately difficult.	그 과제는 중간 정도로 어렵다.	너무 많지 않게
promote	verb	홍보하다, 촉진하다, 승진시키다	/prəˈmoʊt/	The campaign promotes healthy eating.	그 캠페인은 건강한 식습관을 촉진한다.	She was promoted to manager.	그녀는 관리자로 승진했다.	홍보/촉진/승진
giveaway	noun	증정품, 무료 나눔	/ˈɡɪvəweɪ/	The store offered a free giveaway.	그 가게는 무료 증정품을 제공했다.	There will be a giveaway at the event.	행사에서 무료 증정이 있을 것이다.	판촉 표현
draw	noun	추첨, 매력	/drɔː/	The prize winner was chosen by draw.	상품 당첨자는 추첨으로 뽑혔다.	The festival’s main draw is the food.	그 축제의 주요 매력은 음식이다.	추첨/끌림
subject	noun	제목, 주제, 대상	/ˈsʌbdʒekt/	The subject of the email was unclear.	그 이메일 제목은 불분명했다.	The subject of the lecture was history.	강의 주제는 역사였다.	제목/주제
faulty	adjective	결함이 있는	/ˈfɔːlti/	The machine stopped because of faulty wiring.	그 기계는 결함 있는 배선 때문에 멈췄다.	The product was returned due to a faulty part.	그 제품은 결함 있는 부품 때문에 반품되었다.	고장/결함
spiral	noun	나선, 소용돌이	/ˈspaɪrəl/	The staircase forms a spiral.	그 계단은 나선형을 이룬다.	Smoke rose in a spiral.	연기가 소용돌이 모양으로 올라갔다.	나선 모양
spiral	verb	나선형으로 움직이다, 급격히 악화되다	/ˈspaɪrəl/	The plane spiraled downward.	비행기가 나선형으로 아래로 내려갔다.	Costs began to spiral.	비용이 급격히 치솟기 시작했다.	나선 운동/급변
dialing extension	noun phrase	내선 번호 누르기	/ˈdaɪəlɪŋ ɪkˈstenʃn/	Dialing extension 204 will connect you to sales.	내선 204번을 누르면 영업부로 연결됩니다.	Use the phone guide for dialing extensions.	내선 번호를 누를 때 전화 안내표를 사용하세요.	전화 표현
footage	noun	동영상 장면, 영상 자료	/ˈfʊtɪdʒ/	The news showed footage of the accident.	뉴스는 사고 영상을 보여 주었다.	Security footage helped identify the thief.	보안 영상이 도둑을 식별하는 데 도움이 되었다.	영상 자료
auditorium	noun	강당, 객석	/ˌɔːdɪˈtɔːriəm/	The lecture was held in the auditorium.	강연은 강당에서 열렸다.	The auditorium was full of students.	강당은 학생들로 가득 찼다.	행사 공간
clinic	noun	병원, 진료소	/ˈklɪnɪk/	She visited a dental clinic.	그녀는 치과 진료소를 방문했다.	The clinic opens at 9 a.m.	그 병원은 오전 9시에 문을 연다.	소규모 의료기관
initiative	noun	주도권, 계획	/ɪˈnɪʃətɪv/	She took the initiative in solving the problem.	그녀는 문제 해결에 주도권을 잡았다.	The city launched a new housing initiative.	시는 새로운 주택 계획을 시작했다.	주도성/정책
municipal	adjective	지방 자치제의, 시의	/mjuːˈnɪsɪpl/	Municipal officials attended the meeting.	시 관계자들이 회의에 참석했다.	The municipal government built a new park.	시 정부는 새 공원을 지었다.	시 정부 관련
following	adjective	지켜보는, 다음의	/ˈfɑːloʊɪŋ/	The following day, we left early.	다음 날 우리는 일찍 떠났다.	The following instructions are important.	다음 지시 사항들은 중요하다.	다음의
following	noun	추종자들, 지지자들	/ˈfɑːloʊɪŋ/	The artist has a large following.	그 예술가는 많은 팬층을 가지고 있다.	The politician gained a loyal following.	그 정치인은 충성스러운 지지자들을 얻었다.	팬층/지지층
charter	verb	전세 내다	/ˈtʃɑːrtər/	They chartered a bus for the trip.	그들은 여행을 위해 버스를 전세 냈다.	The company chartered a plane.	회사는 비행기를 전세 냈다.	교통수단 통째로 빌림
charter	noun	헌장, 특허장	/ˈtʃɑːrtər/	The organization adopted a new charter.	그 단체는 새 헌장을 채택했다.	The town received a charter in the 1800s.	그 도시는 1800년대에 특허장을 받았다.	공식 문서
outlet	noun	콘센트, 배출구, 매장	/ˈaʊtlet/	Plug the charger into the outlet.	충전기를 콘센트에 꽂아라.	The brand has several outlet stores.	그 브랜드는 여러 아울렛 매장을 가지고 있다.	전기/매장
built-in	adjective	붙박이의, 내장된	/ˌbɪlt ˈɪn/	The apartment has built-in shelves.	그 아파트에는 붙박이 선반이 있다.	The camera has a built-in microphone.	그 카메라에는 내장 마이크가 있다.	내장/붙박이
troubleshooting	noun	문제 해결, 고장 수리	/ˈtrʌblʃuːtɪŋ/	The manual includes troubleshooting tips.	설명서에는 문제 해결 팁이 포함되어 있다.	Troubleshooting took several hours.	고장 수리에 몇 시간이 걸렸다.	기술 문제 해결
step down	phrasal verb	퇴진하다, 물러나다	/step daʊn/	The chairman decided to step down.	회장은 물러나기로 결정했다.	She stepped down from her position.	그녀는 자신의 직위에서 물러났다.	직책 사임
chairman	noun	회장, 의장	/ˈtʃermən/	The chairman opened the meeting.	의장이 회의를 시작했다.	He served as chairman of the board.	그는 이사회 회장으로 일했다.	조직 대표
outsell	verb	~보다 더 많이 팔다	/ˌaʊtˈsel/	This model outsells all other models.	이 모델은 다른 모든 모델보다 더 많이 팔린다.	The new phone outsold its competitors.	새 휴대폰은 경쟁 제품보다 더 많이 팔렸다.	out+sell
timeline	noun	연대표, 시간표	/ˈtaɪmlaɪn/	The timeline shows the project schedule.	그 일정표는 프로젝트 일정을 보여 준다.	We need a clear timeline for the work.	우리는 그 일에 대한 명확한 시간표가 필요하다.	시간 흐름
key	adjective	핵심적인	/kiː/	Communication is a key factor.	소통은 핵심 요소이다.	She played a key role in the project.	그녀는 프로젝트에서 핵심 역할을 했다.	중요한
marginally	adverb	아주 조금, 미미하게	/ˈmɑːrdʒɪnəli/	Sales increased marginally.	매출이 아주 조금 증가했다.	The new version is marginally faster.	새 버전은 아주 조금 더 빠르다.	작은 차이
on the go	phrase	이동 중에도, 바쁘게 활동 중인	/ɑːn ðə ɡoʊ/	You can check email on the go.	이동 중에도 이메일을 확인할 수 있다.	She is always on the go.	그녀는 항상 바쁘게 움직인다.	이동 중/바쁨
inflate	verb	부풀리다, 팽창시키다	/ɪnˈfleɪt/	Inflate the balloon slowly.	풍선을 천천히 부풀려라.	The company inflated the numbers.	그 회사는 수치를 부풀렸다.	물리적/수치 과장
deflate	verb	공기를 빼다, 기세를 꺾다	/dɪˈfleɪt/	Deflate the air mattress before packing it.	공기 매트리스를 포장하기 전에 공기를 빼라.	His confidence was deflated by the criticism.	그의 자신감은 비판으로 꺾였다.	inflate 반대
durable	adjective	내구성 있는, 오래가는	/ˈdʊrəbl/	This bag is durable.	이 가방은 내구성이 좋다.	We need durable materials.	우리는 내구성 있는 재료가 필요하다.	제품/재료
piece of luggage	noun phrase	여행가방 하나	/piːs əv ˈlʌɡɪdʒ/	Each passenger may bring one piece of luggage.	승객은 각자 여행가방 하나를 가져올 수 있다.	That piece of luggage is too heavy.	그 여행가방은 너무 무겁다.	luggage는 불가산
disciplinary	adjective	징계의, 훈육의	/ˈdɪsəpləneri/	The student faced disciplinary action.	그 학생은 징계 조치를 받았다.	The company has a disciplinary policy.	그 회사에는 징계 방침이 있다.	징계 관련
dependably	adverb	믿음직하게, 신뢰할 수 있게	/dɪˈpendəbli/	She works dependably every day.	그녀는 매일 믿음직하게 일한다.	The machine runs dependably.	그 기계는 안정적으로 작동한다.	신뢰성 있게
rug	noun	카펫, 깔개	/rʌɡ/	There is a rug under the table.	탁자 아래에 깔개가 있다.	She bought a new rug for the living room.	그녀는 거실용 새 카펫을 샀다.	작은 카펫
wallpaper	noun	벽지	/ˈwɔːlpeɪpər/	The room has blue wallpaper.	그 방에는 파란 벽지가 있다.	They removed the old wallpaper.	그들은 오래된 벽지를 제거했다.	벽 장식지
interval	noun	간격, 사이	/ˈɪntərvl/	The buses run at ten-minute intervals.	버스는 10분 간격으로 운행된다.	There was a short interval between meetings.	회의 사이에 짧은 간격이 있었다.	시간/공간 간격
put together	phrasal verb	조립하다, 합치다	/pʊt təˈɡeðər/	He put together the bookshelf.	그는 책장을 조립했다.	She put together a report.	그녀는 보고서를 작성해 모았다.	조립/구성
horizon	noun	수평선, 시야	/həˈraɪzn/	The sun disappeared below the horizon.	해가 수평선 아래로 사라졌다.	New opportunities are on the horizon.	새로운 기회가 곧 다가오고 있다.	물리적/비유적
distraction	noun	집중을 방해하는 것	/dɪˈstrækʃn/	Noise is a major distraction.	소음은 큰 방해 요소이다.	She turned off her phone to avoid distractions.	그녀는 방해 요소를 피하려고 휴대폰을 껐다.	주의 산만
close	adjective	친밀한, 가까운	/kloʊs/	They are close friends.	그들은 친한 친구이다.	The hotel is close to the station.	그 호텔은 역과 가깝다.	관계/거리
fall within	phrase	~범위에 들어가다	/fɔːl wɪˈðɪn/	The cost falls within our budget.	그 비용은 우리 예산 범위에 들어간다.	Your request falls within the rules.	당신의 요청은 규칙 범위 안에 들어간다.	범위 포함
association	noun	협회, 연관	/əˌsoʊsiˈeɪʃn/	She joined a professional association.	그녀는 전문 협회에 가입했다.	There is an association between diet and health.	식단과 건강 사이에는 연관이 있다.	협회/관련성
expo	noun	박람회	/ˈekspoʊ/	The tech expo attracted many visitors.	그 기술 박람회는 많은 방문객을 끌어들였다.	We displayed our product at the expo.	우리는 박람회에서 제품을 전시했다.	exposition의 줄임말
gemologist	noun	보석 감정인	/dʒeˈmɑːlədʒɪst/	The gemologist examined the diamond.	보석 감정인이 다이아몬드를 검사했다.	She works as a certified gemologist.	그녀는 공인 보석 감정인으로 일한다.	보석 전문가
venue	noun	장소, 행사장	/ˈvenjuː/	The venue can hold 500 people.	그 장소는 500명을 수용할 수 있다.	The event venue is downtown.	행사장은 시내에 있다.	행사 장소
speculator	noun	투기자	/ˈspekjuleɪtər/	Speculators bought land near the station.	투기자들이 역 근처의 땅을 샀다.	The market attracted many speculators.	그 시장은 많은 투기자들을 끌어들였다.	가격 상승 기대 투자자
speculation	noun	추측, 투기	/ˌspekjuˈleɪʃn/	There is speculation about the merger.	합병에 대한 추측이 있다.	Real estate speculation drove up prices.	부동산 투기가 가격을 올렸다.	추측/투기
segment	noun	부분, 한 조각	/ˈseɡmənt/	The report is divided into three segments.	그 보고서는 세 부분으로 나뉜다.	The company targets a specific market segment.	그 회사는 특정 시장 부문을 겨냥한다.	부분
reimbursable	adjective	환급 가능한	/ˌriːɪmˈbɜːrsəbl/	Travel expenses are reimbursable.	출장비는 환급 가능하다.	Only approved costs are reimbursable.	승인된 비용만 환급 가능하다.	비용 처리
accumulate	verb	모으다, 축적하다	/əˈkjuːmjəleɪt/	Dust accumulated on the shelf.	선반에 먼지가 쌓였다.	She accumulated a lot of experience.	그녀는 많은 경험을 쌓았다.	점차 쌓임
flight segment	noun phrase	항공 구간	/flaɪt ˈseɡmənt/	The trip includes two flight segments.	그 여행에는 두 개의 항공 구간이 포함된다.	Each flight segment must be confirmed.	각 항공 구간은 확인되어야 한다.	항공 여정 일부
perk	noun	특전, 혜택	/pɜːrk/	Free lunch is a nice perk.	무료 점심은 좋은 혜택이다.	The job comes with several perks.	그 일자리에는 여러 특전이 따른다.	직장/회원 혜택
merchandise	noun	상품	/ˈmɜːrtʃəndaɪs/	The store sells team merchandise.	그 가게는 팀 관련 상품을 판다.	All merchandise is on sale today.	모든 상품이 오늘 할인 중이다.	판매 상품
carousel	noun	회전목마, 수하물 회전대	/ˌkærəˈsel/	The children rode the carousel.	아이들이 회전목마를 탔다.	We waited at the baggage carousel.	우리는 수하물 회전대에서 기다렸다.	놀이기구/공항
attendant	noun	직원, 안내원	/əˈtendənt/	Ask the attendant for help.	직원에게 도움을 요청하세요.	The flight attendant served drinks.	승무원이 음료를 제공했다.	서비스 직원
duty-free item	noun phrase	면세품	/ˌduːti ˈfriː ˈaɪtəm/	She bought duty-free items at the airport.	그녀는 공항에서 면세품을 샀다.	Duty-free items must be declared in some cases.	면세품은 경우에 따라 신고해야 한다.	공항 쇼핑
alternatively	adverb	대안으로, 그렇지 않으면	/ɔːlˈtɜːrnətɪvli/	You can pay by card; alternatively, you can use cash.	카드로 결제할 수 있고, 대안으로 현금을 사용할 수도 있다.	Alternatively, we could meet online.	대안으로 온라인에서 만날 수도 있다.	다른 선택 제시
diversify	verb	다양화하다	/daɪˈvɜːrsɪfaɪ/	The company wants to diversify its products.	그 회사는 제품을 다양화하고 싶어 한다.	Investors should diversify their portfolios.	투자자들은 포트폴리오를 다양화해야 한다.	위험 분산
look to	phrasal verb	~하려고 하다, ~에 기대다	/lʊk tuː/	The company looks to expand overseas.	그 회사는 해외 확장을 하려고 한다.	We look to experts for advice.	우리는 조언을 얻기 위해 전문가들에게 기대한다.	계획/기대
offset	verb	상쇄하다	/ˌɔːfˈset/	The savings offset the extra costs.	절약분이 추가 비용을 상쇄했다.	Trees can help offset carbon emissions.	나무는 탄소 배출을 상쇄하는 데 도움이 될 수 있다.	균형 맞춤
substantially	adverb	상당히	/səbˈstænʃəli/	The price increased substantially.	가격이 상당히 올랐다.	The new model is substantially better.	새 모델은 상당히 더 좋다.	큰 정도
vital	adjective	필수적인, 매우 중요한	/ˈvaɪtl/	Water is vital for life.	물은 생명에 필수적이다.	Good communication is vital to success.	좋은 의사소통은 성공에 매우 중요하다.	essential
intently	adverb	열심히, 주의 깊게	/ɪnˈtentli/	She listened intently.	그녀는 주의 깊게 들었다.	He stared intently at the screen.	그는 화면을 뚫어지게 바라보았다.	집중해서
courteously	adverb	예의 바르게, 공손하게	/ˈkɜːrtiəsli/	The staff greeted us courteously.	직원들은 우리를 공손하게 맞이했다.	Please respond courteously to customers.	고객에게 예의 바르게 응답하세요.	공손하게
as many as	phrase	무려 ~만큼이나	/æz ˈmeni æz/	As many as 500 people attended.	무려 500명이나 참석했다.	The project may take as many as three years.	그 프로젝트는 무려 3년이나 걸릴 수 있다.	큰 수 강조
oversee	verb	감독하다	/ˌoʊvərˈsiː/	She oversees the sales team.	그녀는 영업팀을 감독한다.	The director oversees the entire project.	그 이사는 전체 프로젝트를 감독한다.	관리·감독
proclaim	verb	선언하다, 공표하다	/proʊˈkleɪm/	The mayor proclaimed a public holiday.	시장은 공휴일을 선포했다.	The sign proclaimed the store’s grand opening.	그 표지판은 가게의 그랜드 오픈을 알렸다.	공식 발표
restructuring	noun	구조조정	/ˌriːˈstrʌktʃərɪŋ/	The company announced restructuring plans.	그 회사는 구조조정 계획을 발표했다.	Restructuring led to job cuts.	구조조정은 감원으로 이어졌다.	조직 개편
board	noun	이사회	/bɔːrd/	The board approved the proposal.	이사회가 그 제안을 승인했다.	She is a member of the board.	그녀는 이사회의 구성원이다.	board of directors
set forth	phrasal verb	~을 제시하다, 설명하다	/set fɔːrθ/	The contract sets forth the terms.	계약서는 조건을 제시한다.	The report set forth several recommendations.	그 보고서는 여러 권고안을 제시했다.	공식 문서
effective immediately	phrase	즉시 시행되는	/ɪˈfektɪv ɪˈmiːdiətli/	The new policy is effective immediately.	새 정책은 즉시 시행된다.	Her resignation is effective immediately.	그녀의 사임은 즉시 효력이 발생한다.	공식 발표
incur	verb	초래하다, 발생시키다	/ɪnˈkɜːr/	The company incurred heavy losses.	그 회사는 큰 손실을 입었다.	Late payment may incur a fee.	연체 납부는 수수료를 발생시킬 수 있다.	비용/손실 발생
due	adjective	예정된, 기한이 된	/duː/	The payment is due tomorrow.	결제는 내일까지 해야 한다.	The train is due at noon.	기차는 정오에 도착할 예정이다.	마감/예정
exercise	verb	행사하다, 운동하다	/ˈeksərsaɪz/	The board exercised its authority.	이사회는 권한을 행사했다.	She exercises every morning.	그녀는 매일 아침 운동한다.	권리/몸
occupant	noun	입주자, 점유자	/ˈɑːkjəpənt/	The building occupants were evacuated.	건물 입주자들은 대피했다.	Each occupant received a notice.	각 입주자는 통지서를 받았다.	건물 사용 사람
strive	verb	분투하다, 노력하다	/straɪv/	She strives to improve every day.	그녀는 매일 발전하려고 노력한다.	They strive for excellence.	그들은 탁월함을 위해 분투한다.	strive to V / strive for
impoverished	adjective	빈곤한, 가난한	/ɪmˈpɑːvərɪʃt/	The charity helps impoverished families.	그 자선단체는 빈곤한 가정을 돕는다.	Many impoverished areas lack basic services.	많은 빈곤 지역은 기본 서비스가 부족하다.	poor보다 공식적
beneficiary	noun	수혜자, 수익자	/ˌbenɪˈfɪʃieri/	The students are the main beneficiaries of the program.	학생들이 그 프로그램의 주요 수혜자이다.	She was named as the beneficiary of the insurance policy.	그녀는 보험의 수익자로 지정되었다.	혜택 받는 사람
underprivileged	adjective	혜택을 받지 못한, 사회적 약자의	/ˌʌndərˈprɪvəlɪdʒd/	The program supports underprivileged children.	그 프로그램은 혜택을 받지 못한 아이들을 지원한다.	They built schools in underprivileged communities.	그들은 소외된 지역사회에 학교를 지었다.	underprivilege보다 underprivileged가 자연스러움
deductible	adjective	공제 가능한	/dɪˈdʌktəbl/	Some medical expenses are tax deductible.	일부 의료비는 세금 공제가 가능하다.	The donation is deductible from your income.	그 기부금은 소득에서 공제될 수 있다.	세금/보험
surcharge	noun	추가 요금	/ˈsɜːrtʃɑːrdʒ/	There is a surcharge for weekend delivery.	주말 배송에는 추가 요금이 있다.	The airline added a fuel surcharge.	항공사는 유류 할증료를 추가했다.	기본 요금 위에 붙는 돈
Mediterranean	adjective	지중해의	/ˌmedɪtəˈreɪniən/	They went on a Mediterranean cruise.	그들은 지중해 크루즈 여행을 갔다.	Mediterranean food often uses olive oil.	지중해 음식은 올리브유를 자주 사용한다.	지역명
excursion	noun	여행, 소풍, 외도	/ɪkˈskɜːrʒn/	The class went on an excursion to the museum.	그 반은 박물관으로 견학을 갔다.	We took a short excursion outside the city.	우리는 도시 밖으로 짧은 여행을 갔다.	짧은 여행
come across	phrasal verb	우연히 발견하다, 마주치다	/kʌm əˈkrɔːs/	I came across an old photo.	나는 오래된 사진을 우연히 발견했다.	She came across a useful article online.	그녀는 온라인에서 유용한 글을 우연히 발견했다.	find by chance
partnership	noun	동업, 협력 관계	/ˈpɑːrtnərʃɪp/	The two companies formed a partnership.	두 회사는 협력 관계를 맺었다.	Their partnership lasted for ten years.	그들의 동업은 10년 동안 지속되었다.	사업/협력
development	noun	개발, 새로 지어진 단지	/dɪˈveləpmənt/	The city approved a new housing development.	시는 새 주택 개발 단지를 승인했다.	The development of new technology takes time.	새 기술 개발에는 시간이 걸린다.	개발/개발 단지
pass along	phrasal verb	전달하다	/pæs əˈlɔːŋ/	Please pass along this message to your team.	이 메시지를 팀에 전달해 주세요.	She passed along the information to her manager.	그녀는 그 정보를 관리자에게 전달했다.	pass on과 비슷
cordially	adverb	다정하게, 진심으로, 정중하게	/ˈkɔːrdʒəli/	You are cordially invited to the ceremony.	당신은 그 의식에 정중히 초대됩니다.	He greeted us cordially.	그는 우리를 다정하게 맞이했다.	초대장 표현
mayoral	adjective	시장의, 시장직의	/ˈmeɪərəl/	The mayoral election is next month.	시장 선거는 다음 달이다.	She joined the mayoral campaign.	그녀는 시장 선거 운동에 참여했다.	mayor 관련
now that	phrase	이제 ~이므로	/naʊ ðæt/	Now that you are here, we can start.	이제 네가 왔으니 시작할 수 있다.	Now that the work is done, we can rest.	이제 일이 끝났으니 쉴 수 있다.	이유/상황 변화
assure	verb	장담하다, 안심시키다	/əˈʃʊr/	I assure you that it is safe.	그것이 안전하다고 장담합니다.	She assured me that everything was fine.	그녀는 모든 것이 괜찮다고 나를 안심시켰다.	assure A that
impair	verb	손상시키다, 약화시키다	/ɪmˈper/	Lack of sleep can impair judgment.	수면 부족은 판단력을 손상시킬 수 있다.	Alcohol may impair your ability to drive.	술은 운전 능력을 약화시킬 수 있다.	능력 저하
interpret	verb	설명하다, 해석하다	/ɪnˈtɜːrprət/	How do you interpret this result?	이 결과를 어떻게 해석하나요?	The guide interpreted the painting for visitors.	가이드는 방문객들에게 그림을 설명했다.	뜻을 풀다
incline	verb	~쪽으로 기울다, 기울이다	/ɪnˈklaɪn/	I incline to agree with you.	나는 네 의견에 동의하는 쪽으로 기운다.	The path inclines upward.	그 길은 위쪽으로 기울어져 있다.	의견/방향
go over	phrasal verb	검토하다, 자세히 살피다	/ɡoʊ ˈoʊvər/	Let’s go over the plan again.	계획을 다시 검토해 보자.	The teacher went over the answers.	선생님은 답을 자세히 살펴보았다.	review
scenic	adjective	경치가 좋은	/ˈsiːnɪk/	We drove along a scenic road.	우리는 경치 좋은 길을 따라 운전했다.	The hotel has a scenic view.	그 호텔은 경치 좋은 전망을 가지고 있다.	풍경 관련
leisurely	adjective	한가로운, 여유로운	/ˈliːʒərli/	We took a leisurely walk.	우리는 여유롭게 산책했다.	They enjoyed a leisurely breakfast.	그들은 느긋한 아침 식사를 즐겼다.	천천히 여유 있게
state-of-the-art	adjective	최첨단의, 최신식의	/ˌsteɪt əv ði ˈɑːrt/	The lab uses state-of-the-art equipment.	그 실험실은 최첨단 장비를 사용한다.	This is a state-of-the-art security system.	이것은 최신식 보안 시스템이다.	기술적으로 최신
on duty	phrase	근무 중인	/ɑːn ˈduːti/	The nurse on duty helped me.	근무 중인 간호사가 나를 도왔다.	Two guards are on duty tonight.	오늘 밤 경비원 두 명이 근무 중이다.	근무 상태
probationary	adjective	시험적인, 수습의	/proʊˈbeɪʃəneri/	He is in a probationary period.	그는 수습 기간 중이다.	The company hired her as a probationary employee.	회사는 그녀를 수습 직원으로 고용했다.	수습 기간
realty	noun	부동산	/ˈriːəlti/	She works in realty.	그녀는 부동산 업계에서 일한다.	The company invests in commercial realty.	그 회사는 상업용 부동산에 투자한다.	real estate와 비슷
proofread	verb	교정을 보다	/ˈpruːfriːd/	Please proofread the report before sending it.	보내기 전에 보고서를 교정해 주세요.	She proofread the manuscript carefully.	그녀는 원고를 꼼꼼히 교정했다.	오탈자 확인
trustee	noun	신탁 관리인, 이사	/trʌˈstiː/	The trustee manages the fund.	신탁 관리인이 그 기금을 관리한다.	She serves as a trustee of the university.	그녀는 그 대학의 이사로 일한다.	법/기관
payroll	noun	급여 대상자 명단, 급여 지급 업무	/ˈpeɪroʊl/	The company has 200 employees on its payroll.	그 회사의 급여 명단에는 직원 200명이 있다.	Payroll is processed every Friday.	급여 처리는 매주 금요일에 이루어진다.	회사 급여
ranger	noun	공원 관리원, 순찰대원	/ˈreɪndʒər/	The park ranger gave us directions.	공원 관리원이 우리에게 길을 알려 주었다.	Rangers patrol the forest.	관리원들이 숲을 순찰한다.	공원/보호구역
litter	verb	쓰레기를 버리다	/ˈlɪtər/	Do not litter in the park.	공원에 쓰레기를 버리지 마세요.	People littered the beach after the festival.	사람들이 축제 후 해변에 쓰레기를 버렸다.	공공장소 쓰레기
granite	noun	화강암	/ˈɡrænɪt/	The countertop is made of granite.	그 조리대는 화강암으로 만들어졌다.	The statue was carved from granite.	그 조각상은 화강암으로 조각되었다.	돌 종류
countertop	noun	조리대, 카운터 윗면	/ˈkaʊntərtɑːp/	She cleaned the kitchen countertop.	그녀는 부엌 조리대를 닦았다.	The apartment has granite countertops.	그 아파트에는 화강암 조리대가 있다.	주방/욕실
porcelain	noun	자기, 도자기	/ˈpɔːrsəlɪn/	The sink is made of porcelain.	그 세면대는 자기로 만들어졌다.	She collects porcelain cups.	그녀는 도자기 컵을 수집한다.	자기 재질
plot	noun	작은 토지, 줄거리	/plɑːt/	They bought a plot of land.	그들은 작은 땅을 샀다.	The movie has a simple plot.	그 영화는 단순한 줄거리를 가지고 있다.	토지/이야기
consent	noun	동의, 허락	/kənˈsent/	You need parental consent.	부모의 동의가 필요하다.	The form requires written consent.	그 양식에는 서면 동의가 필요하다.	공식 동의
coordinator	noun	조정자, 진행자	/koʊˈɔːrdɪneɪtər/	The coordinator arranged the meeting.	조정자가 회의를 마련했다.	Please contact the event coordinator.	행사 담당자에게 연락하세요.	업무 조율자
shed	noun	창고, 작업장	/ʃed/	Tools are stored in the shed.	도구들은 창고에 보관된다.	He built a small garden shed.	그는 작은 정원 창고를 지었다.	작은 창고
abstractly	adverb	추상적으로	/ˈæbstræktli/	The concept was explained abstractly.	그 개념은 추상적으로 설명되었다.	He tends to think abstractly.	그는 추상적으로 생각하는 경향이 있다.	구체적이지 않게
graceful	adjective	우아한	/ˈɡreɪsfl/	She moved in a graceful way.	그녀는 우아하게 움직였다.	The bridge has a graceful curve.	그 다리는 우아한 곡선을 가지고 있다.	동작/형태
premier	adjective	최고의, 제1의	/prɪˈmɪr/	The city has a premier art museum.	그 도시에는 최고의 미술관이 있다.	This is the country’s premier university.	이곳은 그 나라 최고의 대학이다.	최상급 의미
firsthand	adjective	직접적인, 직접 체험한	/ˌfɜːrstˈhænd/	She has firsthand experience of the problem.	그녀는 그 문제에 대한 직접 경험이 있다.	We heard a firsthand account from a witness.	우리는 목격자의 직접적인 설명을 들었다.	직접 경험
settle	verb	해결하다, 정착하다	/ˈsetl/	They settled the dispute peacefully.	그들은 분쟁을 평화롭게 해결했다.	The family settled in Canada.	그 가족은 캐나다에 정착했다.	해결/정착
short notice	noun phrase	짧은 사전 통보	/ʃɔːrt ˈnoʊtɪs/	Thank you for coming on short notice.	짧은 통보에도 와 주셔서 감사합니다.	We had to cancel the meeting at short notice.	우리는 갑작스럽게 회의를 취소해야 했다.	급한 통보
capable	adjective	유능한, ~할 수 있는	/ˈkeɪpəbl/	She is a capable manager.	그녀는 유능한 관리자이다.	The device is capable of recording video.	그 장치는 영상을 녹화할 수 있다.	be capable of
conflict	noun	갈등, 충돌	/ˈkɑːnflɪkt/	There was a conflict between the two teams.	두 팀 사이에 갈등이 있었다.	The schedule conflict caused a problem.	일정 충돌이 문제를 일으켰다.	의견/일정 충돌
resolution	noun	해결, 결의안	/ˌrezəˈluːʃn/	We need a quick resolution to the issue.	우리는 그 문제의 빠른 해결이 필요하다.	The council passed a resolution.	의회는 결의안을 통과시켰다.	문제 해결/공식 결정
aim	noun	목표, 목적	/eɪm/	Our aim is to reduce costs.	우리의 목표는 비용을 줄이는 것이다.	The main aim of the program is education.	그 프로그램의 주요 목적은 교육이다.	goal
sensitivity	noun	감도, 민감성	/ˌsensəˈtɪvəti/	The camera has high sensitivity to light.	그 카메라는 빛에 대한 감도가 높다.	He showed sensitivity to their concerns.	그는 그들의 걱정에 민감하게 반응했다.	기계/감정
premiere	noun	초연, 개봉	/prɪˈmɪr/	The movie premiere is tonight.	그 영화의 개봉 행사는 오늘 밤이다.	She attended the play’s premiere.	그녀는 그 연극의 초연에 참석했다.	처음 공개
in the course of	phrase	~동안, ~과정에서	/ɪn ðə kɔːrs əv/	He learned a lot in the course of the project.	그는 프로젝트 과정에서 많은 것을 배웠다.	Several problems appeared in the course of the investigation.	조사 과정에서 여러 문제가 나타났다.	과정 중
over the course of	phrase	~동안에 걸쳐	/ˈoʊvər ðə kɔːrs əv/	The city changed over the course of ten years.	그 도시는 10년에 걸쳐 변했다.	She improved over the course of the semester.	그녀는 학기 동안 향상되었다.	기간 전체
extensive	adjective	광범위한, 아주 넓은	/ɪkˈstensɪv/	The report is based on extensive research.	그 보고서는 광범위한 연구에 기반한다.	The hotel has extensive facilities.	그 호텔은 넓은 시설을 갖추고 있다.	범위가 넓음
account	noun	이야기, 설명, 계좌	/əˈkaʊnt/	She gave a detailed account of the accident.	그녀는 사고에 대한 자세한 설명을 했다.	I opened a bank account.	나는 은행 계좌를 개설했다.	설명/계좌
balance	noun	잔고, 균형	/ˈbæləns/	Check your account balance online.	온라인으로 계좌 잔고를 확인하세요.	Good design requires balance.	좋은 디자인에는 균형이 필요하다.	돈/균형
cause	noun	대의, 원인	/kɔːz/	The cause of the fire is unknown.	화재의 원인은 알려지지 않았다.	She works for a good cause.	그녀는 좋은 대의를 위해 일한다.	원인/목적
put up	phrasal verb	설치하다, 세우다	/pʊt ʌp/	They put up a tent in the park.	그들은 공원에 텐트를 쳤다.	We put up signs around the building.	우리는 건물 주변에 표지판을 설치했다.	세우다
furnish	verb	비치하다, 제공하다	/ˈfɜːrnɪʃ/	The apartment is fully furnished.	그 아파트는 가구가 완비되어 있다.	Please furnish us with the necessary documents.	필요한 서류를 제공해 주세요.	가구/정보 제공
ballroom	noun	연회장, 무도회장	/ˈbɔːlruːm/	The banquet was held in the ballroom.	연회는 연회장에서 열렸다.	The hotel ballroom can hold 300 guests.	그 호텔 연회장은 손님 300명을 수용할 수 있다.	큰 행사장
show off	phrasal verb	자랑스럽게 보여 주다, 과시하다	/ʃoʊ ɔːf/	He showed off his new car.	그는 새 차를 자랑했다.	The event shows off local talent.	그 행사는 지역 인재를 선보인다.	과시/전시
variation	noun	변화, 변형, 변동	/ˌveriˈeɪʃn/	There is little variation in temperature.	기온 변화가 거의 없다.	This design is a variation of the original.	이 디자인은 원본의 변형이다.	차이
tripod	noun	삼각대	/ˈtraɪpɑːd/	She placed the camera on a tripod.	그녀는 카메라를 삼각대에 올렸다.	A tripod keeps the camera steady.	삼각대는 카메라를 안정적으로 유지한다.	촬영 장비
prominently	adverb	두드러지게, 눈에 띄게	/ˈprɑːmɪnəntli/	The logo is displayed prominently.	로고가 눈에 띄게 표시되어 있다.	His name appeared prominently on the poster.	그의 이름이 포스터에 두드러지게 나타났다.	눈에 잘 보이게
mount	verb	설치하다, 장착하다	/maʊnt/	They mounted the TV on the wall.	그들은 TV를 벽에 설치했다.	The camera was mounted on a tripod.	카메라는 삼각대에 장착되었다.	붙이다
rack	noun	받침대, 선반	/ræk/	Put the suitcase on the luggage rack.	여행가방을 짐 선반에 올려라.	The bike rack is near the entrance.	자전거 거치대는 입구 근처에 있다.	물건 올리는 곳
underway	adjective	진행 중인	/ˌʌndərˈweɪ/	The project is already underway.	그 프로젝트는 이미 진행 중이다.	Preparations are underway for the festival.	축제를 위한 준비가 진행 중이다.	be underway
prop	noun	받침대, 소품	/prɑːp/	The actor picked up a stage prop.	배우는 무대 소품을 집어 들었다.	The wall needed a wooden prop.	그 벽은 나무 받침대가 필요했다.	받치는 것/소품
directory	noun	안내 명부, 전화번호부	/dəˈrektəri/	The directory lists all employees.	그 명부에는 모든 직원이 나와 있다.	Use the directory to find the office number.	사무실 번호를 찾으려면 안내 명부를 사용하세요.	목록
compartment	noun	칸, 구획	/kəmˈpɑːrtmənt/	Put your bag in the overhead compartment.	가방을 머리 위 짐칸에 넣으세요.	The box has several small compartments.	그 상자에는 작은 칸이 여러 개 있다.	나뉜 공간
congest	verb	혼잡하게 하다, 정체시키다	/kənˈdʒest/	Traffic congested the downtown streets.	교통이 시내 도로를 혼잡하게 했다.	The road was congested with cars.	도로는 차들로 혼잡했다.	보통 congested로 많이 씀
associate	verb	제휴하다, 연관시키다	/əˈsoʊsieɪt/	The company is associated with several charities.	그 회사는 여러 자선단체와 제휴되어 있다.	People associate the brand with quality.	사람들은 그 브랜드를 품질과 연관시킨다.	associate A with B
arrangement	noun	준비, 배치, 약정	/əˈreɪndʒmənt/	We made arrangements for the trip.	우리는 여행 준비를 했다.	The flower arrangement was beautiful.	꽃꽂이 배치가 아름다웠다.	준비/배치
mark down	phrasal verb	가격을 인하하다, 적어 두다	/mɑːrk daʊn/	The store marked down winter coats.	그 가게는 겨울 코트 가격을 인하했다.	Mark down the date in your calendar.	달력에 그 날짜를 적어 둬라.	할인/기록
award	noun	수여, 상	/əˈwɔːrd/	She received an award for her work.	그녀는 자신의 일로 상을 받았다.	The award ceremony begins at six.	시상식은 6시에 시작된다.	상
stubborn	adjective	고집 센, 완고한	/ˈstʌbərn/	He is too stubborn to admit his mistake.	그는 너무 고집이 세서 실수를 인정하지 않는다.	The stain was stubborn.	그 얼룩은 잘 지워지지 않았다.	사람/문제
partition	noun	칸막이, 분할	/pɑːrˈtɪʃn/	A partition divided the room.	칸막이가 방을 나누었다.	The disk has two partitions.	그 디스크에는 파티션이 두 개 있다.	공간/컴퓨터
step over	phrasal verb	~을 넘다, 밟고 지나가다	/step ˈoʊvər/	Step over the cable carefully.	케이블을 조심해서 넘어가세요.	He stepped over the puddle.	그는 물웅덩이를 넘어갔다.	장애물 넘기
treadmill	noun	러닝머신	/ˈtredmɪl/	She runs on the treadmill every morning.	그녀는 매일 아침 러닝머신에서 달린다.	The gym has several treadmills.	그 헬스장에는 러닝머신이 여러 대 있다.	운동기구
lawyer	noun	변호사	/ˈlɔːjər/	You should talk to a lawyer.	변호사와 상담해야 한다.	The lawyer reviewed the contract.	변호사가 계약서를 검토했다.	법률 전문가
proofreading	noun	교정	/ˈpruːfriːdɪŋ/	Proofreading is important before publication.	출판 전 교정은 중요하다.	She does proofreading for academic papers.	그녀는 학술 논문 교정을 한다.	오탈자 검토
either	adverb	어느 하나, 둘 중 하나	/ˈiːðər/	You can choose either option.	둘 중 어느 선택지를 골라도 된다.	Either answer is acceptable.	어느 답도 받아들일 수 있다.	둘 중 하나
convention	noun	조약, 관습, 회의	/kənˈvenʃn/	The two countries signed a convention.	두 나라는 조약에 서명했다.	The annual convention attracts many visitors.	연례 회의는 많은 방문객을 끌어들인다.	조약/회의/관습
start out	phrasal verb	시작하다, 출발하다	/stɑːrt aʊt/	She started out as a teacher.	그녀는 교사로 시작했다.	The trip started out well.	그 여행은 좋게 시작되었다.	처음 상태
newsstand	noun	신문 잡지 판매대	/ˈnuːzstænd/	I bought a magazine at the newsstand.	나는 신문 가판대에서 잡지를 샀다.	The newsstand is near the subway exit.	신문 판매대는 지하철 출구 근처에 있다.	가판대
landscaper	noun	정원사, 조경사	/ˈlændskeɪpər/	The landscaper planted trees around the house.	조경사는 집 주변에 나무를 심었다.	We hired a landscaper for the garden.	우리는 정원을 위해 조경사를 고용했다.	조경 전문가
get off the phone	phrase	통화를 끝내다	/ɡet ɔːf ðə foʊn/	I just got off the phone with my boss.	나는 방금 상사와 통화를 끝냈다.	Call me when you get off the phone.	통화를 끝내면 나에게 전화해.	전화 표현
across from each other	phrase	서로 마주 보고	/əˈkrɔːs frʌm iːtʃ ˈʌðər/	They sat across from each other.	그들은 서로 마주 보고 앉았다.	The two stores are across from each other.	두 가게는 서로 마주 보고 있다.	위치 표현
rack up	phrasal verb	쌓아 올리다, 축적하다	/ræk ʌp/	The company racked up huge debts.	그 회사는 막대한 빚을 쌓았다.	She racked up many awards.	그녀는 많은 상을 쌓아 올렸다.	점수/빚/성과
bend over	phrasal verb	몸을 굽히다	/bend ˈoʊvər/	He bent over to pick up the coin.	그는 동전을 줍기 위해 몸을 굽혔다.	Don’t bend over too quickly.	너무 빨리 몸을 굽히지 마라.	허리 굽히기
container	noun	그릇, 용기, 컨테이너	/kənˈteɪnər/	Put the food in a sealed container.	음식을 밀폐 용기에 넣어라.	The ship carried large containers.	그 배는 큰 컨테이너들을 실었다.	용기/화물 컨테이너
light fixture	noun phrase	조명기구	/laɪt ˈfɪkstʃər/	The room has a modern light fixture.	그 방에는 현대적인 조명기구가 있다.	We replaced the old light fixture.	우리는 낡은 조명기구를 교체했다.	천장/벽 조명
window sill	noun phrase	창턱	/ˈwɪndoʊ sɪl/	She put a plant on the window sill.	그녀는 창턱에 식물을 두었다.	Dust collected on the window sill.	창턱에 먼지가 쌓였다.	창 아래 선반
rail	noun	난간, 철로	/reɪl/	He held the rail while climbing the stairs.	그는 계단을 오르며 난간을 잡았다.	The train runs on steel rails.	기차는 강철 철로 위를 달린다.	난간/철로
easel	noun	이젤, 화판대	/ˈiːzl/	The painter set up an easel.	화가는 이젤을 세웠다.	The canvas rested on the easel.	캔버스는 이젤 위에 놓여 있었다.	그림 받침대
barn	noun	헛간, 외양간	/bɑːrn/	The farmer stored hay in the barn.	농부는 헛간에 건초를 보관했다.	The old barn was painted red.	낡은 헛간은 빨간색으로 칠해져 있었다.	농장 건물
moderator	noun	중재자, 사회자	/ˈmɑːdəreɪtər/	The moderator introduced the speakers.	사회자가 연사들을 소개했다.	The debate moderator asked fair questions.	토론 사회자는 공정한 질문을 했다.	토론/행사
receptionist	noun	접수 담당자	/rɪˈsepʃənɪst/	The receptionist greeted the visitors.	접수 담당자가 방문객들을 맞이했다.	Ask the receptionist for your room key.	객실 열쇠는 접수 담당자에게 요청하세요.	프런트 직원
loaf	noun	빵 한 덩어리	/loʊf/	She bought a loaf of bread.	그녀는 빵 한 덩어리를 샀다.	The bakery sells fresh loaves every morning.	그 빵집은 매일 아침 신선한 빵 덩어리들을 판다.	복수 loaves
round trip	noun phrase	왕복 여행	/raʊnd trɪp/	I bought a round-trip ticket.	나는 왕복 티켓을 샀다.	The round trip takes about four hours.	왕복은 약 4시간 걸린다.	왕복
journalist	noun	기자	/ˈdʒɜːrnəlɪst/	The journalist interviewed the mayor.	기자가 시장을 인터뷰했다.	Journalists reported on the event.	기자들이 그 행사를 보도했다.	언론인
spokesperson	noun	대변인	/ˈspoʊkspɜːrsn/	The spokesperson made a statement.	대변인이 성명을 발표했다.	A company spokesperson denied the rumor.	회사 대변인은 그 소문을 부인했다.	공식 발언자
film	verb	찍다, 촬영하다	/fɪlm/	They filmed the scene downtown.	그들은 시내에서 그 장면을 촬영했다.	The crew filmed the interview yesterday.	촬영팀은 어제 인터뷰를 촬영했다.	영상 촬영
narrowly	adverb	가까스로, 좁게	/ˈnæroʊli/	He narrowly escaped injury.	그는 가까스로 부상을 피했다.	The proposal narrowly passed.	그 제안은 가까스로 통과되었다.	간신히
compact	adjective	소형의, 간결한	/kəmˈpækt/	She bought a compact car.	그녀는 소형차를 샀다.	The guide gives compact instructions.	그 안내서는 간결한 지시를 제공한다.	작고 효율적
momentous	adjective	중대한, 중요한	/moʊˈmentəs/	It was a momentous decision.	그것은 중대한 결정이었다.	The discovery was a momentous event in science.	그 발견은 과학에서 중대한 사건이었다.	역사적으로 중요함
testimonial	noun	추천서, 추천의 글	/ˌtestɪˈmoʊniəl/	The website includes customer testimonials.	그 웹사이트에는 고객 추천 후기가 포함되어 있다.	She wrote a testimonial for the teacher.	그녀는 그 선생님을 위한 추천서를 썼다.	추천/증언
opt to	phrase	~하기로 선택하다	/ɑːpt tuː/	Many students opt to study abroad.	많은 학생들이 유학하기로 선택한다.	You can opt to receive emails.	이메일을 받기로 선택할 수 있다.	choose to
redeem a coupon	phrase	쿠폰을 사용하다, 교환하다	/rɪˈdiːm ə ˈkuːpɑːn/	You can redeem a coupon at checkout.	결제할 때 쿠폰을 사용할 수 있다.	She redeemed a coupon for a free drink.	그녀는 무료 음료 쿠폰을 사용했다.	쿠폰 사용
redeem	verb	만회하다, 보상하다, 교환하다	/rɪˈdiːm/	He tried to redeem his mistake.	그는 자신의 실수를 만회하려 했다.	Points can be redeemed for gifts.	포인트는 선물로 교환할 수 있다.	명예 회복/교환
assertively	adverb	단정적으로, 적극적으로	/əˈsɜːrtɪvli/	She spoke assertively in the meeting.	그녀는 회의에서 단정적으로 말했다.	He answered assertively but politely.	그는 적극적이지만 정중하게 대답했다.	자신 있게
seasoned	adjective	노련한, 경험 많은	/ˈsiːznd/	She is a seasoned manager.	그녀는 노련한 관리자이다.	The team hired a seasoned engineer.	그 팀은 경험 많은 엔지니어를 고용했다.	경험이 많은
quota	noun	할당량	/ˈkwoʊtə/	The sales team met its quota.	영업팀은 할당량을 채웠다.	Each worker has a daily quota.	각 근로자는 일일 할당량이 있다.	목표량
inspirational	adjective	영감을 주는	/ˌɪnspəˈreɪʃənl/	She gave an inspirational speech.	그녀는 영감을 주는 연설을 했다.	The story was inspirational to young artists.	그 이야기는 젊은 예술가들에게 영감을 주었다.	동기 부여
confidentially	adverb	기밀로, 비밀리에	/ˌkɑːnfɪˈdenʃəli/	The information was shared confidentially.	그 정보는 기밀로 공유되었다.	Please handle this matter confidentially.	이 문제를 비밀리에 처리해 주세요.	비밀 유지
unanimously	adverb	만장일치로	/juːˈnænɪməsli/	The board voted unanimously.	이사회는 만장일치로 투표했다.	The proposal was unanimously approved.	그 제안은 만장일치로 승인되었다.	모두 동의
by means of	phrase	~에 의하여, ~을 수단으로	/baɪ miːnz əv/	The data was collected by means of surveys.	그 데이터는 설문조사를 통해 수집되었다.	They solved the problem by means of negotiation.	그들은 협상을 통해 문제를 해결했다.	수단 표현
proximity	noun	가까움, 근접	/prɑːkˈsɪməti/	The hotel’s proximity to the station is convenient.	호텔이 역에 가까워서 편리하다.	Proximity to schools affects housing prices.	학교와의 근접성은 집값에 영향을 준다.	거리 가까움
setback	noun	차질, 좌절	/ˈsetbæk/	The delay was a major setback.	그 지연은 큰 차질이었다.	She recovered from the setback quickly.	그녀는 좌절에서 빠르게 회복했다.	진행 방해
rationality	noun	합리성	/ˌræʃəˈnæləti/	We questioned the rationality of the decision.	우리는 그 결정의 합리성에 의문을 제기했다.	Rationality is important in policy making.	정책 결정에는 합리성이 중요하다.	이성적 판단
podcast	noun	팟캐스트	/ˈpɑːdkæst/	I listen to a podcast during my commute.	나는 출퇴근 중에 팟캐스트를 듣는다.	She started a podcast about history.	그녀는 역사에 관한 팟캐스트를 시작했다.	인터넷 음성 방송
installment	noun	1회분, 할부금	/ɪnˈstɔːlmənt/	The final installment of the series was released.	그 시리즈의 마지막 회차가 공개되었다.	He paid for the car in monthly installments.	그는 차 값을 월 할부로 냈다.	회차/할부
consecutive	adjective	연이은, 연속적인	/kənˈsekjətɪv/	She won three consecutive games.	그녀는 세 경기를 연속으로 이겼다.	The store was closed for two consecutive days.	그 가게는 이틀 연속 문을 닫았다.	끊기지 않고 이어짐
controversial	adjective	논란이 많은	/ˌkɑːntrəˈvɜːrʃl/	The policy is highly controversial.	그 정책은 매우 논란이 많다.	He made a controversial statement.	그는 논란이 되는 발언을 했다.	찬반이 갈림
subsequent	adjective	그 다음의, 차후의	/ˈsʌbsɪkwənt/	Subsequent studies confirmed the result.	후속 연구들이 그 결과를 확인했다.	The accident affected subsequent flights.	그 사고는 이후 항공편에 영향을 주었다.	뒤따르는
star in	phrasal verb	~에 주연으로 나오다	/stɑːr ɪn/	She starred in a popular drama.	그녀는 인기 드라마에 주연으로 출연했다.	The actor will star in a new movie.	그 배우는 새 영화에 주연으로 나올 것이다.	영화/드라마
reportedly	adverb	보도에 의하면	/rɪˈpɔːrtɪdli/	The company reportedly plans to expand.	보도에 의하면 그 회사는 확장을 계획하고 있다.	He was reportedly seen at the airport.	보도에 의하면 그는 공항에서 목격되었다.	뉴스 표현
commission	verb	의뢰하다, 위임하다	/kəˈmɪʃn/	The city commissioned a new statue.	시는 새 조각상을 의뢰했다.	The report was commissioned by the government.	그 보고서는 정부의 의뢰로 작성되었다.	공식 의뢰
commission	noun	위원회, 수수료	/kəˈmɪʃn/	The commission investigated the case.	위원회가 그 사건을 조사했다.	She earns a commission on each sale.	그녀는 판매마다 수수료를 받는다.	위원회/수수료
primary	adjective	주된, 주요한	/ˈpraɪmeri/	The primary reason is cost.	주된 이유는 비용이다.	Our primary goal is safety.	우리의 주요 목표는 안전이다.	main
box office	noun phrase	매표소, 흥행 성적	/ˈbɑːks ɔːfɪs/	You can buy tickets at the box office.	매표소에서 표를 살 수 있다.	The movie did well at the box office.	그 영화는 흥행에 성공했다.	영화/공연
premier	noun	수상, 총리	/prɪˈmɪr/	The premier held a press conference.	총리가 기자회견을 열었다.	The provincial premier announced the plan.	주 총리가 그 계획을 발표했다.	정치 직책
concession stand	noun phrase	구내 매점, 매점	/kənˈseʃn stænd/	We bought popcorn at the concession stand.	우리는 매점에서 팝콘을 샀다.	The stadium has several concession stands.	그 경기장에는 매점이 여러 곳 있다.	경기장/영화관
driveway	noun	진입로	/ˈdraɪvweɪ/	She parked the car in the driveway.	그녀는 차를 진입로에 주차했다.	The driveway leads to the garage.	진입로는 차고로 이어진다.	집 앞 차량 길
sidewalk	noun	인도, 보도	/ˈsaɪdwɔːk/	Walk on the sidewalk.	인도로 걸어라.	The sidewalk was covered with snow.	보도는 눈으로 덮여 있었다.	미국식 표현
pedestal	noun	받침대	/ˈpedɪstl/	The statue stands on a stone pedestal.	그 조각상은 돌 받침대 위에 서 있다.	The vase was placed on a pedestal.	꽃병은 받침대 위에 놓였다.	동상 받침
consent	verb	동의하다	/kənˈsent/	She consented to the procedure.	그녀는 그 절차에 동의했다.	He refused to consent.	그는 동의하기를 거부했다.	공식 동의
operation	noun	작전, 운영, 수술	/ˌɑːpəˈreɪʃn/	The rescue operation was successful.	구조 작전은 성공적이었다.	The operation of the machine is simple.	기계 작동은 간단하다.	작전/운영
reinforce	verb	강화하다, 보강하다	/ˌriːɪnˈfɔːrs/	The wall was reinforced with steel.	그 벽은 철로 보강되었다.	The evidence reinforced his argument.	그 증거는 그의 주장을 강화했다.	물리적/논리적 강화
mill	noun	공장, 제분소	/mɪl/	The old textile mill closed.	그 오래된 방직 공장은 문을 닫았다.	Wheat is ground at the mill.	밀은 제분소에서 갈린다.	공장/제분소
local stock exchange	noun phrase	증권거래소	/ˈloʊkl stɑːk ɪksˌtʃeɪndʒ/	The company listed on the local stock exchange.	그 회사는 지역 증권거래소에 상장했다.	Trading resumed at the local stock exchange.	지역 증권거래소에서 거래가 재개되었다.	금융기관
charter	verb	전세 내다	/ˈtʃɑːrtər/	They chartered a bus for the trip.	그들은 여행을 위해 버스를 전세 냈다.	The team chartered a plane.	그 팀은 비행기를 전세 냈다.	교통수단 통째로 빌림
apparel	noun	의류, 옷	/əˈpærəl/	The store sells sports apparel.	그 가게는 스포츠 의류를 판다.	Protective apparel is required.	보호복이 필요하다.	clothing보다 공식적
outskirt	noun	변두리, 교외	/ˈaʊtskɜːrt/	They live on the outskirts of the city.	그들은 도시 변두리에 산다.	The factory is located on the outskirts.	그 공장은 교외에 위치해 있다.	보통 outskirts 복수
in light of	phrase	~을 고려하여, ~에 비추어	/ɪn laɪt əv/	In light of the evidence, we changed our plan.	증거를 고려하여 우리는 계획을 바꾸었다.	The event was canceled in light of the weather.	날씨를 고려하여 행사가 취소되었다.	공식 표현
province	noun	주, 지방	/ˈprɑːvɪns/	She lives in a northern province.	그녀는 북부 지방에 산다.	The province announced new rules.	그 주는 새 규칙을 발표했다.	행정 구역
expedite	verb	신속히 처리하다	/ˈekspədaɪt/	We need to expedite the process.	우리는 그 절차를 신속히 처리해야 한다.	The company expedited the delivery.	그 회사는 배송을 빠르게 처리했다.	속도 높임
pertain	verb	적용되다, 관련되다	/pərˈteɪn/	These rules pertain to all employees.	이 규칙들은 모든 직원에게 적용된다.	The documents pertain to the case.	그 문서들은 그 사건과 관련된다.	pertain to
initiative	noun	계획, 주도권	/ɪˈnɪʃətɪv/	The city launched a new safety initiative.	시는 새로운 안전 계획을 시작했다.	She took the initiative in the project.	그녀는 그 프로젝트에서 주도권을 잡았다.	계획/주도성
proficiency	noun	숙달, 능숙함	/prəˈfɪʃnsi/	English proficiency is required.	영어 능숙도가 요구된다.	She showed high proficiency in programming.	그녀는 프로그래밍에서 높은 숙련도를 보였다.	능력 수준
packet	noun	소포, 꾸러미, 작은 묶음	/ˈpækɪt/	The packet contains instructions.	그 꾸러미에는 설명서가 들어 있다.	She received an information packet.	그녀는 안내 자료 묶음을 받았다.	작은 묶음
bib	noun	턱받이, 가슴받이	/bɪb/	The baby wore a bib.	아기는 턱받이를 했다.	Runners pinned their bibs to their shirts.	달리기 선수들은 번호표를 셔츠에 달았다.	아기/경주 번호표
drive up	phrasal verb	끌어올리다, 차로 접근하다	/draɪv ʌp/	High demand drove up prices.	높은 수요가 가격을 끌어올렸다.	A car drove up to the gate.	차 한 대가 문 앞까지 다가왔다.	가격 상승/차 이동
on the cover	phrase	표지에	/ɑːn ðə ˈkʌvər/	Her photo is on the cover of the magazine.	그녀의 사진이 잡지 표지에 있다.	The title appears on the cover.	제목은 표지에 나타난다.	책/잡지
editorial	noun	사설	/ˌedɪˈtɔːriəl/	The newspaper published an editorial about education.	신문은 교육에 관한 사설을 실었다.	She wrote an editorial on climate policy.	그녀는 기후 정책에 관한 사설을 썼다.	신문 의견글
contemporary	noun	동시대 사람	/kənˈtempəreri/	He was a contemporary of Mozart.	그는 모차르트와 동시대 사람이었다.	Her contemporaries respected her work.	그녀와 동시대 사람들은 그녀의 작품을 존경했다.	명사
garment	noun	의복, 옷	/ˈɡɑːrmənt/	The garment was made by hand.	그 옷은 손으로 만들어졌다.	Wash delicate garments carefully.	섬세한 의복은 조심히 세탁하세요.	옷 한 벌
stall	verb	거절하다, 시간을 끌다, 멈추다	/stɔːl/	He tried to stall the decision.	그는 결정을 지연시키려 했다.	The engine stalled in traffic.	엔진이 교통 중에 멈췄다.	시간 끌기/멈춤
lane	noun	길, 도로, 차선	/leɪn/	Stay in your lane.	차선을 지켜라.	The lane behind the house is narrow.	집 뒤의 길은 좁다.	도로/차선
downtown	adverb	시내에, 도심으로	/ˌdaʊnˈtaʊn/	We went downtown after lunch.	우리는 점심 후 시내로 갔다.	She works downtown.	그녀는 도심에서 일한다.	장소 부사
a number of	phrase	다수의, 많은	/ə ˈnʌmbər əv/	A number of people attended the event.	많은 사람들이 그 행사에 참석했다.	We found a number of errors.	우리는 여러 오류를 발견했다.	복수명사와 사용
motorist	noun	운전자	/ˈmoʊtərɪst/	The police warned motorists about the icy road.	경찰은 운전자들에게 빙판길을 경고했다.	Motorists should slow down near schools.	운전자들은 학교 근처에서 속도를 줄여야 한다.	차 운전자
footwear	noun	신발류	/ˈfʊtwer/	The store sells sports footwear.	그 가게는 스포츠 신발류를 판다.	Proper footwear is important for hiking.	하이킹에는 적절한 신발이 중요하다.	신발 전체
acclaimed	adjective	칭찬받고 있는, 호평받는	/əˈkleɪmd/	She is an acclaimed author.	그녀는 호평받는 작가이다.	The restaurant is acclaimed for its seafood.	그 식당은 해산물로 호평받는다.	높이 평가받는
referral	noun	소개, 의뢰	/rɪˈfɜːrəl/	The doctor gave me a referral to a specialist.	의사는 나를 전문의에게 의뢰했다.	Many customers come through referrals.	많은 고객이 소개를 통해 온다.	소개/전문의 의뢰
on location	phrase	촬영 중인, 현지에서	/ɑːn loʊˈkeɪʃn/	The movie was filmed on location in Italy.	그 영화는 이탈리아 현지에서 촬영되었다.	The crew is on location today.	촬영팀은 오늘 현장 촬영 중이다.	현장 촬영
profile	noun	개요, 프로필	/ˈproʊfaɪl/	The article includes a profile of the artist.	그 기사에는 그 예술가의 프로필이 포함되어 있다.	Create a user profile before logging in.	로그인하기 전에 사용자 프로필을 만드세요.	소개 정보
footage	noun	영상, 촬영 장면	/ˈfʊtɪdʒ/	The news showed footage of the accident.	뉴스는 사고 영상을 보여 주었다.	Security footage helped solve the case.	보안 영상이 사건 해결에 도움이 되었다.	영상 자료
dwindle	verb	점점 줄어들다	/ˈdwɪndl/	Their savings began to dwindle.	그들의 저축은 점점 줄어들기 시작했다.	The crowd dwindled after sunset.	해가 진 후 군중은 줄어들었다.	점차 감소
engaging	adjective	호감이 가는, 매력적인	/ɪnˈɡeɪdʒɪŋ/	She is an engaging speaker.	그녀는 매력적인 연사이다.	The story is engaging from the first page.	그 이야기는 첫 페이지부터 흥미롭다.	관심을 끎
sponsorship	noun	협찬, 후원	/ˈspɑːnsərʃɪp/	The event received corporate sponsorship.	그 행사는 기업 협찬을 받았다.	Sponsorship helped pay for the program.	후원이 그 프로그램 비용을 지불하는 데 도움이 되었다.	돈/지원
forwarded	adjective	전달된, 전송된	/ˈfɔːrwərdɪd/	The forwarded email included the original message.	전달된 이메일에는 원래 메시지가 포함되어 있었다.	The documents were forwarded to the manager.	문서들은 관리자에게 전달되었다.	메일/문서 전달
junior	noun	하급자, 아랫사람	/ˈdʒuːniər/	He is my junior at work.	그는 직장에서 내 후배이다.	Senior staff trained the juniors.	선임 직원들이 하급자들을 교육했다.	senior의 반대
aptitude	noun	소질, 적성	/ˈæptɪtuːd/	She has an aptitude for languages.	그녀는 언어에 소질이 있다.	The test measures mechanical aptitude.	그 시험은 기계적 적성을 측정한다.	타고난 능력
strap	noun	끈, 줄	/stræp/	The bag has a leather strap.	그 가방에는 가죽 끈이 있다.	Tighten the strap before hiking.	하이킹 전에 끈을 조이세요.	끈
strap	verb	끈으로 묶다	/stræp/	He strapped the box to the bike.	그는 상자를 자전거에 끈으로 묶었다.	The child was strapped into the seat.	아이는 좌석에 안전띠로 고정되었다.	묶다
comprehensively	adverb	철저하게, 포괄적으로	/ˌkɑːmprɪˈhensɪvli/	The issue was reviewed comprehensively.	그 문제는 포괄적으로 검토되었다.	The report explains the system comprehensively.	그 보고서는 시스템을 철저히 설명한다.	빠짐없이
instance	noun	예, 사례	/ˈɪnstəns/	This is a clear instance of poor planning.	이것은 부실한 계획의 명확한 사례이다.	For instance, we can reduce costs by sharing equipment.	예를 들어, 장비를 공유해서 비용을 줄일 수 있다.	for instance 자주 사용
option	noun	선택, 선택지	/ˈɑːpʃn/	You have several options.	당신에게는 여러 선택지가 있다.	The cheapest option is not always the best.	가장 싼 선택지가 항상 최선은 아니다.	choice와 비슷
statistics	noun	통계, 통계학	/stəˈtɪstɪks/	The report includes recent statistics.	그 보고서는 최근 통계를 포함한다.	She studied statistics at university.	그녀는 대학에서 통계학을 공부했다.	자료/학문
objection	noun	반대, 이의	/əbˈdʒekʃn/	Do you have any objection to the plan?	그 계획에 반대 의견이 있나요?	The lawyer raised an objection.	변호사는 이의를 제기했다.	raise an objection
token	noun	증표, 표시	/ˈtoʊkən/	Please accept this gift as a token of thanks.	감사의 표시로 이 선물을 받아 주세요.	The app sends a security token to your phone.	앱은 휴대폰으로 보안 토큰을 보낸다.	표시/인증값
contributor	noun	요인, 기여자	/kənˈtrɪbjətər/	Stress is a major contributor to the problem.	스트레스는 그 문제의 주요 요인이다.	She is a regular contributor to the magazine.	그녀는 그 잡지의 정기 기고자이다.	요인/기고자
factor	noun	요인, 요소	/ˈfæktər/	Cost is an important factor.	비용은 중요한 요인이다.	Several factors affected the result.	여러 요인이 결과에 영향을 주었다.	원인 요소
hypothesis	noun	가설	/haɪˈpɑːθəsɪs/	The scientist tested the hypothesis.	과학자는 그 가설을 검증했다.	Our hypothesis was supported by the data.	우리의 가설은 데이터로 뒷받침되었다.	복수 hypotheses
exception	noun	예외	/ɪkˈsepʃn/	There is one exception to the rule.	그 규칙에는 한 가지 예외가 있다.	Everyone attended, with the exception of Tom.	톰을 제외하고 모두 참석했다.	with the exception of
disorder	noun	무질서, 장애	/dɪsˈɔːrdər/	The room was in disorder.	방은 무질서한 상태였다.	He suffers from a sleep disorder.	그는 수면 장애를 앓고 있다.	혼란/질환
mess	noun	어질러진 것, 엉망인 상태	/mes/	The kitchen is a mess.	부엌이 엉망이다.	The project became a complete mess.	그 프로젝트는 완전히 엉망이 되었다.	비격식
branch	noun	지점, 가지	/bræntʃ/	The bank opened a new branch.	그 은행은 새 지점을 열었다.	A branch fell from the tree.	나뭇가지 하나가 나무에서 떨어졌다.	회사/나무
demand	verb	요구하다	/dɪˈmænd/	Customers demand better service.	고객들은 더 나은 서비스를 요구한다.	The job demands patience.	그 일은 인내심을 요구한다.	강하게 요구
demand	noun	수요, 요구	/dɪˈmænd/	Demand for electric cars is increasing.	전기차 수요가 증가하고 있다.	The workers made several demands.	노동자들은 여러 요구를 했다.	수요/요구사항
utilization	noun	사용, 활용	/ˌjuːtələˈzeɪʃn/	The report measured equipment utilization.	그 보고서는 장비 활용도를 측정했다.	Better utilization of space can reduce costs.	공간을 더 잘 활용하면 비용을 줄일 수 있다.	활용도
broadband	noun	광대역 인터넷	/ˈbrɔːdbænd/	The hotel offers free broadband.	그 호텔은 무료 광대역 인터넷을 제공한다.	Rural areas need better broadband access.	농촌 지역에는 더 나은 광대역 인터넷 접근성이 필요하다.	인터넷 연결
advantageous	adjective	유리한	/ˌædvənˈteɪdʒəs/	The deal is advantageous to both sides.	그 거래는 양측 모두에게 유리하다.	It is advantageous to apply early.	일찍 지원하는 것이 유리하다.	beneficial
advantageously	adverb	유리하게	/ˌædvənˈteɪdʒəsli/	The company positioned itself advantageously.	그 회사는 자신을 유리하게 자리 잡게 했다.	They used the data advantageously.	그들은 데이터를 유리하게 활용했다.	유리한 방식으로
board	noun	위원회, 이사회	/bɔːrd/	The board approved the plan.	이사회가 그 계획을 승인했다.	She serves on the school board.	그녀는 교육위원회에서 일한다.	board of directors
executive	noun	이사, 경영진	/ɪɡˈzekjətɪv/	The executive announced a new strategy.	그 이사는 새 전략을 발표했다.	Company executives met with investors.	회사 경영진은 투자자들과 만났다.	고위 관리자
reliable	adjective	믿을 만한	/rɪˈlaɪəbl/	We need reliable data.	우리는 믿을 만한 데이터가 필요하다.	She is a reliable employee.	그녀는 신뢰할 수 있는 직원이다.	trustworthy
examination	noun	점검, 검사, 시험	/ɪɡˌzæmɪˈneɪʃn/	The doctor performed an examination.	의사가 검사를 했다.	The machine needs a full examination.	그 기계는 전체 점검이 필요하다.	검사/시험
advisable	adjective	현명한, 바람직한	/ədˈvaɪzəbl/	It is advisable to book early.	일찍 예약하는 것이 바람직하다.	It is not advisable to ignore the warning.	그 경고를 무시하는 것은 현명하지 않다.	it is advisable to
a second opinion	noun phrase	다른 사람의 조언, 제2의 의견	/ə ˈsekənd əˈpɪnjən/	You should get a second opinion.	다른 사람의 조언을 받아야 한다.	The patient asked for a second opinion.	환자는 다른 의사의 의견을 요청했다.	의료/판단
press conference	noun phrase	기자회견	/pres ˈkɑːnfərəns/	The mayor held a press conference.	시장이 기자회견을 열었다.	The company announced the results at a press conference.	회사는 기자회견에서 결과를 발표했다.	공식 발표
restructure	verb	재편성하다, 구조조정하다	/ˌriːˈstrʌktʃər/	The company plans to restructure its business.	그 회사는 사업을 재편할 계획이다.	The department was restructured last year.	그 부서는 작년에 구조조정되었다.	조직 개편
be responsive to	phrase	~에 대응하다, ~에 반응하다	/bi rɪˈspɑːnsɪv tuː/	The system must be responsive to user needs.	그 시스템은 사용자 요구에 대응해야 한다.	Good managers are responsive to feedback.	좋은 관리자는 피드백에 잘 반응한다.	요구/피드백 대응
be eligible to	phrase	~할 자격이 있다	/bi ˈelɪdʒəbl tuː/	You are eligible to apply for the grant.	당신은 그 보조금에 지원할 자격이 있다.	Employees are eligible to receive benefits.	직원들은 복리후생을 받을 자격이 있다.	be eligible for도 가능
be accustomed to	phrase	~에 익숙하다	/bi əˈkʌstəmd tuː/	She is accustomed to working late.	그녀는 늦게 일하는 것에 익숙하다.	We are accustomed to cold weather.	우리는 추운 날씨에 익숙하다.	to 뒤 명사/동명사
present	verb	상영하다, 발표하다, 제시하다	/prɪˈzent/	The theater will present a new play.	그 극장은 새 연극을 상영할 것이다.	She presented her findings clearly.	그녀는 자신의 연구 결과를 명확히 발표했다.	동사 발음 주의
present	adjective	현재의, 참석한	/ˈpreznt/	All members were present.	모든 구성원이 참석했다.	The present situation is difficult.	현재 상황은 어렵다.	형용사/명사 발음
in the order	phrase	순서대로	/ɪn ði ˈɔːrdər/	Please arrange the files in the order listed.	파일을 목록에 나온 순서대로 정리해 주세요.	The names appear in the order of arrival.	이름은 도착 순서대로 나온다.	order of
first-come, first-served basis	phrase	선착순으로	/ˌfɜːrst kʌm ˌfɜːrst sɜːrvd ˈbeɪsɪs/	Seats are available on a first-come, first-served basis.	좌석은 선착순으로 제공된다.	Tickets will be sold on a first-come, first-served basis.	표는 선착순으로 판매된다.	예약/접수 표현
venue	noun	회합 장소, 행사장	/ˈvenjuː/	The venue can hold 500 people.	그 행사장은 500명을 수용할 수 있다.	We changed the venue for the seminar.	우리는 세미나 장소를 바꿨다.	행사 장소
entertainment	noun	연예, 오락	/ˌentərˈteɪnmənt/	The hotel provides live entertainment.	그 호텔은 라이브 공연을 제공한다.	Entertainment expenses increased this year.	올해 접대비가 증가했다.	오락/접대
mark	verb	맞이하다, 기념하다, 표시하다	/mɑːrk/	The ceremony marked the opening of the center.	그 의식은 센터 개관을 기념했다.	Please mark the correct answer.	정답을 표시해 주세요.	기념/표시
new line	noun phrase	신제품군, 새 노선	/nuː laɪn/	The company launched a new line of products.	그 회사는 신제품군을 출시했다.	The store introduced a new line of clothing.	그 가게는 새로운 의류 라인을 선보였다.	제품 라인
drew	verb	끌어냈다, 끌어당겼다	/druː/	The event drew a large crowd.	그 행사는 많은 사람을 끌어모았다.	Her speech drew attention from the media.	그녀의 연설은 언론의 관심을 끌었다.	draw의 과거형
baggage	noun	수하물	/ˈbæɡɪdʒ/	Where can I claim my baggage?	수하물은 어디서 찾을 수 있나요?	Passengers may bring one piece of baggage.	승객은 수하물 한 개를 가져올 수 있다.	불가산명사
stationery	noun	문구류	/ˈsteɪʃəneri/	The office needs more stationery.	사무실에 문구류가 더 필요하다.	She bought stationery for school.	그녀는 학교용 문구류를 샀다.	stationary와 구별
classified	adjective	기밀의	/ˈklæsɪfaɪd/	The document is classified.	그 문서는 기밀이다.	He had access to classified information.	그는 기밀 정보에 접근할 수 있었다.	비밀 문서
model	noun	견본, 모델	/ˈmɑːdl/	This model is more efficient than the old one.	이 모델은 이전 모델보다 효율적이다.	The store displayed a model of the new building.	그 가게는 새 건물의 모형을 전시했다.	견본/모형/제품
officials	noun	직원들, 공무원들	/əˈfɪʃlz/	Government officials attended the meeting.	정부 관계자들이 회의에 참석했다.	Company officials declined to comment.	회사 관계자들은 논평을 거부했다.	공식 직책자들
implication	noun	의미, 영향	/ˌɪmplɪˈkeɪʃn/	The decision has serious implications.	그 결정은 심각한 영향을 가진다.	What is the implication of this result?	이 결과의 의미는 무엇인가요?	숨은 의미/결과
certificate	noun	증명서, 자격증	/sərˈtɪfɪkət/	Please submit a copy of your certificate.	증명서 사본을 제출해 주세요.	She received a teaching certificate.	그녀는 교사 자격증을 받았다.	공식 문서
dispose of	phrasal verb	~을 처리하다, 처분하다	/dɪˈspoʊz əv/	Dispose of old batteries properly.	낡은 배터리를 적절히 처리하세요.	The company disposed of unused equipment.	그 회사는 사용하지 않는 장비를 처분했다.	버리다/처리하다
take advantage of	phrase	~을 이용하다, 활용하다	/teɪk ədˈvæntɪdʒ əv/	Take advantage of this opportunity.	이 기회를 활용하세요.	He took advantage of the free service.	그는 무료 서비스를 이용했다.	기회 활용
account for	phrasal verb	~을 차지하다, ~의 이유가 되다	/əˈkaʊnt fɔːr/	Online sales account for half of our revenue.	온라인 매출이 우리 수익의 절반을 차지한다.	Bad weather accounted for the delay.	나쁜 날씨가 지연의 원인이었다.	비율/원인
complimentary	adjective	무료의, 칭찬하는	/ˌkɑːmplɪˈmentəri/	The hotel offers complimentary breakfast.	그 호텔은 무료 아침 식사를 제공한다.	The review was complimentary.	그 리뷰는 호의적이었다.	무료/칭찬
assess	verb	평가하다	/əˈses/	The teacher assessed the students’ work.	선생님은 학생들의 과제를 평가했다.	We need to assess the risk.	우리는 위험을 평가해야 한다.	evaluate
proof of identity	noun phrase	신원 증명서류	/pruːf əv aɪˈdentəti/	You must show proof of identity.	신원 증명서류를 제시해야 한다.	A passport can serve as proof of identity.	여권은 신원 증명서류가 될 수 있다.	ID 서류
proof of employment	noun phrase	재직 증명서	/pruːf əv ɪmˈplɔɪmənt/	The bank asked for proof of employment.	은행은 재직 증명서를 요구했다.	Please submit proof of employment with your application.	신청서와 함께 재직 증명서를 제출하세요.	고용 증명
business day	noun phrase	영업일	/ˈbɪznəs deɪ/	The package will arrive in three business days.	소포는 영업일 기준 3일 안에 도착한다.	Refunds are processed within five business days.	환불은 영업일 기준 5일 안에 처리된다.	주말/공휴일 제외
web hosting	noun phrase	웹 호스팅	/web ˈhoʊstɪŋ/	The company provides web hosting services.	그 회사는 웹 호스팅 서비스를 제공한다.	We changed our web hosting provider.	우리는 웹 호스팅 업체를 바꿨다.	사이트 서버 서비스
clothing	noun	의상, 의류	/ˈkloʊðɪŋ/	The store sells men’s clothing.	그 가게는 남성 의류를 판다.	Warm clothing is necessary in winter.	겨울에는 따뜻한 옷이 필요하다.	clothes보다 공식적
water purifier	noun phrase	정수기	/ˈwɔːtər ˈpjʊrɪfaɪər/	We installed a water purifier in the kitchen.	우리는 부엌에 정수기를 설치했다.	The water purifier needs a new filter.	정수기는 새 필터가 필요하다.	가전제품
bankrupt	adjective	파산한	/ˈbæŋkrʌpt/	The company went bankrupt last year.	그 회사는 작년에 파산했다.	He was declared bankrupt.	그는 파산 선고를 받았다.	go bankrupt
subscription	noun	구독료, 구독 기간	/səbˈskrɪpʃn/	My magazine subscription ends next month.	내 잡지 구독 기간은 다음 달에 끝난다.	The app requires a monthly subscription.	그 앱은 월 구독료가 필요하다.	정기 결제
compliance with	phrase	~에 대한 준수	/kəmˈplaɪəns wɪð/	The company must ensure compliance with the law.	회사는 법 준수를 보장해야 한다.	Compliance with safety rules is required.	안전 규칙 준수가 요구된다.	규정 준수
time constraints	noun phrase	시간 제약	/taɪm kənˈstreɪnts/	We finished quickly because of time constraints.	우리는 시간 제약 때문에 빨리 끝냈다.	Time constraints affected the quality of the work.	시간 제약이 작업 품질에 영향을 주었다.	제한된 시간
confidence in	phrase	~에 대한 신임, 믿음	/ˈkɑːnfɪdəns ɪn/	Investors have confidence in the company.	투자자들은 그 회사를 신뢰한다.	She has confidence in her team.	그녀는 자신의 팀을 믿는다.	trust in
attire	noun	의상, 복장	/əˈtaɪər/	Formal attire is required.	정장 복장이 요구된다.	Guests should wear business attire.	손님들은 비즈니스 복장을 착용해야 한다.	공식 표현
tailor	verb	맞추다, 조정하다	/ˈteɪlər/	The course is tailored to beginners.	그 강좌는 초보자에게 맞춰져 있다.	We tailored the plan to your needs.	우리는 계획을 당신의 요구에 맞췄다.	tailor A to B
cover	verb	보상하다, 다루다, 포함하다	/ˈkʌvər/	The insurance covers medical costs.	그 보험은 의료비를 보상한다.	The report covers three topics.	그 보고서는 세 가지 주제를 다룬다.	보상/포함
contact	noun	인맥, 연락	/ˈkɑːntækt/	She has many business contacts.	그녀는 많은 비즈니스 인맥이 있다.	Please keep in contact with us.	우리와 계속 연락해 주세요.	사람/연락
contact	verb	연락하다	/ˈkɑːntækt/	Please contact customer service.	고객 서비스에 연락해 주세요.	They contacted me by email.	그들은 이메일로 나에게 연락했다.	call/email
professionally	adverb	직업적으로, 전문적으로	/prəˈfeʃənəli/	She handled the issue professionally.	그녀는 그 문제를 전문적으로 처리했다.	He dresses professionally at work.	그는 직장에서 직업적으로 옷을 입는다.	전문적인 태도
nominee	noun	후보자, 추천된 사람	/ˌnɑːmɪˈniː/	The nominee gave a short speech.	후보자가 짧은 연설을 했다.	She was announced as the award nominee.	그녀는 수상 후보로 발표되었다.	지명된 사람
earlier years	noun phrase	이전 복수의 해, 예전	/ˈɜːrliər jɪrz/	In earlier years, the company was small.	예전에는 그 회사가 작았다.	The design was popular in earlier years.	그 디자인은 이전 시기에 인기가 있었다.	과거 시기
transaction	noun	거래	/trænˈzækʃn/	The transaction was completed online.	거래는 온라인으로 완료되었다.	Check your bank transactions regularly.	은행 거래 내역을 정기적으로 확인하세요.	금융/매매
item	noun	물품, 항목	/ˈaɪtəm/	Each item has a price tag.	각 물품에는 가격표가 붙어 있다.	The first item on the agenda is the budget.	첫 번째 안건은 예산이다.	물건/항목
close down	phrasal verb	폐업하다, 폐쇄하다	/kloʊz daʊn/	The store closed down last year.	그 가게는 작년에 폐업했다.	The factory was closed down after the accident.	그 공장은 사고 후 폐쇄되었다.	사업 종료
conscientiously	adverb	성실히, 양심적으로	/ˌkɑːnʃiˈenʃəsli/	She completed the task conscientiously.	그녀는 그 일을 성실히 끝냈다.	He works conscientiously every day.	그는 매일 성실하게 일한다.	꼼꼼하고 책임감 있게
desirable	adjective	좋은, 바람직한	/dɪˈzaɪərəbl/	The house is in a desirable neighborhood.	그 집은 좋은 동네에 있다.	Experience is desirable but not required.	경험은 있으면 좋지만 필수는 아니다.	매력적/바람직
neighborhood	noun	인근 지역, 주위 환경	/ˈneɪbərhʊd/	They live in a quiet neighborhood.	그들은 조용한 동네에 산다.	The neighborhood has many parks.	그 지역에는 공원이 많다.	동네
dealership	noun	판매 대리점, 특약점	/ˈdiːlərʃɪp/	We bought the car from a dealership.	우리는 판매 대리점에서 차를 샀다.	The dealership offers repair services.	그 대리점은 수리 서비스를 제공한다.	자동차 판매점
generate funds	verb phrase	자금을 조성하다	/ˈdʒenəreɪt fʌndz/	The event generated funds for the school.	그 행사는 학교를 위한 자금을 조성했다.	They launched a campaign to generate funds.	그들은 자금을 모으기 위한 캠페인을 시작했다.	기금 마련
cautiously optimistic	adjective phrase	조심스럽게 낙관적인	/ˈkɔːʃəsli ˌɑːptɪˈmɪstɪk/	We are cautiously optimistic about the results.	우리는 결과에 대해 조심스럽게 낙관하고 있다.	The team is cautiously optimistic about recovery.	그 팀은 회복에 대해 조심스럽게 낙관적이다.	뉴스 표현
highly qualified	adjective phrase	충분히 자격을 갖춘	/ˈhaɪli ˈkwɑːlɪfaɪd/	She is highly qualified for the position.	그녀는 그 직책에 충분한 자격을 갖추고 있다.	The company hired highly qualified engineers.	그 회사는 매우 자격 있는 엔지니어들을 고용했다.	능력 강조
prospective employee	noun phrase	지원자, 예비 직원	/prəˈspektɪv ɪmˈplɔɪiː/	Prospective employees must submit a résumé.	지원자들은 이력서를 제출해야 한다.	The company interviewed several prospective employees.	회사는 여러 예비 직원을 면접했다.	채용 대상자
foreseeable future	noun phrase	예측 가능한 미래	/fɔːrˈsiːəbl ˈfjuːtʃər/	The policy will remain in place for the foreseeable future.	그 정책은 예측 가능한 미래 동안 유지될 것이다.	We do not expect changes in the foreseeable future.	우리는 당분간 변화를 예상하지 않는다.	당분간
fiscal year	noun phrase	회계연도	/ˈfɪskl jɪr/	The fiscal year ends in March.	회계연도는 3월에 끝난다.	The budget was approved for the next fiscal year.	다음 회계연도 예산이 승인되었다.	회계 기간
lay off	phrasal verb	해고하다	/leɪ ɔːf/	The company laid off 200 workers.	그 회사는 직원 200명을 해고했다.	Several employees were laid off last month.	지난달 몇몇 직원들이 해고되었다.	경제적 해고
put on hold	phrase	보류하다	/pʊt ɑːn hoʊld/	The project was put on hold.	그 프로젝트는 보류되었다.	They put the request on hold.	그들은 그 요청을 보류했다.	진행 중지
shortage	noun	부족	/ˈʃɔːrtɪdʒ/	There is a shortage of nurses.	간호사가 부족하다.	The city faced a water shortage.	그 도시는 물 부족을 겪었다.	lack
collaborate	verb	공동으로 일하다, 협력하다	/kəˈlæbəreɪt/	Two teams collaborated on the project.	두 팀이 그 프로젝트에서 협력했다.	We need to collaborate with local experts.	우리는 지역 전문가들과 협력해야 한다.	collaborate with
in duplicate	phrase	두 통으로, 사본과 함께	/ɪn ˈduːplɪkət/	Please submit the form in duplicate.	양식을 두 부로 제출하세요.	The contract was prepared in duplicate.	계약서는 두 통으로 작성되었다.	공식 서류
for the time being	phrase	당분간	/fɔːr ðə taɪm ˈbiːɪŋ/	For the time being, we will work from home.	당분간 우리는 재택근무를 할 것이다.	The office is closed for the time being.	사무실은 당분간 문을 닫는다.	일시적으로
handle	verb	다루다, 처리하다	/ˈhændl/	She handled the complaint well.	그녀는 불만을 잘 처리했다.	This machine can handle large files.	이 기계는 큰 파일을 처리할 수 있다.	manage
for consideration	phrase	검토를 위해	/fɔːr kənˌsɪdəˈreɪʃn/	Please submit your proposal for consideration.	검토를 위해 제안서를 제출해 주세요.	The plan was sent to the board for consideration.	그 계획은 검토를 위해 이사회에 보내졌다.	공식 표현
midnight	noun	자정	/ˈmɪdnaɪt/	The store closes at midnight.	그 가게는 자정에 문을 닫는다.	Please submit the file before midnight.	자정 전에 파일을 제출하세요.	밤 12시
enter into	phrasal verb	~을 맺다, 시작하다	/ˈentər ˈɪntuː/	The two companies entered into an agreement.	두 회사는 계약을 맺었다.	They entered into a partnership last year.	그들은 작년에 협력 관계를 맺었다.	계약/관계
automatic teller machine	noun phrase	현금 자동 입출금기	/ˌɔːtəˈmætɪk ˈtelər məˌʃiːn/	You can withdraw cash from an automatic teller machine.	현금 자동 입출금기에서 현금을 인출할 수 있다.	The ATM is near the entrance.	ATM은 입구 근처에 있다.	ATM
refer	verb	언급하다, 지칭하다, 의뢰하다	/rɪˈfɜːr/	The article refers to recent research.	그 기사는 최근 연구를 언급한다.	The doctor referred me to a specialist.	의사는 나를 전문의에게 의뢰했다.	refer to
staff	noun	직원	/stæf/	The hotel staff were helpful.	호텔 직원들은 친절했다.	We need more staff for the event.	행사에 더 많은 직원이 필요하다.	집합명사
renovation	noun	보수, 개조	/ˌrenəˈveɪʃn/	The building is closed for renovation.	그 건물은 보수 공사로 닫혀 있다.	The renovation took six months.	개조 작업은 6개월 걸렸다.	건물 수리
come upon	phrasal verb	이르다, 우연히 발견하다	/kʌm əˈpɑːn/	We came upon a small village.	우리는 작은 마을에 이르렀다.	She came upon an old letter.	그녀는 오래된 편지를 우연히 발견했다.	come across와 비슷
numerous	adjective	수많은	/ˈnuːmərəs/	The report contains numerous errors.	그 보고서에는 수많은 오류가 있다.	We received numerous complaints.	우리는 수많은 불만을 받았다.	many보다 공식적
run	verb	운영하다, 달리다	/rʌn/	She runs a small business.	그녀는 작은 사업을 운영한다.	The train runs every ten minutes.	그 기차는 10분마다 운행된다.	운영/운행
management	noun	경영진, 관리	/ˈmænɪdʒmənt/	Management approved the plan.	경영진이 그 계획을 승인했다.	Good management is essential.	좋은 관리는 필수적이다.	관리/경영진
applicant	noun	지원자, 신청자	/ˈæplɪkənt/	Each applicant must submit a résumé.	각 지원자는 이력서를 제출해야 한다.	The applicant was highly qualified.	그 지원자는 충분한 자격을 갖추고 있었다.	신청한 사람
enter	verb	입력하다, 들어가다	/ˈentər/	Enter your password.	비밀번호를 입력하세요.	She entered the room quietly.	그녀는 조용히 방에 들어갔다.	입력/입장
withdraw	verb	인출하다, 철회하다	/wɪðˈdrɔː/	You can withdraw money from the ATM.	ATM에서 돈을 인출할 수 있다.	He withdrew his application.	그는 지원서를 철회했다.	돈/신청 철회
enclosed	adjective	동봉된	/ɪnˈkloʊzd/	Please see the enclosed document.	동봉된 문서를 확인해 주세요.	The enclosed form must be signed.	동봉된 양식에 서명해야 한다.	편지 표현
specification	noun	사양, 세부 명세	/ˌspesɪfɪˈkeɪʃn/	The product meets the specifications.	그 제품은 사양을 충족한다.	Please read the technical specifications.	기술 사양을 읽어 주세요.	상세 요구사항
organize	verb	준비하다, 조직하다	/ˈɔːrɡənaɪz/	She organized the conference.	그녀는 회의를 준비했다.	We need to organize the files.	우리는 파일을 정리해야 한다.	행사/자료 정리
confidential	adjective	기밀의	/ˌkɑːnfɪˈdenʃl/	This information is confidential.	이 정보는 기밀이다.	Please keep the report confidential.	그 보고서를 비밀로 유지해 주세요.	비밀 유지
termination	noun	종료, 해고	/ˌtɜːrmɪˈneɪʃn/	The contract allows early termination.	그 계약은 조기 종료를 허용한다.	The employee received a termination notice.	그 직원은 해고 통지를 받았다.	계약/고용 종료
social security card	noun phrase	사회보장카드	/ˌsoʊʃl sɪˈkjʊrəti kɑːrd/	Bring your social security card to the office.	사회보장카드를 사무실로 가져오세요.	A social security card may be required for employment.	고용을 위해 사회보장카드가 필요할 수 있다.	미국 신분 서류
promotional	adjective	홍보의, 판촉의	/prəˈmoʊʃənl/	We received a promotional coupon.	우리는 판촉 쿠폰을 받았다.	The company sent promotional emails.	그 회사는 홍보 이메일을 보냈다.	마케팅 관련
go over	phrasal verb	검토하다	/ɡoʊ ˈoʊvər/	Let’s go over the contract.	계약서를 검토해 봅시다.	The teacher went over the answers.	선생님은 답을 검토했다.	review
accommodate	verb	수용하다, 맞추다	/əˈkɑːmədeɪt/	The hotel can accommodate 300 guests.	그 호텔은 손님 300명을 수용할 수 있다.	We can accommodate your schedule.	우리는 당신의 일정에 맞출 수 있다.	수용/배려
last	verb	지속하다	/læst/	The meeting lasted two hours.	회의는 두 시간 지속되었다.	The battery lasts all day.	배터리는 하루 종일 간다.	continue
verify	verb	확인하다, 검증하다	/ˈverɪfaɪ/	Please verify your email address.	이메일 주소를 확인해 주세요.	The accountant verified the figures.	회계사가 수치를 검증했다.	정확성 확인
synthetic	adjective	합성의	/sɪnˈθetɪk/	The jacket is made of synthetic fabric.	그 재킷은 합성 섬유로 만들어졌다.	Synthetic materials are often durable.	합성 재료는 보통 내구성이 좋다.	인공적
receipt	noun	영수증, 수령	/rɪˈsiːt/	Keep your receipt.	영수증을 보관하세요.	We confirmed receipt of the documents.	우리는 문서 수령을 확인했다.	p는 묵음
benefits package	noun phrase	복리후생 제도	/ˈbenɪfɪts ˈpækɪdʒ/	The job includes a generous benefits package.	그 일자리에는 후한 복리후생 제도가 포함된다.	Employees value a good benefits package.	직원들은 좋은 복리후생 제도를 중요하게 여긴다.	고용 혜택
bonus program	noun phrase	상여금 제도	/ˈboʊnəs ˈproʊɡræm/	The company introduced a bonus program.	회사는 상여금 제도를 도입했다.	The bonus program rewards high performance.	상여금 제도는 높은 성과를 보상한다.	보상 제도
medical insurance coverage	noun phrase	의료보험 보장	/ˈmedɪkl ɪnˈʃʊrəns ˈkʌvərɪdʒ/	The job offers medical insurance coverage.	그 일자리는 의료보험 보장을 제공한다.	Check your medical insurance coverage before treatment.	치료 전에 의료보험 보장 범위를 확인하세요.	보험 범위
amenity	noun	편의 시설	/əˈmenəti/	The apartment has many amenities.	그 아파트에는 많은 편의 시설이 있다.	A gym is a popular amenity.	헬스장은 인기 있는 편의 시설이다.	숙박/주거
laundromat	noun	세탁소, 셀프 빨래방	/ˈlɔːndrəmæt/	There is a laundromat near my apartment.	내 아파트 근처에 셀프 빨래방이 있다.	She washes clothes at the laundromat.	그녀는 빨래방에서 옷을 빤다.	미국식
regional	adjective	지역의, 지방의	/ˈriːdʒənl/	The company opened a regional office.	그 회사는 지역 사무소를 열었다.	Regional differences affect prices.	지역 차이가 가격에 영향을 준다.	지역 관련
proficient	adjective	능숙한, 숙련된	/prəˈfɪʃnt/	She is proficient in English.	그녀는 영어에 능숙하다.	The job requires proficient computer skills.	그 일은 숙련된 컴퓨터 능력을 요구한다.	proficient in
hospitality	noun	환대, 접대	/ˌhɑːspɪˈtæləti/	Thank you for your hospitality.	환대해 주셔서 감사합니다.	The hotel is famous for its hospitality.	그 호텔은 환대로 유명하다.	손님 대접
control	verb	관리하다, 통제하다	/kənˈtroʊl/	The manager controls the budget.	관리자가 예산을 관리한다.	The medicine helps control pain.	그 약은 통증을 조절하는 데 도움이 된다.	통제/관리
operational division	noun phrase	운영 부서	/ˌɑːpəˈreɪʃənl dɪˈvɪʒn/	She works in the operational division.	그녀는 운영 부서에서 일한다.	The operational division handles daily tasks.	운영 부서는 일상 업무를 처리한다.	회사 조직
bachelor's degree	noun phrase	학사 학위	/ˈbætʃələrz dɪˈɡriː/	She has a bachelor's degree in biology.	그녀는 생물학 학사 학위를 가지고 있다.	A bachelor's degree is required for this position.	이 직책에는 학사 학위가 필요하다.	대학 학위
progress	noun	진전, 진보, 발전	/ˈprɑːɡres/	We made good progress today.	우리는 오늘 좋은 진전을 이루었다.	Technological progress changes society.	기술 진보는 사회를 변화시킨다.	명사 강세 앞
progress	verb	전진하다, 진보하다, 발전하다	/prəˈɡres/	The project is progressing well.	그 프로젝트는 잘 진행되고 있다.	Students progress at different speeds.	학생들은 서로 다른 속도로 발전한다.	동사 강세 뒤
regress	verb	후퇴하다, 퇴보하다	/rɪˈɡres/	The patient began to regress after treatment stopped.	치료가 중단된 후 환자는 퇴보하기 시작했다.	Without practice, skills may regress.	연습하지 않으면 능력이 퇴보할 수 있다.	progress 반대
regress	noun	퇴보, 후퇴	/ˈriːɡres/	The policy caused social regress.	그 정책은 사회적 퇴보를 초래했다.	The team feared a regress in performance.	그 팀은 성과 후퇴를 우려했다.	명사형
progressive	adjective	진보적인, 점진적인	/prəˈɡresɪv/	She supports progressive policies.	그녀는 진보적인 정책을 지지한다.	The disease causes progressive damage.	그 병은 점진적인 손상을 일으킨다.	정치/점진성
conservative	adjective	보수적인	/kənˈsɜːrvətɪv/	He has conservative views.	그는 보수적인 견해를 가지고 있다.	The estimate is conservative.	그 추정치는 보수적이다.	정치/신중함
reform	noun	개정, 개혁	/rɪˈfɔːrm/	The country needs education reform.	그 나라는 교육 개혁이 필요하다.	The reform changed the tax system.	그 개혁은 세금 제도를 바꾸었다.	제도 개선
reform	verb	개혁하다	/rɪˈfɔːrm/	The government promised to reform the law.	정부는 법을 개혁하겠다고 약속했다.	The school reformed its curriculum.	학교는 교육과정을 개편했다.	바꾸어 개선
propose	verb	제안하다, 청혼하다	/prəˈpoʊz/	She proposed a new plan.	그녀는 새 계획을 제안했다.	He proposed to her last night.	그는 어젯밤 그녀에게 청혼했다.	제안/청혼
suggest	verb	제안하다, 시사하다	/səɡˈdʒest/	I suggest taking a break.	나는 쉬는 것을 제안한다.	The data suggests a different conclusion.	그 데이터는 다른 결론을 시사한다.	suggest + V-ing
proposal	noun	제안, 청혼	/prəˈpoʊzl/	The proposal was approved.	그 제안은 승인되었다.	She accepted his marriage proposal.	그녀는 그의 청혼을 받아들였다.	제안서
approve	verb	승인하다, 찬성하다	/əˈpruːv/	The board approved the budget.	이사회는 예산을 승인했다.	I do not approve of his behavior.	나는 그의 행동에 찬성하지 않는다.	approve of
organic produce	noun phrase	유기농 농산물	/ɔːrˈɡænɪk ˈproʊduːs/	The market sells organic produce.	그 시장은 유기농 농산물을 판다.	Organic produce is often more expensive.	유기농 농산물은 보통 더 비싸다.	produce는 농산물
Gross National Product	noun phrase	국민총생산	/ɡroʊs ˈnæʃənl ˈprɑːdʌkt/	Gross National Product measures the value produced by a nation’s residents.	국민총생산은 한 나라 국민이 생산한 가치를 측정한다.	The report compared GDP and Gross National Product.	그 보고서는 GDP와 국민총생산을 비교했다.	GNP
protective	adjective	보호하는, 방어하는	/prəˈtektɪv/	Wear protective gloves.	보호 장갑을 착용하세요.	Parents can be very protective of their children.	부모는 자녀를 매우 보호하려 할 수 있다.	보호 목적
sunscreen	noun	자외선 차단제	/ˈsʌnskriːn/	Apply sunscreen before going outside.	밖에 나가기 전에 자외선 차단제를 바르세요.	Use sunscreen on sunny days.	화창한 날에는 자외선 차단제를 사용하세요.	피부 보호
instinct	noun	본능	/ˈɪnstɪŋkt/	Animals follow their instincts.	동물들은 본능을 따른다.	My instinct told me to leave.	내 본능은 떠나라고 말했다.	직감/본능
pros and cons	noun phrase	찬반양론, 장단점	/proʊz ænd kɑːnz/	Let’s discuss the pros and cons.	장단점을 논의해 봅시다.	Every option has pros and cons.	모든 선택지에는 장단점이 있다.	찬성/반대
debate	verb	논쟁하다, 토론하다	/dɪˈbeɪt/	The students debated the issue.	학생들은 그 문제를 토론했다.	Lawmakers debated the proposal.	의원들은 그 제안을 논의했다.	토론
debate	noun	논쟁, 토론	/dɪˈbeɪt/	The debate lasted two hours.	토론은 두 시간 동안 계속되었다.	There is a debate over the policy.	그 정책을 둘러싼 논쟁이 있다.	찬반 토론
promote	verb	승진시키다, 촉진하다, 홍보하다	/prəˈmoʊt/	She was promoted to manager.	그녀는 관리자로 승진했다.	The campaign promotes healthy eating.	그 캠페인은 건강한 식습관을 촉진한다.	승진/촉진
project	noun	계획, 프로젝트	/ˈprɑːdʒekt/	The project starts next month.	그 프로젝트는 다음 달에 시작된다.	We need a clear project plan.	우리는 명확한 프로젝트 계획이 필요하다.	명사 강세 앞
project	verb	예상하다, 투영하다	/prəˈdʒekt/	The company projects higher sales next year.	회사는 내년에 더 높은 매출을 예상한다.	The image was projected onto the wall.	이미지가 벽에 투영되었다.	동사 강세 뒤
pro-environment	adjective	친환경적인	/proʊ ɪnˈvaɪrənmənt/	The group supports pro-environment policies.	그 단체는 친환경 정책을 지지한다.	The company adopted a pro-environment strategy.	그 회사는 친환경 전략을 채택했다.	환경 보호 지향
predict	verb	예언하다, 예측하다	/prɪˈdɪkt/	Experts predict lower prices.	전문가들은 가격 하락을 예측한다.	It is hard to predict the result.	결과를 예측하기 어렵다.	미래 예측
prediction	noun	예언, 예측	/prɪˈdɪkʃn/	His prediction was correct.	그의 예측은 맞았다.	The report includes weather predictions.	그 보고서는 날씨 예측을 포함한다.	predict의 명사
expert	noun	전문가	/ˈekspɜːrt/	Ask an expert for advice.	전문가에게 조언을 구하세요.	She is an expert in finance.	그녀는 금융 전문가이다.	expert in
precaution	noun	조심, 경계, 예방책	/prɪˈkɔːʃn/	This is a necessary precaution.	이것은 필요한 예방책이다.	As a precaution, we locked the doors.	예방 차원에서 우리는 문을 잠갔다.	예방 조치
take precautions	phrase	조심하다, 예방 조치를 취하다	/teɪk prɪˈkɔːʃnz/	You should take precautions when hiking.	하이킹할 때 조심해야 한다.	The company took precautions to protect data.	회사는 데이터를 보호하기 위해 예방 조치를 취했다.	위험 대비
safety precautions	noun phrase	안전 예방 조치	/ˈseɪfti prɪˈkɔːʃnz/	Follow all safety precautions.	모든 안전 예방 조치를 따르세요.	Safety precautions are required in the lab.	실험실에서는 안전 예방 조치가 필요하다.	안전 규칙
draw	verb	끌어내다, 그리다, 뽑다	/drɔː/	The event drew a large crowd.	그 행사는 많은 관중을 끌어모았다.	She drew a picture of her house.	그녀는 자기 집 그림을 그렸다.	draw-drew-drawn
premature	adjective	시기상조의, 너무 이른	/ˌpriːməˈtʃʊr/	The announcement was premature.	그 발표는 시기상조였다.	Do not make a premature decision.	너무 이른 결정을 하지 마라.	예상보다 이른
immature	adjective	미숙한, 미완성의	/ˌɪməˈtʃʊr/	His behavior was immature.	그의 행동은 미숙했다.	The fruit is still immature.	그 과일은 아직 덜 익었다.	사람/상태
premature birth	noun phrase	조산	/ˌpriːməˈtʃʊr bɜːrθ/	Premature birth can require special care.	조산은 특별한 관리가 필요할 수 있다.	The hospital treats babies after premature birth.	그 병원은 조산아를 치료한다.	의학 표현
premature death	noun phrase	요절, 이른 죽음	/ˌpriːməˈtʃʊr deθ/	Smoking can lead to premature death.	흡연은 이른 죽음으로 이어질 수 있다.	The disease caused many premature deaths.	그 병은 많은 요절을 초래했다.	예상보다 이른 죽음
premature retirement	noun phrase	조기 퇴직	/ˌpriːməˈtʃʊr rɪˈtaɪərmənt/	Health problems forced his premature retirement.	건강 문제가 그의 조기 퇴직을 초래했다.	The company offered premature retirement packages.	회사는 조기 퇴직 패키지를 제공했다.	퇴직 표현
preview	noun	미리 보기, 시사회	/ˈpriːvjuː/	We watched a preview of the film.	우리는 그 영화의 시사회를 봤다.	The website shows a preview of the file.	웹사이트는 파일 미리 보기를 보여 준다.	사전 공개
precede	verb	먼저 일어나다, 앞서다	/prɪˈsiːd/	A short speech preceded the ceremony.	짧은 연설이 의식에 앞서 있었다.	Spring precedes summer.	봄은 여름보다 앞선다.	시간/순서
preface	noun	머리말, 서문	/ˈprefəs/	The book begins with a short preface.	그 책은 짧은 서문으로 시작한다.	Read the preface before the first chapter.	첫 장 전에 머리말을 읽어라.	책 앞부분
prejudice	noun	편견	/ˈpredʒədɪs/	We should avoid prejudice.	우리는 편견을 피해야 한다.	He faced prejudice because of his accent.	그는 억양 때문에 편견을 겪었다.	부정적 선입견
forefather	noun	선조, 조상	/ˈfɔːrfɑːðər/	Our forefathers built this town.	우리 선조들이 이 마을을 세웠다.	They honored their forefathers.	그들은 조상들을 기렸다.	ancestor
descendant	noun	후손	/dɪˈsendənt/	She is a descendant of the founder.	그녀는 창립자의 후손이다.	Many descendants still live in the village.	많은 후손들이 아직 그 마을에 산다.	ancestor의 반대
foremost	adjective	으뜸가는, 가장 중요한	/ˈfɔːrmoʊst/	She is one of the foremost experts in the field.	그녀는 그 분야의 최고 전문가 중 한 명이다.	Safety is our foremost concern.	안전은 우리의 가장 중요한 관심사이다.	가장 앞선/중요한
foresee	verb	예견하다, 예지하다	/fɔːrˈsiː/	We did not foresee this problem.	우리는 이 문제를 예견하지 못했다.	Experts foresee strong growth next year.	전문가들은 내년에 강한 성장을 예측한다.	foresee-foresaw-foreseen
postpone	verb	미루다, 연기하다	/poʊˈspoʊn/	The meeting was postponed until Friday.	회의는 금요일까지 연기되었다.	We had to postpone the trip.	우리는 여행을 미뤄야 했다.	put off
postscript	noun	추신	/ˈpoʊstskrɪpt/	She added a postscript to the letter.	그녀는 편지에 추신을 덧붙였다.	The postscript contained one more request.	추신에는 요청이 하나 더 들어 있었다.	P.S.
indoor	adjective	실내의	/ˈɪndɔːr/	The hotel has an indoor pool.	그 호텔에는 실내 수영장이 있다.	Indoor activities are popular in winter.	겨울에는 실내 활동이 인기 있다.	명사 앞
indoors	adverb	실내에서	/ˌɪnˈdɔːrz/	We stayed indoors because of the rain.	비 때문에 우리는 실내에 있었다.	Please keep the plants indoors.	식물을 실내에 두세요.	adverb
infect	verb	감염시키다	/ɪnˈfekt/	The virus can infect many people.	그 바이러스는 많은 사람을 감염시킬 수 있다.	The wound became infected.	상처가 감염되었다.	질병 전달
infection	noun	감염	/ɪnˈfekʃn/	The doctor treated the infection.	의사는 감염을 치료했다.	Wash the cut to prevent infection.	감염을 막기 위해 상처를 씻어라.	의학
insight	noun	통찰력	/ˈɪnsaɪt/	The report gives useful insight into the market.	그 보고서는 시장에 대한 유용한 통찰을 제공한다.	She has deep insight into human behavior.	그녀는 인간 행동에 대한 깊은 통찰력이 있다.	이해력
invest	verb	투자하다	/ɪnˈvest/	They invested in real estate.	그들은 부동산에 투자했다.	The company invests heavily in research.	그 회사는 연구에 많이 투자한다.	invest in
investment	noun	투자	/ɪnˈvestmənt/	This is a safe investment.	이것은 안전한 투자이다.	Foreign investment increased last year.	외국인 투자가 작년에 증가했다.	돈/시간 투자
input	noun	투입, 의견, 입력	/ˈɪnpʊt/	We need your input on this plan.	이 계획에 대한 당신의 의견이 필요하다.	The system requires user input.	그 시스템은 사용자 입력이 필요하다.	의견/데이터
install	verb	설치하다	/ɪnˈstɔːl/	They installed a new water purifier.	그들은 새 정수기를 설치했다.	Install the software before use.	사용 전에 소프트웨어를 설치하세요.	기계/프로그램
insert	verb	삽입하다	/ɪnˈsɜːrt/	Insert the card into the machine.	카드를 기계에 삽입하세요.	She inserted a comment into the document.	그녀는 문서에 의견을 삽입했다.	넣다
disregard	verb	무시하다, 경시하다	/ˌdɪsrɪˈɡɑːrd/	Please disregard the previous email.	이전 이메일은 무시해 주세요.	He disregarded the warning signs.	그는 경고 표지판을 무시했다.	ignore보다 공식적
nonresident	adjective	비거주자의	/nɑːnˈrezɪdənt/	Nonresident students pay higher fees.	비거주 학생들은 더 높은 수수료를 낸다.	The form is for nonresident applicants.	그 양식은 비거주 지원자를 위한 것이다.	세금/신분
nonresident	noun	비거주자	/nɑːnˈrezɪdənt/	Nonresidents must file a different tax form.	비거주자는 다른 세금 양식을 제출해야 한다.	The rule applies to nonresidents.	그 규칙은 비거주자에게 적용된다.	거주자가 아닌 사람
alien	noun	외국인, 외계인	/ˈeɪliən/	The law applies to resident aliens.	그 법은 거주 외국인에게 적용된다.	The movie is about aliens from another planet.	그 영화는 다른 행성의 외계인에 관한 것이다.	법률/공상과학
alien	adjective	이질적인, 낯선	/ˈeɪliən/	The culture felt alien to him.	그 문화는 그에게 낯설게 느껴졌다.	The idea was alien to traditional thinking.	그 생각은 전통적 사고와는 이질적이었다.	낯선
internal	adjective	내부의, 국내의	/ɪnˈtɜːrnl/	The company began an internal investigation.	회사는 내부 조사를 시작했다.	The report focuses on internal problems.	그 보고서는 내부 문제에 초점을 맞춘다.	inside
revenue	noun	수입, 세입	/ˈrevənuː/	Tax revenue increased this year.	올해 세수가 증가했다.	The company’s revenue grew quickly.	그 회사의 수입은 빠르게 증가했다.	정부/회사 수입
exempt	verb	면제하다	/ɪɡˈzempt/	Small businesses are exempt from the fee.	소규모 사업체는 그 요금이 면제된다.	The law exempts some students from the test.	그 법은 일부 학생들을 시험에서 면제한다.	exempt from
exempt	adjective	면제된	/ɪɡˈzempt/	These items are tax exempt.	이 물품들은 면세이다.	He is exempt from military service.	그는 병역이 면제되었다.	면제 상태
treaty	noun	조약, 협정	/ˈtriːti/	The two countries signed a treaty.	두 나라는 조약을 체결했다.	The treaty reduced trade barriers.	그 조약은 무역 장벽을 줄였다.	국가 간 공식 합의
withhold	verb	보류하다, 원천징수하다	/wɪðˈhoʊld/	The company withheld tax from his paycheck.	회사는 그의 급여에서 세금을 원천징수했다.	She withheld important information.	그녀는 중요한 정보를 보류했다.	withhold-withheld-withheld
figure	noun	수치, 계산, 인물, 도형	/ˈfɪɡjər/	The sales figures are impressive.	매출 수치는 인상적이다.	He is a major figure in politics.	그는 정치계의 주요 인물이다.	수치/인물
figure out	phrasal verb	계산해 내다, 이해하다	/ˈfɪɡjər aʊt/	I figured out the answer.	나는 답을 알아냈다.	We need to figure out the cost.	우리는 비용을 계산해 내야 한다.	알아내다
cross	adjective	시무룩한, 화난	/krɔːs/	She looked cross after the meeting.	그녀는 회의 후 화난 듯 보였다.	Don’t be cross with me.	나에게 화내지 마.	영국식 느낌
temper	noun	성질, 성미	/ˈtempər/	He has a bad temper.	그는 성질이 나쁘다.	She lost her temper during the argument.	그녀는 논쟁 중에 화를 냈다.	lose one's temper
wildly	adverb	거칠게, 난폭하게, 몹시	/ˈwaɪldli/	The crowd cheered wildly.	군중은 열광적으로 환호했다.	The numbers varied wildly.	수치가 크게 들쭉날쭉했다.	강한 정도
untidy	adjective	단정치 못한, 지저분한	/ʌnˈtaɪdi/	His desk is untidy.	그의 책상은 지저분하다.	The room looked untidy after the party.	파티 후 방은 어수선해 보였다.	messy
moor	noun	황야, 황무지	/mʊr/	They walked across the moor.	그들은 황야를 가로질러 걸었다.	The house stood on a lonely moor.	그 집은 외로운 황무지에 서 있었다.	영국 풍경
feel very small and lost	phrase	자신이 작고 초라하게 느끼다	/fiːl ˈveri smɔːl ænd lɔːst/	The huge city made me feel very small and lost.	거대한 도시는 나를 작고 초라하게 느끼게 했다.	After the failure, he felt very small and lost.	실패 후 그는 매우 초라하고 길 잃은 듯 느꼈다.	감정 표현
supper	noun	저녁식사	/ˈsʌpər/	We had soup for supper.	우리는 저녁으로 수프를 먹었다.	She invited us to supper.	그녀는 우리를 저녁식사에 초대했다.	dinner보다 가벼운 느낌
walled	adjective	벽이 있는, 벽으로 둘러친	/wɔːld/	The old city is walled.	그 오래된 도시는 성벽으로 둘러싸여 있다.	They entered a walled garden.	그들은 벽으로 둘러싸인 정원에 들어갔다.	벽으로 둘러싸인
dialect	noun	방언, 사투리	/ˈdaɪəlekt/	She speaks a regional dialect.	그녀는 지역 방언을 쓴다.	The dialect is difficult for outsiders to understand.	그 방언은 외부인이 이해하기 어렵다.	지역 말
sensible	adjective	현명한, 분별 있는	/ˈsensəbl/	That sounds like a sensible plan.	그것은 현명한 계획처럼 들린다.	Wear sensible shoes for walking.	걷기에는 실용적인 신발을 신어라.	실용적/현명함
day off	noun phrase	쉬는 날, 비번일	/deɪ ɔːf/	I have a day off tomorrow.	나는 내일 쉬는 날이다.	She took a day off to rest.	그녀는 쉬기 위해 하루 휴가를 냈다.	휴무
spade	noun	삽	/speɪd/	He dug a hole with a spade.	그는 삽으로 구멍을 팠다.	The gardener carried a spade.	정원사는 삽을 들고 있었다.	도구
skip	verb	가볍게 뛰어가다, 건너뛰다	/skɪp/	The child skipped down the street.	아이는 길을 따라 깡충깡충 뛰어갔다.	Do not skip breakfast.	아침 식사를 거르지 마라.	뛰다/생략하다
pulse	noun	맥박, 진동	/pʌls/	The nurse checked his pulse.	간호사는 그의 맥박을 확인했다.	The machine sends an electrical pulse.	그 기계는 전기 신호를 보낸다.	의학/신호
denture	noun	틀니	/ˈdentʃər/	She needs new dentures.	그녀는 새 틀니가 필요하다.	The dentist adjusted his denture.	치과의사는 그의 틀니를 조정했다.	보통 dentures
manipulate	verb	조작하다, 잘 처리하다	/məˈnɪpjuleɪt/	He manipulated the data.	그는 데이터를 조작했다.	She can manipulate the tool skillfully.	그녀는 그 도구를 능숙하게 다룰 수 있다.	부정적/기술적
make some moves	phrase	움직이다, 행동을 취하다	/meɪk səm muːvz/	The company needs to make some moves soon.	그 회사는 곧 어떤 행동을 취해야 한다.	He made some moves to improve his career.	그는 경력을 개선하기 위해 움직이기 시작했다.	비격식
embarrassed	adjective	창피한, 민망한	/ɪmˈbærəst/	She felt embarrassed by the mistake.	그녀는 그 실수 때문에 창피했다.	He was embarrassed to ask for help.	그는 도움을 요청하기가 민망했다.	감정
mess around	phrasal verb	장난을 치다, 시간을 낭비하다	/mes əˈraʊnd/	Stop messing around and start working.	장난 그만 치고 일 시작해라.	He messed around with the settings.	그는 설정을 이것저것 만졌다.	비격식
perplex	verb	난처하게 하다, 당황하게 하다	/pərˈpleks/	The question perplexed the students.	그 질문은 학생들을 당황하게 했다.	His behavior perplexed everyone.	그의 행동은 모두를 난처하게 했다.	confuse
measure	verb	측정하다	/ˈmeʒər/	Measure the length of the table.	탁자의 길이를 측정해라.	The test measures reading ability.	그 시험은 읽기 능력을 측정한다.	길이/능력
evaluate	verb	평가하다	/ɪˈvæljueɪt/	We need to evaluate the results.	우리는 결과를 평가해야 한다.	The teacher evaluated each essay.	선생님은 각 에세이를 평가했다.	가치/성과 평가
estimate	verb	추정하다	/ˈestɪmeɪt/	They estimated the cost at $500.	그들은 비용을 500달러로 추정했다.	We estimate that the work will take two weeks.	우리는 그 일이 2주 걸릴 것으로 추정한다.	대략 계산
assess	verb	측정하다, 평가하다	/əˈses/	The doctor assessed the injury.	의사는 부상을 평가했다.	The company assessed the risk carefully.	회사는 위험을 신중히 평가했다.	상태/위험 평가
tremble	verb	떨다	/ˈtrembl/	Her hands trembled with fear.	그녀의 손은 두려움으로 떨렸다.	The building trembled during the earthquake.	건물은 지진 동안 흔들렸다.	몸/물체
devastate	verb	완전히 파괴하다, 큰 충격을 주다	/ˈdevəsteɪt/	The flood devastated the village.	홍수가 그 마을을 완전히 파괴했다.	The news devastated her.	그 소식은 그녀에게 큰 충격을 주었다.	물리적/감정적
wishful thinking	noun phrase	희망 사항, 헛된 기대	/ˈwɪʃfl ˈθɪŋkɪŋ/	Hoping prices will fall is just wishful thinking.	가격이 떨어지기를 바라는 것은 그저 희망 사항이다.	That plan sounds like wishful thinking.	그 계획은 헛된 기대처럼 들린다.	근거 없는 기대
A is survived by B	phrase	A가 사망하고 B가 유족으로 남다	/eɪ ɪz sərˈvaɪvd baɪ biː/	He is survived by his wife and two children.	그는 아내와 두 자녀를 유족으로 남겼다.	The actor was survived by his daughter.	그 배우는 딸을 유족으로 남겼다.	부고 표현
abbreviation	noun	약어, 축약형	/əˌbriːviˈeɪʃn/	“Dr.” is an abbreviation for “Doctor.”	“Dr.”는 “Doctor”의 약어이다.	Use abbreviations carefully in formal writing.	공식 글에서는 약어를 신중히 사용해라.	줄임말
in place of	phrase	~대신에	/ɪn pleɪs əv/	Use honey in place of sugar.	설탕 대신 꿀을 사용해라.	She attended the meeting in place of her manager.	그녀는 관리자 대신 회의에 참석했다.	instead of
content	noun	내용물, 함유량, 만족	/ˈkɑːntent/	The content of the box was damaged.	상자의 내용물이 손상되었다.	The course content is useful.	강의 내용은 유용하다.	명사 강세 앞
content	adjective	만족하는	/kənˈtent/	She seemed content with her life.	그녀는 자신의 삶에 만족하는 것 같았다.	He was content to stay at home.	그는 집에 머무는 것에 만족했다.	형용사 강세 뒤
plural	adjective	복수의	/ˈplʊrəl/	“Children” is a plural noun.	“Children”은 복수 명사이다.	Use the plural form here.	여기서는 복수형을 사용해라.	문법
familiarity	noun	친함, 익숙함	/fəˌmɪliˈærəti/	Familiarity with Excel is required.	엑셀에 익숙해야 한다.	Her familiarity with the area helped us.	그 지역에 대한 그녀의 익숙함이 우리에게 도움이 되었다.	익숙한 정도
format	noun	구성 방식, 형식	/ˈfɔːrmæt/	The file is in PDF format.	그 파일은 PDF 형식이다.	The book uses a question-and-answer format.	그 책은 문답 형식을 사용한다.	형태/구성
header	noun	머리말, 제목 부분	/ˈhedər/	Add your name in the header.	머리말 부분에 이름을 넣어라.	The table header should be clear.	표의 헤더는 명확해야 한다.	문서/표
jargon	noun	특정 분야의 전문 용어	/ˈdʒɑːrɡən/	The manual uses too much technical jargon.	그 설명서는 기술 전문 용어를 너무 많이 사용한다.	Avoid jargon when speaking to customers.	고객에게 말할 때 전문 용어를 피해라.	전문 용어
key point	noun phrase	요점, 핵심	/kiː pɔɪnt/	The key point is that costs are rising.	핵심은 비용이 오르고 있다는 것이다.	Please summarize the key points.	핵심 요점을 요약해 주세요.	중요한 점
opening	noun	시작 부분, 빈자리	/ˈoʊpnɪŋ/	The opening of the speech was strong.	그 연설의 시작 부분은 강했다.	There is an opening in the sales department.	영업부에 빈자리가 있다.	시작/공석
layout	noun	배치, 레이아웃	/ˈleɪaʊt/	The layout of the room is simple.	그 방의 배치는 단순하다.	We changed the website layout.	우리는 웹사이트 레이아웃을 바꿨다.	구성 배치
punctuation	noun	구두점, 문장부호	/ˌpʌŋktʃuˈeɪʃn/	Check your spelling and punctuation.	철자와 구두점을 확인해라.	Good punctuation makes writing clearer.	좋은 문장부호 사용은 글을 더 명확하게 만든다.	쉼표/마침표 등
amend	verb	개정하다, 고치다	/əˈmend/	The law was amended last year.	그 법은 작년에 개정되었다.	Please amend the contract.	계약서를 수정해 주세요.	공식 수정
bullet point	noun phrase	항목 표시점	/ˈbʊlɪt pɔɪnt/	Use bullet points for the main ideas.	주요 아이디어에는 항목 표시점을 사용해라.	Each bullet point should be short.	각 항목은 짧아야 한다.	목록 기호
reinforce	verb	강화하다, 보강하다	/ˌriːɪnˈfɔːrs/	Examples can reinforce your argument.	예시는 당신의 주장을 강화할 수 있다.	They reinforced the wall with steel.	그들은 철로 벽을 보강했다.	논리/물리
concise	adjective	간결한	/kənˈsaɪs/	Please write a concise summary.	간결한 요약을 써 주세요.	His explanation was clear and concise.	그의 설명은 명확하고 간결했다.	짧고 핵심적
courteous	adjective	공손한, 정중한	/ˈkɜːrtiəs/	The staff were courteous and helpful.	직원들은 정중하고 도움이 되었다.	Please be courteous to other passengers.	다른 승객들에게 공손하게 대하세요.	polite
instant	adjective	즉각적인, 순간의	/ˈɪnstənt/	The medicine gave instant relief.	그 약은 즉각적인 완화를 주었다.	We received an instant reply.	우리는 즉각적인 답장을 받았다.	바로 일어나는
sexist	adjective	성차별적인	/ˈseksɪst/	The comment was sexist.	그 발언은 성차별적이었다.	The policy was criticized as sexist.	그 정책은 성차별적이라고 비판받았다.	성별 차별
instinct	noun	본능	/ˈɪnstɪŋkt/	Her instinct told her to run.	그녀의 본능은 도망치라고 말했다.	Animals rely on instinct.	동물들은 본능에 의존한다.	직감/본능
for one thing	phrase	우선 한 가지 이유는	/fɔːr wʌn θɪŋ/	I cannot go; for one thing, I am busy.	나는 갈 수 없다. 우선 바쁘기 때문이다.	The plan is risky; for one thing, it is expensive.	그 계획은 위험하다. 우선 비용이 많이 든다.	이유 제시
offend	verb	감정을 상하게 하다, 불쾌하게 하다	/əˈfend/	His joke offended many people.	그의 농담은 많은 사람의 감정을 상하게 했다.	I did not mean to offend you.	너를 불쾌하게 하려던 것은 아니었다.	기분 상하게 함
accountability	noun	책임, 설명 책임	/əˌkaʊntəˈbɪləti/	The company promised greater accountability.	회사는 더 큰 책임성을 약속했다.	Public officials need accountability.	공직자에게는 책임성이 필요하다.	책임 소재
chronology	noun	연대기, 사건 순서	/krəˈnɑːlədʒi/	The book follows the chronology of the war.	그 책은 전쟁의 연대순을 따른다.	We need a clear chronology of events.	우리는 사건들의 명확한 순서가 필요하다.	시간 순서
incident	noun	사건, 일	/ˈɪnsɪdənt/	The incident happened last night.	그 사건은 어젯밤 일어났다.	The report describes the incident in detail.	그 보고서는 그 사건을 자세히 설명한다.	특정 사건
literature	noun	문학, 문헌	/ˈlɪtərətʃər/	She studies English literature.	그녀는 영문학을 공부한다.	The article reviews the existing literature.	그 기사는 기존 문헌을 검토한다.	문학/연구 문헌
prioritize	verb	우선순위를 매기다	/praɪˈɔːrətaɪz/	We need to prioritize safety.	우리는 안전을 우선시해야 한다.	Prioritize the most urgent tasks.	가장 긴급한 일에 우선순위를 매겨라.	중요도 정하기
sort out	phrasal verb	정리하다, 해결하다	/sɔːrt aʊt/	We need to sort out this problem.	우리는 이 문제를 해결해야 한다.	She sorted out the files.	그녀는 파일들을 정리했다.	정리/해결
instructional	adjective	교육용의, 설명의	/ɪnˈstrʌkʃənl/	The video is instructional.	그 영상은 교육용이다.	We created instructional materials for new staff.	우리는 신입 직원을 위한 교육 자료를 만들었다.	가르치는 목적
practical	adjective	실용적인, 실제적인	/ˈpræktɪkl/	This is a practical solution.	이것은 실용적인 해결책이다.	She has practical experience in marketing.	그녀는 마케팅 실무 경험이 있다.	현실적
promotional	adjective	홍보의, 판촉의	/prəˈmoʊʃənl/	The company sent promotional emails.	그 회사는 홍보 이메일을 보냈다.	We received a promotional brochure.	우리는 판촉 안내책자를 받았다.	마케팅 관련
severely	adverb	심하게, 가혹하게	/səˈvɪrli/	The building was severely damaged.	그 건물은 심하게 손상되었다.	He was severely criticized.	그는 심하게 비판받았다.	강한 정도
bulletin board	noun phrase	게시판	/ˈbʊlətɪn bɔːrd/	The notice was posted on the bulletin board.	공지문은 게시판에 붙었다.	Check the bulletin board for updates.	업데이트는 게시판을 확인하세요.	공지 게시 장소
scheme	noun	계획, 방식, 음모	/skiːm/	The company developed a new payment scheme.	그 회사는 새로운 결제 방식을 개발했다.	The police discovered the scheme.	경찰은 그 음모를 발견했다.	계획/음모
occasion	noun	경우, 행사	/əˈkeɪʒn/	On one occasion, he arrived late.	한 번은 그가 늦게 도착했다.	The wedding was a special occasion.	그 결혼식은 특별한 행사였다.	특정 때
closure	noun	폐쇄, 종료, 종결	/ˈkloʊʒər/	The road closure caused delays.	도로 폐쇄가 지연을 일으켰다.	The company announced the closure of the factory.	회사는 공장 폐쇄를 발표했다.	닫음/마무리
context	noun	맥락, 전후 사정	/ˈkɑːntekst/	You need to understand the context.	맥락을 이해해야 한다.	The word has a different meaning in this context.	그 단어는 이 맥락에서 다른 의미를 가진다.	문맥
element	noun	요소, 성분	/ˈelɪmənt/	Trust is an important element of teamwork.	신뢰는 팀워크의 중요한 요소이다.	The story has elements of comedy.	그 이야기는 코미디 요소를 가지고 있다.	부분 요소
regard	verb	~을 ~로 여기다	/rɪˈɡɑːrd/	Many people regard him as a leader.	많은 사람들은 그를 지도자로 여긴다.	She is widely regarded as an expert.	그녀는 널리 전문가로 여겨진다.	regard A as B
salutation	noun	인사말	/ˌsæljəˈteɪʃn/	Use a formal salutation in a business letter.	비즈니스 편지에는 공식 인사말을 사용해라.	“Dear Sir” is a common salutation.	“Dear Sir”는 흔한 인사말이다.	편지 시작
signature	noun	서명	/ˈsɪɡnətʃər/	Please put your signature here.	여기에 서명해 주세요.	The contract requires a signature.	계약서에는 서명이 필요하다.	사인
intend	verb	의도하다, ~하려고 생각하다	/ɪnˈtend/	We intend to open a new office.	우리는 새 사무실을 열 계획이다.	I did not intend to hurt you.	나는 너를 다치게 할 의도가 없었다.	intend to V
consistent	adjective	한결같은, 일관된	/kənˈsɪstənt/	Her work is consistent.	그녀의 일은 한결같다.	The results are consistent with our theory.	그 결과는 우리의 이론과 일치한다.	consistent with
optional	adjective	선택적인	/ˈɑːpʃənl/	Attendance is optional.	참석은 선택 사항이다.	The course includes optional assignments.	그 강좌에는 선택 과제가 포함된다.	필수가 아닌
faithfully	adverb	충실히, 정확히	/ˈfeɪθfəli/	She followed the instructions faithfully.	그녀는 지시를 충실히 따랐다.	The story was faithfully adapted into a film.	그 이야기는 영화로 충실히 각색되었다.	정확히/충실히
letterhead	noun	편지지 윗부분 인쇄 내용, 회사 로고 용지	/ˈletərhed/	Print the letter on company letterhead.	그 편지를 회사 로고 용지에 인쇄하세요.	The letterhead includes the company name and address.	편지지 머리에는 회사명과 주소가 포함된다.	공식 서신
Yours faithfully	phrase	그럼 안녕히 계십시오	/jʊrz ˈfeɪθfəli/	Yours faithfully, John Smith.	그럼 안녕히 계십시오, 존 스미스.	Use “Yours faithfully” when you do not know the recipient’s name.	받는 사람 이름을 모를 때 “Yours faithfully”를 사용한다.	영국식 편지 맺음
propagation	noun	번식, 증식, 전파	/ˌprɑːpəˈɡeɪʃn/	Plant propagation can be done from cuttings.	식물 번식은 꺾꽂이로 할 수 있다.	The propagation of false information is dangerous.	거짓 정보의 전파는 위험하다.	생물/정보
inauthentic	adjective	진짜가 아닌, 진정성 없는	/ˌɪnɔːˈθentɪk/	The painting looked inauthentic.	그 그림은 진품이 아닌 것처럼 보였다.	His apology sounded inauthentic.	그의 사과는 진정성이 없어 보였다.	authentic 반대
wag	verb	흔들다	/wæɡ/	The dog wagged its tail.	개가 꼬리를 흔들었다.	She wagged her finger at the child.	그녀는 아이에게 손가락을 흔들었다.	꼬리/손가락
dubious	adjective	의심스러운, 미심쩍은	/ˈduːbiəs/	The claim sounds dubious.	그 주장은 의심스럽게 들린다.	He gave a dubious explanation.	그는 미심쩍은 설명을 했다.	믿기 어려운
entrenchment	noun	단단히 자리 잡음, 참호 구축	/ɪnˈtrentʃmənt/	The policy led to the entrenchment of inequality.	그 정책은 불평등이 단단히 자리 잡게 했다.	The soldiers prepared entrenchments.	군인들은 참호를 준비했다.	고착/방어 시설
round something up	phrasal verb	~을 모으다	/raʊnd ʌp/	The teacher rounded up the students.	선생님은 학생들을 모았다.	They rounded up volunteers for the event.	그들은 행사를 위한 자원봉사자들을 모았다.	사람/동물 모으기
coordinated	adjective	조직화된, 조율된	/koʊˈɔːrdɪneɪtɪd/	The rescue was a coordinated effort.	그 구조는 조직적인 노력이었다.	They launched a coordinated campaign.	그들은 조율된 캠페인을 시작했다.	협력된
allege	verb	주장하다, 혐의를 제기하다	/əˈledʒ/	The report alleges corruption.	그 보고서는 부패 의혹을 제기한다.	She alleged that the company lied.	그녀는 회사가 거짓말했다고 주장했다.	입증 전 주장
deception	noun	기만, 속임수	/dɪˈsepʃn/	The plan involved deception.	그 계획에는 속임수가 포함되어 있었다.	He was accused of deception.	그는 기만 혐의를 받았다.	속임
allegedly	adverb	전해지는 바에 따르면, 혐의상	/əˈledʒɪdli/	He allegedly stole the documents.	그는 문서를 훔친 혐의를 받고 있다.	The company allegedly broke the law.	그 회사는 법을 어긴 혐의를 받고 있다.	뉴스/법률 표현
hoax	noun	속임수, 가짜 소동	/hoʊks/	The story was a hoax.	그 이야기는 속임수였다.	The warning turned out to be a hoax.	그 경고는 가짜 소동으로 드러났다.	거짓 장난
protest	noun	항의, 시위	/ˈproʊtest/	The protest was peaceful.	그 시위는 평화로웠다.	Workers held a protest outside the office.	노동자들은 사무실 밖에서 시위를 했다.	명사 강세 앞
protest	verb	항의하다	/prəˈtest/	Residents protested the decision.	주민들은 그 결정에 항의했다.	They protested against the new law.	그들은 새 법에 반대해 시위했다.	동사 강세 뒤
tumultuous	adjective	소란스러운, 격동의	/tuːˈmʌltʃuəs/	It was a tumultuous year.	그것은 격동의 해였다.	The meeting became tumultuous.	회의는 소란스러워졌다.	혼란스러운
backlash	noun	반발, 역풍	/ˈbæklæʃ/	The decision caused a backlash.	그 결정은 반발을 일으켰다.	The company faced public backlash.	그 회사는 대중의 역풍을 맞았다.	부정적 반응
fend off	phrasal verb	막아내다, 방어하다	/fend ɔːf/	The team fended off criticism.	그 팀은 비판을 막아냈다.	She used an umbrella to fend off the rain.	그녀는 비를 막기 위해 우산을 썼다.	방어
disruptor	noun	혼란을 일으키는 사람, 혁신적 교란자	/dɪsˈrʌptər/	The company became a major industry disruptor.	그 회사는 산업의 주요 혁신적 교란자가 되었다.	The teacher removed the disruptor from class.	선생님은 수업 방해자를 내보냈다.	방해/혁신
purge	verb	숙청하다, 제거하다	/pɜːrdʒ/	The leader purged his rivals.	지도자는 경쟁자들을 숙청했다.	The system purged old files.	시스템은 오래된 파일들을 제거했다.	강제 제거
flip	verb	뒤집다, 휙 뒤집히다	/flɪp/	Flip the pancake carefully.	팬케이크를 조심히 뒤집어라.	She flipped through the pages.	그녀는 페이지를 휙휙 넘겼다.	뒤집기/넘기기
passive	adjective	수동적인, 소극적인	/ˈpæsɪv/	He took a passive role in the meeting.	그는 회의에서 수동적인 역할을 했다.	Passive learning is not always effective.	수동적 학습이 항상 효과적인 것은 아니다.	active 반대
liberal	adjective	자유주의의, 진보적인, 관대한	/ˈlɪbərəl/	She has liberal views.	그녀는 진보적인 견해를 가지고 있다.	The policy allows a liberal amount of time.	그 정책은 넉넉한 시간을 허용한다.	정치/관대함
struggle	verb	투쟁하다, 고군분투하다	/ˈstrʌɡl/	Many families struggle to pay rent.	많은 가정이 월세를 내기 위해 고군분투한다.	They struggled for independence.	그들은 독립을 위해 투쟁했다.	힘들게 노력
commitment	noun	약속, 전념	/kəˈmɪtmənt/	We made a commitment to finish the work.	우리는 일을 끝내겠다고 약속했다.	Her commitment to the project was clear.	그 프로젝트에 대한 그녀의 전념은 분명했다.	약속/헌신
curb	verb	억제하다, 제한하다	/kɜːrb/	The city wants to curb traffic.	시는 교통량을 억제하고 싶어 한다.	The new rule curbs spending.	새 규칙은 지출을 제한한다.	제한
congress	noun	회의, 의회	/ˈkɑːŋɡrəs/	Congress passed the bill.	의회가 그 법안을 통과시켰다.	Experts gathered for an international congress.	전문가들이 국제 회의에 모였다.	의회/대회
stave something off	phrase	~을 피하다, 막아내다	/steɪv ɔːf/	The company borrowed money to stave off bankruptcy.	그 회사는 파산을 피하기 위해 돈을 빌렸다.	Exercise can help stave off disease.	운동은 질병을 막는 데 도움이 될 수 있다.	위험 방지
testify	verb	증언하다	/ˈtestɪfaɪ/	The witness testified in court.	목격자는 법정에서 증언했다.	She testified that she saw the accident.	그녀는 사고를 봤다고 증언했다.	법정 표현
absurd	adjective	터무니없는, 우스꽝스러운	/əbˈsɜːrd/	The idea sounds absurd.	그 생각은 터무니없게 들린다.	It is absurd to blame him.	그를 탓하는 것은 터무니없다.	말도 안 되는
deceive	verb	속이다, 기만하다	/dɪˈsiːv/	He deceived his customers.	그는 고객들을 속였다.	Appearances can deceive.	겉모습은 속일 수 있다.	거짓으로 믿게 함
arbiter	noun	결정권자, 중재자	/ˈɑːrbɪtər/	The judge acted as the final arbiter.	판사는 최종 결정권자 역할을 했다.	She became an arbiter of taste.	그녀는 취향의 판단자가 되었다.	판단자
shortage	noun	부족	/ˈʃɔːrtɪdʒ/	There is a shortage of housing.	주택 부족이 있다.	The shortage of workers delayed the project.	노동자 부족이 프로젝트를 지연시켰다.	lack
falsehood	noun	거짓, 허위	/ˈfɔːlshʊd/	The article spread a falsehood.	그 기사는 허위 사실을 퍼뜨렸다.	He denied telling falsehoods.	그는 거짓말을 했다는 것을 부인했다.	lie보다 공식적
sound off	phrasal verb	큰소리로 의견을 말하다	/saʊnd ɔːf/	People sounded off about the new policy online.	사람들은 온라인에서 새 정책에 대해 목소리를 냈다.	He sounded off at the meeting.	그는 회의에서 큰소리로 의견을 말했다.	비격식
discourse	noun	담론, 담화	/ˈdɪskɔːrs/	The lecture opened a discourse on ethics.	그 강의는 윤리에 관한 담론을 열었다.	Academic discourse can be difficult to follow.	학문적 담론은 따라가기 어려울 수 있다.	공식적 말/글
accommodate	verb	수용하다, 편의를 제공하다	/əˈkɑːmədeɪt/	The room can accommodate fifty guests.	그 방은 손님 50명을 수용할 수 있다.	We can accommodate your request.	우리는 당신의 요청에 맞춰 줄 수 있다.	수용/배려
pit	noun	구덩이, 함정	/pɪt/	The workers dug a deep pit.	노동자들은 깊은 구덩이를 팠다.	The car fell into a pit.	차가 구덩이에 빠졌다.	구멍
deliberately	adverb	고의로, 의도적으로	/dɪˈlɪbərətli/	He deliberately ignored the warning.	그는 고의로 경고를 무시했다.	She spoke slowly and deliberately.	그녀는 천천히 의도적으로 말했다.	일부러
polarize	verb	양극화하다, 양극화를 일으키다	/ˈpoʊləraɪz/	The issue polarized public opinion.	그 문제는 여론을 양극화했다.	The debate polarized the community.	그 논쟁은 지역사회를 양극화했다.	의견이 갈라짐
lie with	phrase	~의 의무이다, ~에 달려 있다	/laɪ wɪð/	The final decision lies with the manager.	최종 결정은 관리자에게 달려 있다.	Responsibility lies with the committee.	책임은 위원회에 있다.	책임/결정권
saga	noun	긴 이야기, 사건의 일련	/ˈsɑːɡə/	The legal saga lasted for years.	그 법적 사건은 수년간 이어졌다.	The movie tells a family saga.	그 영화는 한 가족의 긴 이야기를 다룬다.	긴 사건/서사
police	verb	치안을 유지하다, 단속하다	/pəˈliːs/	The area is heavily policed.	그 지역은 엄격히 치안 관리된다.	The platform must police harmful content.	그 플랫폼은 유해 콘텐츠를 단속해야 한다.	관리/단속
like-minded	adjective	생각이 같은, 뜻이 맞는	/ˌlaɪk ˈmaɪndɪd/	She joined a group of like-minded people.	그녀는 생각이 같은 사람들의 모임에 가입했다.	Like-minded friends can support each other.	뜻이 맞는 친구들은 서로를 도울 수 있다.	비슷한 의견
peer	noun	동료, 또래	/pɪr/	He is respected by his peers.	그는 동료들에게 존경받는다.	Children learn a lot from their peers.	아이들은 또래에게서 많은 것을 배운다.	같은 지위/나이
sensationalism	noun	선정주의	/senˈseɪʃənəlɪzəm/	The article was criticized for sensationalism.	그 기사는 선정주의로 비판받았다.	Sensationalism can distort the facts.	선정주의는 사실을 왜곡할 수 있다.	언론 표현
revoke	verb	폐지하다, 취소하다	/rɪˈvoʊk/	The government revoked his license.	정부는 그의 면허를 취소했다.	The company revoked access to the system.	회사는 시스템 접근 권한을 취소했다.	공식 취소
gatekeeper	noun	문지기, 정보 수위	/ˈɡeɪtkiːpər/	Editors often act as gatekeepers.	편집자들은 종종 정보 수위 역할을 한다.	The receptionist was the gatekeeper to the office.	접수 담당자는 사무실의 문지기 역할을 했다.	접근 통제자
chairman	noun	의장, 회장	/ˈtʃermən/	The chairman opened the meeting.	의장이 회의를 시작했다.	He was elected chairman of the board.	그는 이사회 회장으로 선출되었다.	여성은 chairwoman
republication	noun	재출판, 재발행	/ˌriːpʌblɪˈkeɪʃn/	The article was removed before republication.	그 기사는 재발행 전에 삭제되었다.	Republication requires permission.	재출판에는 허가가 필요하다.	다시 출판
taint	verb	더럽히다, 오염시키다	/teɪnt/	The scandal tainted his reputation.	그 스캔들은 그의 평판을 더럽혔다.	The water was tainted with chemicals.	물은 화학물질로 오염되었다.	평판/오염
conspire	verb	공모하다, 음모를 꾸미다	/kənˈspaɪər/	They conspired to hide the truth.	그들은 진실을 숨기려고 공모했다.	The criminals conspired against the government.	범죄자들은 정부에 맞서 음모를 꾸몄다.	불법적 계획
fuzzy	adjective	흐릿한, 모호한	/ˈfʌzi/	The photo is fuzzy.	그 사진은 흐릿하다.	His explanation was fuzzy.	그의 설명은 모호했다.	흐림/불명확
conspiration	noun	음모	/ˌkɑːnspəˈreɪʃn/	The story is based on a conspiration.	그 이야기는 음모를 바탕으로 한다.	The claim of conspiration was not proven.	음모라는 주장은 입증되지 않았다.	conspiracy가 더 일반적
draw the line	phrase	선을 긋다, 한계를 정하다	/drɔː ðə laɪn/	We must draw the line at violence.	우리는 폭력에는 선을 그어야 한다.	I draw the line at working on weekends.	나는 주말 근무는 받아들일 수 없다.	허용 한계
view of speech	noun phrase	연설에 대한 관점	/vjuː əv spiːtʃ/	His view of speech changed after the debate.	토론 후 그의 연설에 대한 관점이 바뀌었다.	The article explains a legal view of speech.	그 기사는 표현에 대한 법적 관점을 설명한다.	표현의 자유 맥락
go ahead with	phrase	~을 진행하다	/ɡoʊ əˈhed wɪð/	They decided to go ahead with the plan.	그들은 그 계획을 진행하기로 했다.	We will go ahead with the meeting.	우리는 회의를 그대로 진행할 것이다.	계획 실행
impose	verb	부과하다, 강요하다	/ɪmˈpoʊz/	The city imposed a fine.	시는 벌금을 부과했다.	The rule imposes limits on spending.	그 규칙은 지출에 제한을 부과한다.	강제 적용
tariff	noun	관세, 요금표	/ˈtærɪf/	The country raised tariffs on imports.	그 나라는 수입품 관세를 올렸다.	The new tariff affected trade.	새 관세는 무역에 영향을 주었다.	무역 세금
rally	noun	집회, 상승	/ˈræli/	The rally drew thousands of people.	그 집회는 수천 명을 끌어모았다.	The stock market saw a strong rally.	주식시장은 강한 상승을 보였다.	집회/회복세
reaffirm	verb	재확인하다	/ˌriːəˈfɜːrm/	The leader reaffirmed his commitment.	지도자는 자신의 약속을 재확인했다.	The company reaffirmed its policy.	회사는 정책을 재확인했다.	다시 확인
duty	noun	세금, 관세, 의무	/ˈduːti/	You must pay import duty.	수입 관세를 내야 한다.	It is my duty to help.	돕는 것은 나의 의무이다.	세금/의무
prior	adjective	이전의	/ˈpraɪər/	Prior experience is required.	이전 경험이 요구된다.	Please contact us prior to arrival.	도착 전에 연락해 주세요.	prior to
escalate	verb	확대되다, 악화되다	/ˈeskəleɪt/	The conflict escalated quickly.	갈등이 빠르게 확대되었다.	Costs may escalate next year.	비용이 내년에 증가할 수 있다.	커지다
conflict	noun	갈등, 충돌	/ˈkɑːnflɪkt/	The conflict lasted for months.	그 갈등은 몇 달간 지속되었다.	There is a conflict between the two reports.	두 보고서 사이에 충돌이 있다.	의견/상황 충돌
retaliate	verb	보복하다	/rɪˈtælieɪt/	The country threatened to retaliate.	그 나라는 보복하겠다고 위협했다.	He retaliated with harsh criticism.	그는 강한 비판으로 보복했다.	되갚다
fall through	phrasal verb	성사되지 못하다, 무산되다	/fɔːl θruː/	The deal fell through.	그 거래는 무산되었다.	Our travel plans fell through.	우리 여행 계획은 무산되었다.	계획 실패
toll	noun	요금, 통행료, 사상자 수	/toʊl/	The bridge toll is expensive.	그 다리 통행료는 비싸다.	The storm took a heavy toll.	폭풍은 큰 피해를 남겼다.	요금/피해
policymaker	noun	정책 입안자	/ˈpɑːləsimeɪkər/	Policymakers discussed the new law.	정책 입안자들은 새 법을 논의했다.	Scientists advised policymakers.	과학자들은 정책 입안자들에게 조언했다.	정책 결정자
spillover	noun	파급 효과	/ˈspɪloʊvər/	The crisis had spillover effects on nearby countries.	그 위기는 주변 국가에 파급 효과를 미쳤다.	There may be economic spillover.	경제적 파급 효과가 있을 수 있다.	영향 확산
political	adjective	정치의, 정치적인	/pəˈlɪtɪkl/	The issue became political.	그 문제는 정치적인 문제가 되었다.	She works in political journalism.	그녀는 정치 저널리즘 분야에서 일한다.	정치 관련
cut back	phrasal verb	축소하다, 삭감하다	/kʌt bæk/	The company cut back spending.	회사는 지출을 줄였다.	We need to cut back on sugar.	우리는 설탕 섭취를 줄여야 한다.	cut back on
dairy	noun	낙농, 유제품	/ˈderi/	The store sells dairy products.	그 가게는 유제품을 판다.	She works on a dairy farm.	그녀는 낙농장에서 일한다.	우유 관련
penalty	noun	처벌, 벌금, 불이익	/ˈpenəlti/	There is a penalty for late payment.	늦은 납부에는 벌금이 있다.	The team received a penalty.	그 팀은 페널티를 받았다.	처벌/불이익
slap	verb	~을 부과하다, 찰싹 때리다	/slæp/	The government slapped a tax on imports.	정부는 수입품에 세금을 부과했다.	She slapped him across the face.	그녀는 그의 뺨을 때렸다.	비격식 부과
intermediate	adjective	중간의	/ˌɪntərˈmiːdiət/	This is an intermediate course.	이것은 중급 강좌이다.	The product is at an intermediate stage.	그 제품은 중간 단계에 있다.	초급과 고급 사이
lodge complaint	verb phrase	불평을 제기하다, 항의하다	/lɑːdʒ kəmˈpleɪnt/	The customer lodged a complaint.	고객은 불만을 제기했다.	They lodged a complaint with the manager.	그들은 관리자에게 항의했다.	공식 항의
commerce	noun	무역, 상업	/ˈkɑːmɜːrs/	International commerce increased.	국제 무역이 증가했다.	The internet changed commerce.	인터넷은 상업을 바꾸었다.	상거래
elaborate	verb	자세히 말하다, 상세히 설명하다	/ɪˈlæbəreɪt/	Could you elaborate on that point?	그 점에 대해 자세히 설명해 주시겠어요?	She elaborated her plan.	그녀는 자신의 계획을 상세히 설명했다.	elaborate on
elaborate	adjective	정교한, 장식이 많은	/ɪˈlæbərət/	The hotel has an elaborate design.	그 호텔은 정교한 디자인을 가지고 있다.	They prepared an elaborate meal.	그들은 정성 들인 식사를 준비했다.	형용사 발음 다름
conversational	adjective	일상 대화에 쓰이는, 구어의	/ˌkɑːnvərˈseɪʃənl/	The phrase is conversational.	그 표현은 구어적이다.	She has strong conversational English skills.	그녀는 일상 영어 회화 능력이 뛰어나다.	대화체
grateful	adjective	고마워하는, 감사하는	/ˈɡreɪtfl/	I would be grateful for your help.	도와주시면 감사하겠습니다.	She was grateful to her teachers.	그녀는 선생님들에게 감사했다.	be grateful for/to
synopsis	noun	개요, 줄거리	/sɪˈnɑːpsɪs/	The book begins with a short synopsis.	그 책은 짧은 개요로 시작한다.	Please write a synopsis of the movie.	영화의 줄거리를 써 주세요.	summary
disposable	adjective	일회용의, 사용 후 버리는	/dɪˈspoʊzəbl/	We used disposable cups.	우리는 일회용 컵을 사용했다.	Disposable masks are convenient.	일회용 마스크는 편리하다.	한 번 쓰고 버림
legal	adjective	법률과 관련된, 합법의	/ˈliːɡl/	You should get legal advice.	법률 조언을 받아야 한다.	The contract is legally binding.	그 계약은 법적으로 구속력이 있다.	law 관련
programme	noun	학업 과정, 프로그램	/ˈproʊɡræm/	She enrolled in a training programme.	그녀는 교육 과정에 등록했다.	The programme lasts six months.	그 과정은 6개월 동안 지속된다.	영국식 철자
material	noun	자료, 재료	/məˈtɪriəl/	The teacher gave us study material.	선생님은 우리에게 학습 자료를 주었다.	The bag is made of strong material.	그 가방은 튼튼한 재료로 만들어졌다.	자료/재료
exclusively	adverb	독점적으로, 오로지	/ɪkˈskluːsɪvli/	The club is exclusively for members.	그 클럽은 오직 회원 전용이다.	This product is sold exclusively online.	이 제품은 온라인에서만 판매된다.	only
prepare for	phrase	~에 대비하다, 준비하다	/prɪˈper fɔːr/	We prepared for the exam.	우리는 시험에 대비했다.	The city prepared for heavy rain.	시는 폭우에 대비했다.	대비
threshold	noun	문지방, 한계점	/ˈθreʃhoʊld/	She stood at the threshold of the room.	그녀는 방 문턱에 서 있었다.	The income threshold is quite low.	소득 기준선은 꽤 낮다.	문턱/기준
vantage	noun	우위, 유리한 위치	/ˈvæntɪdʒ/	The hill gave us a good vantage point.	그 언덕은 우리에게 좋은 전망 지점을 주었다.	The company gained a competitive vantage.	그 회사는 경쟁 우위를 얻었다.	vantage point
operational	adjective	가동상의, 운영상의	/ˌɑːpəˈreɪʃənl/	The system is fully operational.	그 시스템은 완전히 가동 중이다.	We discussed operational issues.	우리는 운영상의 문제를 논의했다.	운영/작동
proficiency	noun	숙달, 능숙	/prəˈfɪʃnsi/	English proficiency is required.	영어 능숙도가 요구된다.	Her proficiency improved quickly.	그녀의 숙련도는 빠르게 향상되었다.	능력 수준
instruction	noun	설명, 지시	/ɪnˈstrʌkʃn/	Read the instructions before use.	사용 전에 설명서를 읽어라.	The manager gave clear instructions.	관리자는 명확한 지시를 내렸다.	설명서/명령
oriented	adjective	~을 지향하는	/ˈɔːrientɪd/	The course is career-oriented.	그 강좌는 취업 지향적이다.	The company is customer-oriented.	그 회사는 고객 지향적이다.	방향성
rater	noun	평가자, 측정자	/ˈreɪtər/	Each essay was checked by a trained rater.	각 에세이는 훈련된 평가자가 확인했다.	The rater gave the product five stars.	평가자는 그 제품에 별 다섯 개를 주었다.	rate하는 사람
duration	noun	기간, 지속 시간	/duˈreɪʃn/	The duration of the course is ten weeks.	그 강좌의 기간은 10주이다.	Stay seated for the duration of the flight.	비행 중에는 계속 앉아 있으세요.	지속되는 시간
admit	verb	인정하다, 입장을 허가하다	/ədˈmɪt/	He admitted his mistake.	그는 자신의 실수를 인정했다.	The ticket admits one person.	그 표는 한 사람의 입장을 허가한다.	인정/입장
guarantee	noun	굳은 약속, 보장	/ˌɡærənˈtiː/	The product comes with a one-year guarantee.	그 제품은 1년 보증이 딸려 있다.	There is no guarantee of success.	성공 보장은 없다.	보증
profit	noun	이익, 수익	/ˈprɑːfɪt/	The company made a large profit.	그 회사는 큰 이익을 냈다.	Profit increased this year.	올해 수익이 증가했다.	금전적 이익
organisation	noun	단체, 기구	/ˌɔːrɡənəˈzeɪʃn/	She works for an international organisation.	그녀는 국제기구에서 일한다.	The organisation supports children.	그 단체는 아이들을 지원한다.	영국식 철자
administration	noun	관리, 행정, 행정부	/ədˌmɪnɪˈstreɪʃn/	The administration announced new rules.	행정부는 새 규칙을 발표했다.	Good administration is essential.	좋은 관리는 필수적이다.	관리/정부
bite	noun	한 입, 물린 자국	/baɪt/	He took a bite of the apple.	그는 사과를 한 입 베어 물었다.	The dog bite needed treatment.	개에게 물린 상처는 치료가 필요했다.	물다/한입
retaliatory	adjective	보복적인	/rɪˈtæliətɔːri/	The country announced retaliatory tariffs.	그 나라는 보복 관세를 발표했다.	The action was retaliatory.	그 행동은 보복적인 것이었다.	보복 목적
trajectory	noun	탄도, 궤도	/trəˈdʒektəri/	The missile changed its trajectory.	미사일은 궤도를 바꿨다.	The company’s growth trajectory is strong.	그 회사의 성장 궁도는 강하다.	움직임/발전 경로
domestically	adverb	국내에서	/dəˈmestɪkli/	The product is made domestically.	그 제품은 국내에서 만들어진다.	The company sells mostly domestically.	그 회사는 주로 국내에서 판매한다.	국내적으로
precursor	noun	선조, 전조	/priːˈkɜːrsər/	These symptoms can be a precursor to illness.	이 증상들은 질병의 전조일 수 있다.	The device was a precursor to modern computers.	그 장치는 현대 컴퓨터의 선조였다.	앞서 나타난 것
inflation	noun	통화 팽창, 인플레이션	/ɪnˈfleɪʃn/	Inflation raised food prices.	인플레이션이 식품 가격을 올렸다.	The government tried to control inflation.	정부는 인플레이션을 통제하려 했다.	물가 상승
macroeconomic	adjective	거시경제의	/ˌmækroʊˌekəˈnɑːmɪk/	Macroeconomic conditions affect employment.	거시경제 상황은 고용에 영향을 준다.	The report examines macroeconomic trends.	그 보고서는 거시경제 동향을 검토한다.	경제 전체
lag	verb	뒤처지다	/læɡ/	Sales lagged behind expectations.	매출은 기대에 뒤처졌다.	The computer lags when many apps are open.	앱을 많이 열면 컴퓨터가 느려진다.	느려짐
indicator	noun	지표, 표시기	/ˈɪndɪkeɪtər/	Unemployment is an economic indicator.	실업률은 경제 지표이다.	The light is an indicator of battery status.	그 불빛은 배터리 상태 표시기이다.	신호/지표
timely	adjective	시기적절한	/ˈtaɪmli/	Thank you for your timely response.	시기적절한 답변 감사합니다.	Timely action prevented damage.	시기적절한 조치가 피해를 막았다.	때맞은
anecdote	noun	일화	/ˈænɪkdoʊt/	He told a funny anecdote.	그는 재미있는 일화를 말했다.	The article begins with a personal anecdote.	그 글은 개인적 일화로 시작한다.	짧은 이야기
dashboard	noun	계기판, 대시보드	/ˈdæʃbɔːrd/	The dashboard shows current sales.	대시보드는 현재 매출을 보여 준다.	The car dashboard displayed a warning.	차 계기판에 경고가 표시되었다.	차/데이터 화면
pullback	noun	후퇴, 하락	/ˈpʊlbæk/	The market saw a sharp pullback.	시장은 급격한 하락을 보였다.	The army ordered a pullback.	군대는 후퇴를 명령했다.	경제/군사
expenditure	noun	지출, 비용	/ɪkˈspendɪtʃər/	Government expenditure increased.	정부 지출이 증가했다.	The project requires large expenditure.	그 프로젝트에는 큰 지출이 필요하다.	공식적 지출
gloomy	adjective	어둑어둑한, 우울한	/ˈɡluːmi/	The forecast is gloomy.	전망이 어둡다.	The room felt gloomy.	그 방은 우울하게 느껴졌다.	분위기/전망
survey	noun	조사, 설문	/ˈsɜːrveɪ/	The survey asked about spending habits.	그 설문은 소비 습관에 대해 물었다.	A recent survey showed rising prices.	최근 조사는 가격 상승을 보여 주었다.	조사
uneven	adjective	고르지 않은, 평평하지 않은	/ʌnˈiːvn/	The road is uneven.	그 길은 고르지 않다.	Economic growth was uneven.	경제 성장은 고르지 않았다.	불균등
canary	noun	카나리아	/kəˈneri/	The canary sang in its cage.	카나리아가 새장에서 노래했다.	Some indicators act like a canary in a coal mine.	일부 지표는 위험 신호 역할을 한다.	경고 신호 비유
decisive	adjective	결정적인, 결단력 있는	/dɪˈsaɪsɪv/	She made a decisive choice.	그녀는 결정적인 선택을 했다.	The victory was decisive.	그 승리는 결정적이었다.	분명한 결정
sentiment	noun	정서, 감정	/ˈsentɪmənt/	Investor sentiment improved.	투자자 심리가 개선되었다.	The speech expressed public sentiment.	그 연설은 대중의 정서를 표현했다.	시장/감정
constituency	noun	선거구, 지지층	/kənˈstɪtʃuənsi/	The senator visited his constituency.	상원의원은 자신의 선거구를 방문했다.	The policy appealed to her constituency.	그 정책은 그녀의 지지층에게 호소했다.	정치 표현
tension	noun	긴장	/ˈtenʃn/	There was tension between the two countries.	두 나라 사이에 긴장이 있었다.	The decision increased political tension.	그 결정은 정치적 긴장을 높였다.	긴장 상태
stable	adjective	안정된, 안정적인	/ˈsteɪbl/	The patient is in stable condition.	환자는 안정된 상태이다.	The company has a stable income.	그 회사는 안정적인 수입이 있다.	변동 적음
confidence	noun	신뢰, 확신, 자신감	/ˈkɑːnfɪdəns/	Consumer confidence increased.	소비자 신뢰가 증가했다.	She spoke with confidence.	그녀는 자신감 있게 말했다.	믿음/자신감
commodity futures market	noun phrase	상품 선물 시장	/kəˈmɑːdəti ˈfjuːtʃərz ˈmɑːrkɪt/	The commodity futures market reacted quickly.	상품 선물 시장은 빠르게 반응했다.	Oil is traded in the commodity futures market.	원유는 상품 선물 시장에서 거래된다.	원자재 금융
household name	noun phrase	공공연히 잘 알려진 이름	/ˈhaʊshoʊld neɪm/	The brand became a household name.	그 브랜드는 누구나 아는 이름이 되었다.	She is a household name in Korea.	그녀는 한국에서 널리 알려진 사람이다.	유명한 이름
dip	verb	내려가다, 내려가지게 하다	/dɪp/	Prices dipped slightly.	가격이 약간 내려갔다.	She dipped the bread in soup.	그녀는 빵을 수프에 담갔다.	하락/담그다
encompass	verb	포함하다, 아우르다	/ɪnˈkʌmpəs/	The course encompasses several topics.	그 강좌는 여러 주제를 포함한다.	The plan encompasses the entire region.	그 계획은 전체 지역을 아우른다.	include보다 공식적
tit for tat	noun phrase	보복 양상, 맞대응	/ˌtɪt fər ˈtæt/	The dispute turned into tit for tat.	그 분쟁은 맞대응 양상으로 바뀌었다.	Tit-for-tat tariffs hurt both sides.	맞대응 관세는 양측 모두에게 피해를 준다.	보복의 반복
multinational	adjective	다국적의	/ˌmʌltiˈnæʃənl/	She works for a multinational company.	그녀는 다국적 기업에서 일한다.	Multinational firms operate in many countries.	다국적 기업은 여러 나라에서 운영된다.	여러 국가
outperform	verb	더 나은 결과를 내다, 능가하다	/ˌaʊtpərˈfɔːrm/	The company outperformed its rivals.	그 회사는 경쟁사보다 더 좋은 성과를 냈다.	The stock outperformed the market.	그 주식은 시장보다 좋은 성과를 냈다.	성과 비교
intensify	verb	심해지다, 강화하다	/ɪnˈtensɪfaɪ/	The conflict intensified.	갈등이 심해졌다.	The company intensified its marketing efforts.	회사는 마케팅 노력을 강화했다.	강도 증가
commodity	noun	상품, 물품, 원자재	/kəˈmɑːdəti/	Oil is an important commodity.	원유는 중요한 원자재이다.	The country exports agricultural commodities.	그 나라는 농산물을 수출한다.	원자재/상품
depress	verb	우울하게 만들다, 가격을 떨어뜨리다	/dɪˈpres/	Bad news depressed investors.	나쁜 소식은 투자자들을 우울하게 했다.	High supply depressed prices.	높은 공급이 가격을 떨어뜨렸다.	감정/가격
rebound	verb	반등하다	/rɪˈbaʊnd/	Prices rebounded after the fall.	가격은 하락 후 반등했다.	The team rebounded from defeat.	그 팀은 패배에서 회복했다.	회복/상승
bushel	noun	부셸, 곡물 단위	/ˈbʊʃl/	Wheat is sold by the bushel.	밀은 부셸 단위로 판매된다.	The farm produced thousands of bushels of corn.	그 농장은 수천 부셸의 옥수수를 생산했다.	곡물 단위
distortion	noun	왜곡, 찌그러뜨림	/dɪˈstɔːrʃn/	The data shows some distortion.	그 데이터는 약간의 왜곡을 보인다.	The lens caused image distortion.	렌즈가 이미지 왜곡을 일으켰다.	형태/사실 왜곡
amid	preposition	~가운데에, ~속에서	/əˈmɪd/	The talks continued amid tension.	긴장 속에서도 회담은 계속되었다.	The company grew amid uncertainty.	그 회사는 불확실성 속에서 성장했다.	상황 배경
portion	noun	부분, 몫, 일부	/ˈpɔːrʃn/	Only a small portion was used.	작은 부분만 사용되었다.	She ate a large portion of rice.	그녀는 밥을 많이 먹었다.	part
reluctant	adjective	꺼리는, 마지못한	/rɪˈlʌktənt/	He was reluctant to answer.	그는 대답하기를 꺼렸다.	She gave a reluctant smile.	그녀는 마지못해 미소 지었다.	be reluctant to
anecdotal	adjective	일화적인, 근거가 약한	/ˌænɪkˈdoʊtl/	The evidence is only anecdotal.	그 증거는 일화적일 뿐이다.	Anecdotal reports suggest improvement.	일화적 보고들은 개선을 시사한다.	강한 증거는 아님
spike upward	verb phrase	솟아오르다, 급등하다	/spaɪk ˈʌpwərd/	Prices spiked upward after the news.	그 소식 이후 가격이 급등했다.	Demand spiked upward suddenly.	수요가 갑자기 치솟았다.	급격한 상승
barometer	noun	지표, 바로미터	/bəˈrɑːmɪtər/	Consumer spending is a barometer of the economy.	소비 지출은 경제의 지표이다.	The survey is a barometer of public opinion.	그 조사는 여론의 지표이다.	상황을 보여 주는 것
hover	verb	맴돌다	/ˈhʌvər/	Prices hovered around $100.	가격은 100달러 근처에서 맴돌았다.	A helicopter hovered above the building.	헬리콥터가 건물 위를 맴돌았다.	근처에 머묾
scarce	adjective	부족한, 드문	/skers/	Water is scarce in the desert.	사막에서는 물이 부족하다.	Jobs were scarce at the time.	그 당시 일자리는 드물었다.	부족
overdue	adjective	기한이 지난, 늦어진	/ˌoʊvərˈduː/	The payment is overdue.	지불 기한이 지났다.	The report is long overdue.	그 보고서는 오래전에 나왔어야 했다.	기한 초과
confirmation	noun	확인, 확정	/ˌkɑːnfərˈmeɪʃn/	We received confirmation of the booking.	우리는 예약 확인을 받았다.	The email is confirmation of your order.	그 이메일은 주문 확인이다.	확인서
outline	verb	개요를 서술하다, 윤곽을 보이다	/ˈaʊtlaɪn/	The report outlines the main problems.	그 보고서는 주요 문제를 개요로 설명한다.	She outlined her proposal.	그녀는 자신의 제안의 윤곽을 설명했다.	요점 제시
overcharge	verb	바가지를 씌우다, 과다 청구하다	/ˌoʊvərˈtʃɑːrdʒ/	The taxi driver overcharged us.	택시 기사가 우리에게 바가지를 씌웠다.	The store was accused of overcharging customers.	그 가게는 고객에게 과다 청구했다는 비난을 받았다.	돈을 너무 많이 받음
united	adjective	단합된, 연합한	/juˈnaɪtɪd/	The team stayed united during the crisis.	그 팀은 위기 동안 단합된 상태를 유지했다.	A united effort can solve the problem.	단합된 노력은 그 문제를 해결할 수 있다.	함께 하나가 된
sanction	noun	제재, 허가, 승인	/ˈsæŋkʃn/	The country faced economic sanctions.	그 나라는 경제 제재를 받았다.	The plan cannot proceed without official sanction.	그 계획은 공식 승인 없이는 진행될 수 없다.	제재/승인 둘 다 가능
entity	noun	독립체, 실체	/ˈentəti/	The company is a separate legal entity.	그 회사는 별도의 법적 독립체이다.	Each entity must submit a report.	각 독립체는 보고서를 제출해야 한다.	법률/조직 표현
executive	adjective	경영의, 행정의	/ɪɡˈzekjətɪv/	She has executive authority.	그녀는 경영 권한을 가지고 있다.	The executive team met this morning.	경영진은 오늘 아침 회의를 했다.	경영 관련
executive	noun	경영 간부, 임원	/ɪɡˈzekjətɪv/	The executive approved the budget.	그 임원은 예산을 승인했다.	Senior executives attended the conference.	고위 임원들이 회의에 참석했다.	회사 간부
illicit	adjective	불법의, 사회적으로 용납되지 않는	/ɪˈlɪsɪt/	The police stopped illicit trade.	경찰은 불법 거래를 막았다.	They were involved in illicit activities.	그들은 불법 활동에 연루되었다.	illegal과 비슷
enforce	verb	집행하다, 강요하다	/ɪnˈfɔːrs/	The police enforce the law.	경찰은 법을 집행한다.	The school enforces strict rules.	학교는 엄격한 규칙을 시행한다.	법/규칙 적용
deputy	noun	부관, 대리, 의원	/ˈdepjuti/	The deputy manager handled the issue.	부관리자가 그 문제를 처리했다.	He works as a deputy in the department.	그는 그 부서에서 대리 역할을 한다.	대신하는 직책
facilitate	verb	가능하게 하다, 용이하게 하다	/fəˈsɪlɪteɪt/	The new system facilitates communication.	새 시스템은 의사소통을 용이하게 한다.	The teacher facilitated the discussion.	선생님은 토론을 원활하게 진행했다.	make easier
Treasury Department	noun phrase	재무부	/ˈtreʒəri dɪˈpɑːrtmənt/	The Treasury Department announced new measures.	재무부는 새 조치를 발표했다.	The report came from the Treasury Department.	그 보고서는 재무부에서 나왔다.	미국 정부 기관
resolution	noun	결의안, 해결	/ˌrezəˈluːʃn/	The council passed a resolution.	의회는 결의안을 통과시켰다.	We need a resolution to the conflict.	우리는 갈등에 대한 해결이 필요하다.	결정/문제 해결
expel	verb	쫓아내다, 추방하다	/ɪkˈspel/	The school expelled the student.	학교는 그 학생을 퇴학시켰다.	The country expelled foreign diplomats.	그 나라는 외교관들을 추방했다.	강제로 내보내다
multilateral	adjective	다자간의, 다각적인	/ˌmʌltiˈlætərəl/	The countries reached a multilateral agreement.	그 국가들은 다자간 협정에 도달했다.	Multilateral talks continued for three days.	다자간 회담은 3일 동안 계속되었다.	여러 당사자
knowingly	adverb	다 알고도, 고의로	/ˈnoʊɪŋli/	He knowingly broke the rule.	그는 알면서도 그 규칙을 어겼다.	The company knowingly sold unsafe products.	그 회사는 위험한 제품을 알면서도 팔았다.	의도성 강조
transaction	noun	거래	/trænˈzækʃn/	The transaction was completed online.	거래는 온라인으로 완료되었다.	Check every bank transaction carefully.	모든 은행 거래를 신중히 확인해라.	금융/매매
on behalf of	phrase	~을 대신하여, ~을 대표하여	/ɑːn bɪˈhæf əv/	I am writing on behalf of the company.	저는 회사를 대표하여 글을 씁니다.	She accepted the award on behalf of her team.	그녀는 팀을 대신해 상을 받았다.	대표 표현
subject to	phrase	~을 조건으로, ~의 적용을 받는	/ˈsʌbdʒekt tuː/	The offer is subject to approval.	그 제안은 승인을 조건으로 한다.	The company is subject to local laws.	그 회사는 현지 법의 적용을 받는다.	조건/규정
chair	verb	의장을 맡다	/tʃer/	She chaired the meeting.	그녀는 회의의 의장을 맡았다.	He will chair the committee next year.	그는 내년에 그 위원회의 의장을 맡을 것이다.	회의 진행
coincide	verb	동시에 일어나다, 일치하다	/ˌkoʊɪnˈsaɪd/	The event coincided with the holiday.	그 행사는 휴일과 동시에 일어났다.	Their opinions coincide on this issue.	그들의 의견은 이 문제에서 일치한다.	시간/의견 일치
muster	verb	모으다, 소집하다	/ˈmʌstər/	He mustered the courage to speak.	그는 말할 용기를 끌어모았다.	The army mustered its forces.	군대는 병력을 소집했다.	힘/사람 모으기
convene	verb	소집하다, 회합하다	/kənˈviːn/	The committee will convene tomorrow.	위원회는 내일 회합할 것이다.	The chairman convened an emergency meeting.	의장은 긴급회의를 소집했다.	회의 표현
trumpet	verb	자랑스럽게 알리다	/ˈtrʌmpɪt/	The company trumpeted its success.	회사는 자신의 성공을 자랑스럽게 알렸다.	The mayor trumpeted the new policy.	시장은 새 정책을 크게 홍보했다.	크게 알림
tolerate	verb	용인하다, 참다	/ˈtɑːləreɪt/	I cannot tolerate rude behavior.	나는 무례한 행동을 참을 수 없다.	The plant tolerates cold weather.	그 식물은 추운 날씨를 견딘다.	참다/견디다
malicious	adjective	악의적인	/məˈlɪʃəs/	The email contained malicious software.	그 이메일에는 악성 소프트웨어가 들어 있었다.	He made a malicious comment.	그는 악의적인 말을 했다.	해를 끼치려는
clock in	phrasal verb	출근 기록을 하다, 기록을 내다	/klɑːk ɪn/	Employees must clock in before work.	직원들은 일하기 전에 출근 기록을 해야 한다.	She clocked in at 8 a.m.	그녀는 오전 8시에 출근 기록을 했다.	근무 시간 기록
session	noun	시간, 회의, 회합	/ˈseʃn/	The training session lasted two hours.	교육 시간은 두 시간 지속되었다.	The committee held a special session.	위원회는 특별 회의를 열었다.	특정 기간/회의
stress	noun	스트레스, 압박, 긴장	/stres/	Work stress affected his health.	업무 스트레스가 그의 건강에 영향을 주었다.	The report highlights financial stress.	그 보고서는 재정적 압박을 강조한다.	압박감
stress	verb	강조하다	/stres/	The teacher stressed the importance of practice.	선생님은 연습의 중요성을 강조했다.	The report stresses safety.	그 보고서는 안전을 강조한다.	emphasize
front company	noun phrase	위장 회사	/frʌnt ˈkʌmpəni/	The criminals used a front company.	범죄자들은 위장 회사를 이용했다.	The front company hid illegal transactions.	그 위장 회사는 불법 거래를 숨겼다.	shell company
scarce	adjective	부족한, 드문	/skers/	Food became scarce during the crisis.	위기 동안 식량이 부족해졌다.	Jobs are scarce in this region.	이 지역에는 일자리가 드물다.	부족/희귀
EDT	noun abbreviation	미국 동부 일광 절약 시간	/ˌiː diː ˈtiː/	The meeting starts at 3 p.m. EDT.	회의는 미국 동부 일광 절약 시간 오후 3시에 시작된다.	EDT is used in summer.	EDT는 여름에 사용된다.	Eastern Daylight Time
prosecute	verb	기소하다, 공소를 제기하다, 추진하다	/ˈprɑːsɪkjuːt/	The state prosecuted the case.	주 정부는 그 사건을 기소했다.	The company prosecuted its strategy aggressively.	그 회사는 전략을 적극적으로 추진했다.	법률/추진
worth	adjective	~할 가치가 있는	/wɜːrθ/	This book is worth reading.	이 책은 읽을 가치가 있다.	The plan is worth considering.	그 계획은 고려할 가치가 있다.	worth + 명사/V-ing
worthy of	adjective phrase	~할 만한, ~에 어울리는	/ˈwɜːrði əv/	The idea is worthy of attention.	그 생각은 주목할 만하다.	Her work is worthy of respect.	그녀의 일은 존경할 만하다.	of 필수
worthwhile	adjective	가치가 있는	/ˌwɜːrθˈwaɪl/	The trip was worthwhile.	그 여행은 가치가 있었다.	It is worthwhile to learn basic grammar.	기초 문법을 배우는 것은 가치 있다.	시간/노력 가치
maneuver	noun	책략, 조작, 기동	/məˈnuːvər/	The move was a clever political maneuver.	그 움직임은 영리한 정치적 책략이었다.	The pilot performed a difficult maneuver.	조종사는 어려운 기동을 수행했다.	책략/움직임
maneuver	verb	조작하다, 기동하다	/məˈnuːvər/	She maneuvered the car into a small space.	그녀는 차를 좁은 공간에 움직여 넣었다.	The politician maneuvered to gain support.	그 정치인은 지지를 얻기 위해 책략을 썼다.	움직임/전략
get acquainted with	phrase	~와 알게 되다, ~에 익숙해지다	/ɡet əˈkweɪntɪd wɪð/	I got acquainted with my new coworkers.	나는 새 동료들과 알게 되었다.	Get acquainted with the system before using it.	사용하기 전에 시스템에 익숙해져라.	사람/사물
get familiar with	phrase	~에 익숙해지다	/ɡet fəˈmɪliər wɪð/	You should get familiar with the software.	너는 그 소프트웨어에 익숙해져야 한다.	She got familiar with the local customs.	그녀는 현지 관습에 익숙해졌다.	익숙함
sit well	phrase	잘 받아들여지다, 마음에 들다	/sɪt wel/	The decision did not sit well with employees.	그 결정은 직원들에게 좋게 받아들여지지 않았다.	His explanation didn’t sit well with me.	그의 설명은 내 마음에 들지 않았다.	부정형 자주 사용
domestically driven	adjective phrase	국내적으로 움직이는, 국내 주도의	/dəˈmestɪkli ˈdrɪvən/	The recovery was domestically driven.	그 회복은 국내 주도였다.	Domestically driven demand supported growth.	국내 주도의 수요가 성장을 뒷받침했다.	경제 표현
stretched down	phrase	길게 늘어진	/stretʃt daʊn/	The road stretched down to the coast.	그 길은 해안까지 길게 이어졌다.	A long shadow stretched down the wall.	긴 그림자가 벽 아래로 늘어졌다.	pulled down
featherless	adjective	깃털이 없는	/ˈfeðərləs/	The featherless bird looked weak.	깃털 없는 새는 약해 보였다.	A featherless chicken appeared in the report.	깃털 없는 닭이 그 보고서에 나왔다.	feather + less
trot	verb	빠르게 걷다, 속보로 걷다	/trɑːt/	The horse trotted along the road.	말은 길을 따라 속보로 걸었다.	The child trotted after his mother.	아이는 엄마 뒤를 종종걸음으로 따라갔다.	말/사람 걸음
hop	verb	깡충 뛰다	/hɑːp/	The rabbit hopped across the field.	토끼가 들판을 깡충 뛰어갔다.	She hopped over the puddle.	그녀는 물웅덩이를 뛰어넘었다.	짧게 뛰다
flutter	verb	펄럭이다, 가볍게 흔들리다	/ˈflʌtər/	The flag fluttered in the wind.	깃발이 바람에 펄럭였다.	Her heart fluttered with excitement.	그녀의 가슴은 흥분으로 두근거렸다.	가벼운 움직임
shiver	verb	떨다	/ˈʃɪvər/	He shivered in the cold.	그는 추위에 떨었다.	She shivered with fear.	그녀는 두려움으로 몸을 떨었다.	추위/공포
vibrate	verb	진동하다	/ˈvaɪbreɪt/	The phone vibrated on the desk.	전화기가 책상 위에서 진동했다.	The machine vibrates loudly.	그 기계는 크게 진동한다.	규칙적 떨림
tremor	noun	미진, 약한 떨림	/ˈtremər/	She felt a slight tremor.	그녀는 약한 떨림을 느꼈다.	The tremor shook the windows.	그 미진은 창문을 흔들었다.	작은 진동
earth tremor	noun phrase	약한 지진	/ɜːrθ ˈtremər/	An earth tremor was felt last night.	어젯밤 약한 지진이 느껴졌다.	The earth tremor caused no damage.	그 약한 지진은 피해를 일으키지 않았다.	earthquake보다 약함
perch	verb	걸터앉다, 앉아 있다	/pɜːrtʃ/	The bird perched on a branch.	새가 나뭇가지에 앉았다.	She perched on the edge of the chair.	그녀는 의자 끝에 걸터앉았다.	높거나 좁은 곳
commotion	noun	소란, 소동	/kəˈmoʊʃn/	There was a commotion outside.	밖에서 소란이 있었다.	The announcement caused a commotion.	그 발표는 소동을 일으켰다.	소리 포함
overhead	adverb	머리 위로	/ˌoʊvərˈhed/	A plane flew overhead.	비행기가 머리 위로 날아갔다.	The lights hung overhead.	조명이 머리 위에 걸려 있었다.	위쪽에
bicker	verb	말다툼하다	/ˈbɪkər/	The children bickered all morning.	아이들은 아침 내내 말다툼했다.	The politicians bickered over small issues.	정치인들은 작은 문제로 말다툼했다.	사소한 다툼
splay	verb	벌리다	/spleɪ/	He splayed his fingers on the table.	그는 손가락을 탁자 위에 벌렸다.	The chair legs splayed outward.	의자 다리가 바깥쪽으로 벌어졌다.	팔다리/손가락
suspend	verb	매달다, 중지하다, 연기하다	/səˈspend/	The lamp was suspended from the ceiling.	램프는 천장에 매달려 있었다.	The school suspended classes for a week.	학교는 수업을 일주일간 중지했다.	걸다/중단
utility pole	noun phrase	전봇대	/juːˈtɪləti poʊl/	The wires were attached to a utility pole.	전선은 전봇대에 붙어 있었다.	A car hit the utility pole.	차가 전봇대를 들이받았다.	전기/통신 기둥
shrug	verb	어깨를 으쓱하다	/ʃrʌɡ/	He shrugged and said nothing.	그는 어깨를 으쓱하고 아무 말도 하지 않았다.	She shrugged off the criticism.	그녀는 비판을 대수롭지 않게 넘겼다.	gesture
senator	noun	상원의원	/ˈsenətər/	The senator supported the bill.	그 상원의원은 그 법안을 지지했다.	Several senators attended the hearing.	여러 상원의원이 청문회에 참석했다.	미국 정치
up for something	phrase	~을 위해 내놓은, ~할 마음이 있는	/ʌp fɔːr ˈsʌmθɪŋ/	The house is up for sale.	그 집은 매물로 나와 있다.	Are you up for a walk?	산책할 마음 있어?	매물/의향
thwart	verb	좌절시키다, 방해하다	/θwɔːrt/	The plan was thwarted by bad weather.	그 계획은 나쁜 날씨 때문에 좌절되었다.	Security measures thwarted the attack.	보안 조치가 공격을 막았다.	계획 방해
outrageous	adjective	너무나도 충격적인, 터무니없는	/aʊtˈreɪdʒəs/	The price is outrageous.	그 가격은 터무니없다.	His behavior was outrageous.	그의 행동은 너무나 충격적이었다.	강한 부정
phishing	noun	피싱, 온라인 사기	/ˈfɪʃɪŋ/	The email was a phishing attempt.	그 이메일은 피싱 시도였다.	Do not click links in phishing messages.	피싱 메시지의 링크를 클릭하지 마라.	인터넷 사기
staunch	adjective	확고한, 충실한	/stɔːntʃ/	She is a staunch supporter of the policy.	그녀는 그 정책의 확고한 지지자이다.	He remained staunch in his beliefs.	그는 자신의 신념에 확고했다.	강한 지지
impersonate	verb	가장하다, 사칭하다	/ɪmˈpɜːrsəneɪt/	The scammer impersonated a bank employee.	사기꾼은 은행 직원을 사칭했다.	He impersonated a famous actor.	그는 유명 배우 흉내를 냈다.	사칭/흉내
incursion	noun	침입, 급습	/ɪnˈkɜːrʒn/	The army reported a border incursion.	군대는 국경 침입을 보고했다.	The company saw an incursion into its market.	그 회사는 자기 시장에 침투가 일어나는 것을 보았다.	갑작스러운 침입
vulnerability	noun	취약성, 약점	/ˌvʌlnərəˈbɪləti/	The system has a security vulnerability.	그 시스템에는 보안 취약점이 있다.	Her vulnerability made her honest.	그녀의 약한 면은 그녀를 솔직하게 만들었다.	약점
reek	verb	지독한 냄새를 풍기다	/riːk/	The room reeked of smoke.	그 방은 담배 냄새가 지독했다.	His plan reeks of dishonesty.	그의 계획은 부정직한 냄새가 난다.	냄새/느낌
constituency	noun	구성원, 선거구, 지지층	/kənˈstɪtʃuənsi/	The senator listened to his constituency.	그 상원의원은 자신의 선거구민 의견을 들었다.	The party appealed to its core constituency.	그 정당은 핵심 지지층에게 호소했다.	정치 표현
crucial	adjective	중대한, 결정적인	/ˈkruːʃl/	Timing is crucial.	시기가 중요하다.	This evidence is crucial to the case.	이 증거는 그 사건에 결정적이다.	매우 중요
meddling	noun	간섭, 참견	/ˈmedlɪŋ/	They complained about foreign meddling.	그들은 외국의 간섭에 항의했다.	His meddling made the problem worse.	그의 참견은 문제를 더 악화시켰다.	불필요한 간섭
proclaim	verb	선언하다, 분명히 보여 주다	/proʊˈkleɪm/	The president proclaimed a national holiday.	대통령은 국경일을 선포했다.	The sign proclaimed the store’s opening.	그 표지판은 가게 개장을 알렸다.	공식 선언
trenchantly	adverb	날카롭게, 예리하게	/ˈtrentʃəntli/	She criticized the policy trenchantly.	그녀는 그 정책을 날카롭게 비판했다.	The article argued trenchantly against corruption.	그 글은 부패에 대해 예리하게 논했다.	강한 비판
sentiment	noun	정서, 감정, 의견	/ˈsentɪmənt/	Public sentiment shifted quickly.	대중의 정서가 빠르게 바뀌었다.	Investor sentiment was negative.	투자자 심리는 부정적이었다.	여론/감정
hoax	noun	거짓말, 날조, 가짜 소동	/hoʊks/	The warning was a hoax.	그 경고는 가짜였다.	The story turned out to be a hoax.	그 이야기는 날조로 드러났다.	속임수
muster	verb	모으다, 끌어내다	/ˈmʌstər/	He mustered enough strength to stand.	그는 설 힘을 끌어모았다.	She mustered support for the campaign.	그녀는 캠페인을 위한 지지를 모았다.	힘/지지
coordinate	verb	조정하다, 조직하다	/koʊˈɔːrdɪneɪt/	We need to coordinate the schedule.	우리는 일정을 조정해야 한다.	The team coordinated relief efforts.	그 팀은 구호 활동을 조직했다.	맞추다
deter	verb	단념시키다, 그만두게 하다	/dɪˈtɜːr/	High prices deter customers.	높은 가격은 고객을 단념시킨다.	The law is designed to deter crime.	그 법은 범죄를 억제하기 위해 만들어졌다.	막다
bluster	verb	고함치다, 허풍을 떨다	/ˈblʌstər/	He blustered about his success.	그는 자기 성공에 대해 허풍을 떨었다.	The manager blustered at the staff.	관리자는 직원들에게 고함쳤다.	허세/소리
sanguine	adjective	낙관적인, 자신감 있는	/ˈsæŋɡwɪn/	She is sanguine about the future.	그녀는 미래에 대해 낙관적이다.	The report sounded surprisingly sanguine.	그 보고서는 놀랄 만큼 낙관적으로 들렸다.	긍정적 전망
shore up	phrasal verb	떠받치다, 강화하다	/ʃɔːr ʌp/	The government tried to shore up the economy.	정부는 경제를 떠받치려 했다.	They used wood to shore up the wall.	그들은 벽을 떠받치기 위해 나무를 사용했다.	지원/보강
bipartisan	adjective	양당의, 초당적인	/ˌbaɪˈpɑːrtɪzn/	The bill received bipartisan support.	그 법안은 초당적 지지를 받았다.	A bipartisan committee reviewed the issue.	양당 위원회가 그 문제를 검토했다.	미국 정치
tackle	verb	다루다, 씨름하다	/ˈtækl/	The government must tackle inflation.	정부는 인플레이션 문제를 다뤄야 한다.	She tackled the problem step by step.	그녀는 그 문제를 단계적으로 해결했다.	어려운 문제 처리
legislation	noun	제정법, 법률	/ˌledʒɪsˈleɪʃn/	The legislation passed Congress.	그 법안은 의회를 통과했다.	New legislation protects consumers.	새 법률은 소비자를 보호한다.	제정된 법
nudge	verb	쿡 찌르다, 살짝 유도하다	/nʌdʒ/	She nudged me with her elbow.	그녀는 팔꿈치로 나를 쿡 찔렀다.	The policy nudges people to save money.	그 정책은 사람들이 돈을 저축하도록 유도한다.	가벼운 자극
rally	noun	대규모 집회	/ˈræli/	The rally attracted thousands of people.	그 집회는 수천 명을 끌어모았다.	They held a rally in the city center.	그들은 시내 중심에서 집회를 열었다.	정치/사회 운동
at the very least	phrase	적어도	/æt ðə ˈveri liːst/	At the very least, you should apologize.	적어도 사과는 해야 한다.	The plan will take a week at the very least.	그 계획은 적어도 일주일은 걸릴 것이다.	최소한
squishy	adjective	질척질척한, 물컹한	/ˈskwɪʃi/	The ground was squishy after the rain.	비가 온 뒤 땅이 질척거렸다.	The toy felt soft and squishy.	그 장난감은 부드럽고 물컹했다.	부드럽고 축축한
smother	verb	덮다, 질식시키다	/ˈsmʌðər/	Smoke smothered the room.	연기가 방을 뒤덮었다.	Do not smother the fire with plastic.	플라스틱으로 불을 덮지 마라.	덮어 막다
toady	noun	아첨꾼	/ˈtoʊdi/	He was seen as a toady to powerful people.	그는 권력자들에게 아첨하는 사람으로 여겨졌다.	No one trusted the office toady.	아무도 사무실의 아첨꾼을 믿지 않았다.	부정적 표현
compel	verb	강요하다, ~하게 만들다	/kəmˈpel/	The law compels companies to report accidents.	그 법은 회사들이 사고를 보고하도록 강제한다.	His story compelled me to act.	그의 이야기는 내가 행동하게 만들었다.	강한 압박
assert	verb	주장하다, 단언하다	/əˈsɜːrt/	She asserted her innocence.	그녀는 자신의 무죄를 주장했다.	The report asserts that prices will rise.	그 보고서는 가격이 오를 것이라고 주장한다.	강하게 말함
infiltrate	verb	잠입하다, 스며들다	/ˈɪnfɪltreɪt/	The spy infiltrated the organization.	스파이는 그 조직에 잠입했다.	Water infiltrated the basement.	물이 지하실로 스며들었다.	몰래 들어감
persistent	adjective	끈질긴, 지속적인	/pərˈsɪstənt/	She made persistent efforts.	그녀는 끈질긴 노력을 했다.	The problem is persistent.	그 문제는 지속적이다.	계속되는
undermine	verb	약화시키다, 기반을 약화하다	/ˌʌndərˈmaɪn/	The scandal undermined public trust.	그 스캔들은 대중의 신뢰를 약화시켰다.	Too much criticism can undermine confidence.	지나친 비판은 자신감을 약화시킬 수 있다.	서서히 약하게 함
hurdle	noun	장애, 난관	/ˈhɜːrdl/	The project faces many hurdles.	그 프로젝트는 많은 난관에 직면해 있다.	Cost is the biggest hurdle.	비용이 가장 큰 장애물이다.	넘어야 할 문제
matter of opinion	noun phrase	의견의 문제	/ˈmætər əv əˈpɪnjən/	Whether it is beautiful is a matter of opinion.	그것이 아름다운지는 의견의 문제이다.	The best movie is a matter of opinion.	최고의 영화는 의견의 문제이다.	주관적 판단
engage	verb	사로잡다, 고용하다, 관계를 맺다	/ɪnˈɡeɪdʒ/	The story engaged the audience.	그 이야기는 관객을 사로잡았다.	The company engaged a consultant.	그 회사는 컨설턴트를 고용했다.	관심/고용
mini-lift	noun	작은 지지, 소폭 상승	/ˈmɪni lɪft/	The announcement gave the market a mini-lift.	그 발표는 시장에 작은 상승 효과를 주었다.	The new feature gave sales a mini-lift.	새 기능은 매출에 작은 지지를 주었다.	little support
interest rate	noun phrase	금리	/ˈɪntrəst reɪt/	The central bank raised the interest rate.	중앙은행은 금리를 올렸다.	Low interest rates encourage borrowing.	낮은 금리는 대출을 장려한다.	이자율
warrant	verb	보증하다, 정당화하다	/ˈwɔːrənt/	The situation warrants further study.	그 상황은 추가 연구를 정당화한다.	The product is warranted for one year.	그 제품은 1년간 보증된다.	근거가 되다
stimulate	verb	자극하다, 활발하게 하다	/ˈstɪmjuleɪt/	The policy stimulated the economy.	그 정책은 경제를 자극했다.	Exercise stimulates blood flow.	운동은 혈류를 자극한다.	활성화
bolster	verb	북돋우다, 강화하다	/ˈboʊlstər/	The data bolstered his argument.	그 데이터는 그의 주장을 강화했다.	The government tried to bolster confidence.	정부는 신뢰를 북돋우려 했다.	지원 강화
monetary	adjective	통화의, 금전적인	/ˈmɑːnɪteri/	The bank changed monetary policy.	은행은 통화 정책을 바꿨다.	The company offered monetary compensation.	회사는 금전적 보상을 제공했다.	돈 관련
prompt	adjective	즉각적인, 신속한	/prɑːmpt/	Thank you for your prompt reply.	신속한 답변 감사합니다.	Prompt action prevented damage.	즉각적인 조치가 피해를 막았다.	빠른
curtail	verb	축소하다, 줄이다	/kərˈteɪl/	The company curtailed spending.	회사는 지출을 줄였다.	The storm curtailed outdoor activities.	폭풍은 야외 활동을 축소시켰다.	제한하다
thesaurus	noun	유의어 사전	/θɪˈsɔːrəs/	Use a thesaurus to find synonyms.	동의어를 찾으려면 유의어 사전을 사용해라.	A thesaurus can improve your writing.	유의어 사전은 글쓰기를 개선할 수 있다.	단어 사전
synonym	noun	동의어, 유의어	/ˈsɪnənɪm/	“Big” is a synonym of “large.”	“Big”은 “large”의 동의어이다.	Find a synonym for this word.	이 단어의 동의어를 찾아라.	비슷한 뜻
antonym	noun	반의어	/ˈæntənɪm/	“Hot” is an antonym of “cold.”	“Hot”은 “cold”의 반의어이다.	Write one antonym for each word.	각 단어의 반의어를 하나씩 써라.	반대말
burgeon	verb	급성장하다	/ˈbɜːrdʒən/	The industry began to burgeon.	그 산업은 급성장하기 시작했다.	Online sales burgeoned during the pandemic.	팬데믹 동안 온라인 매출이 급성장했다.	빠르게 성장
deficit	noun	적자, 부족액	/ˈdefɪsɪt/	The country has a trade deficit.	그 나라는 무역 적자가 있다.	The budget deficit increased.	예산 적자가 증가했다.	부족/마이너스
shortfall	noun	부족액, 부족량	/ˈʃɔːrtfɔːl/	There was a revenue shortfall.	수입 부족액이 있었다.	The company faced a shortfall in workers.	회사는 인력 부족을 겪었다.	예상보다 부족
swell	verb	증가하다, 붓다	/swel/	The crowd swelled quickly.	군중이 빠르게 늘어났다.	His ankle began to swell.	그의 발목이 붓기 시작했다.	수량/몸
bond	noun	채권, 유대	/bɑːnd/	The government issued bonds.	정부는 채권을 발행했다.	They formed a strong bond.	그들은 강한 유대를 형성했다.	금융/관계
auction	noun	경매, 공매	/ˈɔːkʃn/	The painting was sold at auction.	그 그림은 경매에서 팔렸다.	The government held a bond auction.	정부는 채권 공매를 열었다.	입찰 판매
low-key	adjective	억제된, 차분한	/ˌloʊ ˈkiː/	The party was low-key.	그 파티는 조용하고 차분했다.	He gave a low-key response.	그는 절제된 반응을 보였다.	과하지 않은
reminder	noun	상기시키는 것, 알림	/rɪˈmaɪndər/	This note is a reminder to call her.	이 메모는 그녀에게 전화하라는 알림이다.	The photo was a reminder of home.	그 사진은 고향을 떠올리게 했다.	상기
IOU	noun	차용증	/ˌaɪ oʊ ˈjuː/	He gave me an IOU for the money.	그는 그 돈에 대한 차용증을 나에게 줬다.	An IOU is not the same as cash.	차용증은 현금과 같지 않다.	I owe you
snap something up	phrasal verb	덥석 사다, 재빨리 잡다	/snæp ʌp/	Investors snapped up the shares.	투자자들은 그 주식을 덥석 사들였다.	She snapped up the cheap tickets.	그녀는 싼 표를 재빨리 샀다.	기회 잡기
shell out	phrasal verb	돈을 내다, 지불하다	/ʃel aʊt/	We had to shell out $200 for repairs.	우리는 수리비로 200달러를 내야 했다.	Customers shelled out more for premium seats.	고객들은 프리미엄 좌석에 더 많은 돈을 냈다.	비격식
spurt	verb	뿜어져 나오다, 치솟다	/spɜːrt/	Water spurted from the pipe.	물이 파이프에서 뿜어져 나왔다.	Sales spurted after the ad campaign.	광고 캠페인 후 매출이 치솟았다.	갑작스러운 분출
self-applauding	adjective	자화자찬하는	/ˌself əˈplɔːdɪŋ/	His speech sounded self-applauding.	그의 연설은 자화자찬처럼 들렸다.	The report was criticized as self-applauding.	그 보고서는 자화자찬이라는 비판을 받았다.	스스로 칭찬
liquidity	noun	유동성, 현금화 용이성	/lɪˈkwɪdəti/	The bank provided liquidity to the market.	은행은 시장에 유동성을 공급했다.	High liquidity makes trading easier.	높은 유동성은 거래를 더 쉽게 만든다.	금융
issuance	noun	발행, 배급, 배포	/ˈɪʃuəns/	The issuance of bonds increased.	채권 발행이 증가했다.	The issuance of permits was delayed.	허가증 발급이 지연되었다.	공식 발행
supersede	verb	대체하다	/ˌsuːpərˈsiːd/	The new rule supersedes the old one.	새 규칙은 이전 규칙을 대체한다.	This version supersedes all previous versions.	이 버전은 모든 이전 버전을 대체한다.	공식 대체
bust	verb	터지다, 파열하다, 단속하다	/bʌst/	The pipe busted in winter.	겨울에 파이프가 터졌다.	The police busted the illegal operation.	경찰은 불법 작업을 단속했다.	비격식
break out	phrasal verb	발발하다, 발생하다	/breɪk aʊt/	A fire broke out last night.	어젯밤 화재가 발생했다.	War broke out in the region.	그 지역에서 전쟁이 발발했다.	갑자기 시작
eclipse	noun	가림, 일식, 월식	/ɪˈklɪps/	The solar eclipse attracted many viewers.	일식은 많은 관찰자를 끌어모았다.	His success put his rival in eclipse.	그의 성공은 경쟁자를 빛바래게 했다.	천문/비유
fiscal	adjective	국가 재정의, 회계의	/ˈfɪskl/	The government announced fiscal reforms.	정부는 재정 개혁을 발표했다.	The fiscal year ends in December.	회계연도는 12월에 끝난다.	재정 관련
withhold	verb	주지 않다, 보류하다, 원천징수하다	/wɪðˈhoʊld/	The company withheld payment.	회사는 지급을 보류했다.	Tax was withheld from his salary.	세금이 그의 급여에서 원천징수되었다.	withheld-withheld
profitability	noun	수익성, 이윤율	/ˌprɑːfɪtəˈbɪləti/	The company improved profitability.	회사는 수익성을 개선했다.	Profitability fell because of higher costs.	비용 증가 때문에 수익성이 떨어졌다.	이익을 내는 능력
equity	noun	자기자본, 순자산 가치, 공정성	/ˈekwəti/	The company raised equity capital.	그 회사는 자기자본을 조달했다.	Home equity increased as prices rose.	집값이 오르면서 주택 순자산 가치가 증가했다.	금융/공정
incremental	adjective	증가의, 점진적인	/ˌɪŋkrəˈmentl/	The change was incremental.	그 변화는 점진적이었다.	The project produced incremental gains.	그 프로젝트는 점진적인 이익을 냈다.	조금씩 증가
unsustainable	adjective	지속 불가능한	/ˌʌnsəˈsteɪnəbl/	The debt level is unsustainable.	그 부채 수준은 지속 불가능하다.	Unsustainable growth can lead to crisis.	지속 불가능한 성장은 위기로 이어질 수 있다.	계속 유지 불가
overtly	adverb	노골적으로, 명시적으로	/oʊˈvɜːrtli/	He was overtly critical of the policy.	그는 그 정책을 노골적으로 비판했다.	The message was not overtly political.	그 메시지는 노골적으로 정치적이지 않았다.	openly
as far as the eye can see	phrase	눈이 닿는 데까지	/æz fɑːr æz ði aɪ kən siː/	Fields stretched as far as the eye can see.	눈이 닿는 데까지 들판이 펼쳐져 있었다.	There were cars as far as the eye could see.	눈이 닿는 데까지 차들이 있었다.	넓은 풍경
not my cup of tea	idiom	내 취향이 아니다	/nɑːt maɪ kʌp əv tiː/	Horror movies are not my cup of tea.	공포 영화는 내 취향이 아니다.	This kind of music is not my cup of tea.	이런 음악은 내 취향이 아니다.	비격식
yield	verb	이익을 내다, 산출하다, 양보하다	/jiːld/	The investment yielded high returns.	그 투자는 높은 수익을 냈다.	The farm yields rice every year.	그 농장은 매년 쌀을 생산한다.	수익/생산
lethal	adjective	치명적인	/ˈliːθl/	The poison is lethal.	그 독은 치명적이다.	Air pollution can have lethal effects.	대기 오염은 치명적인 영향을 미칠 수 있다.	deadly
blight	noun	해로운 영향, 병충해	/blaɪt/	Poverty was a blight on the city.	빈곤은 그 도시의 해악이었다.	The crop was damaged by blight.	작물은 병충해로 피해를 입었다.	해악/식물병
linking	noun	연결	/ˈlɪŋkɪŋ/	The linking of data improved the analysis.	데이터 연결은 분석을 개선했다.	Linking ideas clearly helps readers.	생각을 명확히 연결하면 독자에게 도움이 된다.	연결 행위
studies	noun	연구	/ˈstʌdiz/	Recent studies show a health risk.	최근 연구들은 건강 위험을 보여 준다.	Several studies support the theory.	여러 연구가 그 이론을 뒷받침한다.	study 복수
costliest	adjective	가장 많은 돈이 드는	/ˈkɔːstliəst/	This was the costliest project in the city.	이것은 그 도시에서 가장 비용이 많이 든 프로젝트였다.	The costliest option is not always best.	가장 비싼 선택지가 항상 최선은 아니다.	costly 최상급
epidemic	noun	유행병, 급속한 확산	/ˌepɪˈdemɪk/	The epidemic spread quickly.	유행병은 빠르게 퍼졌다.	There is an epidemic of misinformation.	잘못된 정보가 급속히 확산되고 있다.	전염병/사회현상
cardiologist	noun	심장병 전문의	/ˌkɑːrdiˈɑːlədʒɪst/	The cardiologist examined the patient.	심장병 전문의가 환자를 진찰했다.	She was referred to a cardiologist.	그녀는 심장 전문의에게 의뢰되었다.	의사 직업
abnormality	noun	기형, 이상	/ˌæbnɔːrˈmæləti/	The test found an abnormality.	검사에서 이상이 발견되었다.	The doctor checked for heart abnormalities.	의사는 심장 이상을 확인했다.	정상 아님
heart failure	noun phrase	심부전	/hɑːrt ˈfeɪljər/	Heart failure requires careful treatment.	심부전은 신중한 치료가 필요하다.	The patient showed signs of heart failure.	환자는 심부전 징후를 보였다.	의학
early stage	noun phrase	초기 단계	/ˈɜːrli steɪdʒ/	The disease was found at an early stage.	그 병은 초기 단계에서 발견되었다.	The project is still in the early stage.	그 프로젝트는 아직 초기 단계이다.	초기
hardening of artery	noun phrase	동맥경화	/ˈhɑːrdnɪŋ əv ˈɑːrtəri/	Hardening of the artery can reduce blood flow.	동맥경화는 혈류를 줄일 수 있다.	The doctor warned about hardening of the arteries.	의사는 동맥경화에 대해 경고했다.	arteriosclerosis
irritation	noun	짜증, 자극	/ˌɪrɪˈteɪʃn/	The smoke caused eye irritation.	연기는 눈 자극을 일으켰다.	His delay caused irritation.	그의 지연은 짜증을 유발했다.	신체/감정
respiratory	adjective	호흡의, 호흡기관의	/ˈrespərətɔːri/	Smoking causes respiratory problems.	흡연은 호흡기 문제를 일으킨다.	The patient had a respiratory infection.	환자는 호흡기 감염이 있었다.	의학
asthma	noun	천식	/ˈæzmə/	Asthma can make breathing difficult.	천식은 호흡을 어렵게 만들 수 있다.	She uses medicine for asthma.	그녀는 천식 약을 사용한다.	호흡기 질환
bronchitis	noun	기관지염	/brɑːŋˈkaɪtɪs/	Bronchitis caused a bad cough.	기관지염은 심한 기침을 일으켰다.	The doctor diagnosed him with bronchitis.	의사는 그를 기관지염으로 진단했다.	기관지 염증
back somebody up	phrasal verb	~을 뒷받침하다, 지지하다	/bæk ʌp/	The data backs up her claim.	그 데이터는 그녀의 주장을 뒷받침한다.	I will back you up in the meeting.	회의에서 내가 너를 지지할게.	지원/증명
dementia	noun	치매	/dɪˈmenʃə/	Dementia affects memory.	치매는 기억력에 영향을 준다.	The study focuses on dementia patients.	그 연구는 치매 환자에 초점을 맞춘다.	의학
congenital	adjective	선천적인	/kənˈdʒenɪtl/	The baby had a congenital heart condition.	그 아기는 선천성 심장 질환이 있었다.	Congenital problems can appear early.	선천적 문제는 일찍 나타날 수 있다.	태어날 때부터
occasional	adjective	가끔의, 때때로의	/əˈkeɪʒənl/	He has occasional headaches.	그는 가끔 두통이 있다.	We meet for occasional coffee.	우리는 가끔 커피를 마시며 만난다.	가끔 발생
exacerbate	verb	악화시키다	/ɪɡˈzæsərbeɪt/	Stress can exacerbate the illness.	스트레스는 병을 악화시킬 수 있다.	The policy exacerbated the housing problem.	그 정책은 주택 문제를 악화시켰다.	worsen
preexisting condition	noun phrase	기존 질병, 기존 질환	/ˌpriːɪɡˈzɪstɪŋ kənˈdɪʃn/	Insurance may not cover a preexisting condition.	보험은 기존 질환을 보장하지 않을 수 있다.	He had a preexisting heart condition.	그는 기존 심장 질환이 있었다.	보험/의학
aggravate	verb	악화시키다, 화나게 하다	/ˈæɡrəveɪt/	Cold air can aggravate asthma.	차가운 공기는 천식을 악화시킬 수 있다.	His rude words aggravated the situation.	그의 무례한 말은 상황을 악화시켰다.	make worse
stark	adjective	삭막한, 극명한	/stɑːrk/	The report shows a stark difference.	그 보고서는 극명한 차이를 보여 준다.	The room was stark and empty.	그 방은 삭막하고 비어 있었다.	강한 대비
cardiovascular	adjective	심혈관의	/ˌkɑːrdioʊˈvæskjələr/	Exercise improves cardiovascular health.	운동은 심혈관 건강을 개선한다.	Cardiovascular disease is a major risk.	심혈관 질환은 주요 위험이다.	심장과 혈관
until now	phrase	지금까지	/ənˈtɪl naʊ/	Until now, we had no evidence.	지금까지 우리는 증거가 없었다.	The problem was ignored until now.	그 문제는 지금까지 무시되었다.	현재 이전까지
secondary education	noun phrase	중등 교육	/ˈsekənderi ˌedʒuˈkeɪʃn/	Secondary education usually begins after primary school.	중등 교육은 보통 초등학교 이후에 시작된다.	The country expanded access to secondary education.	그 나라는 중등 교육 접근성을 확대했다.	중학교·고등학교 단계
purse	noun	지갑, 핸드백	/pɜːrs/	She took a coin from her purse.	그녀는 지갑에서 동전을 꺼냈다.	Her purse was stolen on the bus.	그녀의 핸드백이 버스에서 도난당했다.	미국식으로 handbag 의미도 가능
defy	verb	반항하다, 거역하다	/dɪˈfaɪ/	He defied his parents' wishes.	그는 부모님의 뜻을 거역했다.	The result defied expectations.	그 결과는 예상을 뒤엎었다.	규칙·예상에 반대
flurry	noun	소동, 급작스러운 움직임	/ˈflɜːri/	The announcement caused a flurry of activity.	그 발표는 갑작스러운 활동을 불러일으켰다.	A flurry of emails arrived after the meeting.	회의 후 이메일이 한꺼번에 몰려왔다.	눈보라 뜻도 있음
libertarian	noun	자유의지론자, 자유지상주의자	/ˌlɪbərˈteriən/	He describes himself as a libertarian.	그는 자신을 자유지상주의자라고 설명한다.	Libertarians usually favor limited government.	자유지상주의자들은 보통 작은 정부를 선호한다.	정치 사상
despite	preposition	~에도 불구하고	/dɪˈspaɪt/	Despite the rain, we went out.	비에도 불구하고 우리는 나갔다.	She succeeded despite many difficulties.	그녀는 많은 어려움에도 불구하고 성공했다.	in spite of
mislead	verb	호도하다, 잘못 인도하다	/ˌmɪsˈliːd/	The advertisement misled customers.	그 광고는 고객들을 오도했다.	Do not mislead people with false data.	거짓 자료로 사람들을 오도하지 마라.	misled-misled
carmaker	noun	자동차 제조업체	/ˈkɑːrmeɪkər/	The carmaker announced a new electric vehicle.	그 자동차 제조업체는 새 전기차를 발표했다.	Korean carmakers expanded overseas.	한국 자동차 제조업체들은 해외로 확장했다.	auto company
incentivize	verb	장려하다, 유인하다	/ɪnˈsentɪvaɪz/	The policy incentivizes investment.	그 정책은 투자를 장려한다.	The company incentivized workers with bonuses.	회사는 보너스로 직원들을 장려했다.	동기 부여
nominally	adverb	명목상으로	/ˈnɑːmɪnəli/	He is nominally the leader.	그는 명목상 지도자이다.	The country is nominally independent.	그 나라는 명목상 독립국이다.	실질과 다를 수 있음
climate	noun	기후, 분위기	/ˈklaɪmət/	The climate is getting warmer.	기후가 더 따뜻해지고 있다.	The company changed its workplace climate.	회사는 직장 분위기를 바꾸었다.	날씨 장기 패턴
pollutant	noun	오염 물질, 오염원	/pəˈluːtənt/	Carbon dioxide is a major pollutant.	이산화탄소는 주요 오염 물질이다.	The factory released pollutants into the river.	공장은 강에 오염 물질을 배출했다.	환경 용어
onward	adverb	앞으로, 계속 나아가는	/ˈɑːnwərd/	The soldiers marched onward.	군인들은 앞으로 계속 행진했다.	From that day onward, things changed.	그날 이후로 상황이 바뀌었다.	앞 방향/이후
sweetener	noun	감미료	/ˈswiːtnər/	This drink uses artificial sweetener.	이 음료는 인공 감미료를 사용한다.	She added sweetener to her coffee.	그녀는 커피에 감미료를 넣었다.	설탕 대체
coincidence	noun	우연의 일치	/koʊˈɪnsɪdəns/	It was just a coincidence.	그것은 단지 우연의 일치였다.	By coincidence, we met at the airport.	우연히 우리는 공항에서 만났다.	우연
clouded	adjective	흐린, 불분명한	/ˈklaʊdɪd/	His judgment was clouded by anger.	그의 판단은 분노로 흐려졌다.	The sky was clouded all morning.	하늘은 오전 내내 흐렸다.	구름 낀/혼란스러운
mounting	adjective	증가하는, 커져 가는	/ˈmaʊntɪŋ/	There is mounting pressure on the government.	정부에 대한 압박이 커지고 있다.	Mounting costs delayed the project.	증가하는 비용이 프로젝트를 지연시켰다.	점점 커지는
outscore	verb	~보다 더 많은 점수를 얻다	/aʊtˈskɔːr/	Our team outscored them in the final quarter.	우리 팀은 마지막 쿼터에서 그들보다 더 많은 점수를 얻었다.	She outscored every other player.	그녀는 다른 모든 선수보다 높은 점수를 얻었다.	스포츠/시험
foul	adjective	더러운, 악취 나는	/faʊl/	A foul smell came from the drain.	배수구에서 악취가 났다.	The water was foul and unsafe.	물은 더럽고 안전하지 않았다.	나쁜 냄새
consultation	noun	협의, 상담	/ˌkɑːnslˈteɪʃn/	The decision followed public consultation.	그 결정은 공개 협의 후에 이루어졌다.	She had a consultation with a lawyer.	그녀는 변호사와 상담했다.	상담/회의
forge	verb	구축하다, 만들어 내다	/fɔːrdʒ/	The two countries forged a partnership.	두 나라는 협력 관계를 구축했다.	He forged a successful career.	그는 성공적인 경력을 만들어 냈다.	금속을 단조하다 뜻도 있음
infrastructure	noun	사회 기반 시설	/ˈɪnfrəstrʌktʃər/	The city needs better infrastructure.	그 도시는 더 나은 기반 시설이 필요하다.	Roads and bridges are part of infrastructure.	도로와 다리는 기반 시설의 일부이다.	기반 시설
lay something bare	phrase	~을 드러내다, 폭로하다	/leɪ ˈsʌmθɪŋ ber/	The report laid bare serious problems.	그 보고서는 심각한 문제를 드러냈다.	The crisis laid bare the weakness of the system.	그 위기는 시스템의 약점을 드러냈다.	reveal
bare	adjective	벌거벗은, 드러난	/ber/	The room had bare walls.	그 방에는 아무것도 없는 벽이 있었다.	He walked with bare feet.	그는 맨발로 걸었다.	덮이지 않은
supposedly	adverb	추정상, 아마도	/səˈpoʊzɪdli/	The product is supposedly safe.	그 제품은 안전하다고 한다.	He supposedly left yesterday.	그는 어제 떠났다고 한다.	사실 여부 불확실
then	adverb	그때, 그러면	/ðen/	I was young then.	나는 그때 어렸다.	If you agree, then we can start.	네가 동의하면 그러면 시작할 수 있다.	시간/논리 연결
defy common sense	phrase	상식을 무시하다	/dɪˈfaɪ ˌkɑːmən ˈsens/	The decision defies common sense.	그 결정은 상식을 무시한다.	Spending more than you earn defies common sense.	버는 것보다 더 많이 쓰는 것은 상식을 무시하는 일이다.	말이 안 됨
any time soon	phrase	곧, 가까운 시일 내에	/ˈeni taɪm suːn/	The problem will not disappear any time soon.	그 문제는 곧 사라지지 않을 것이다.	We do not expect changes any time soon.	우리는 가까운 시일 내 변화를 예상하지 않는다.	부정문에서 자주 사용
minute particle	noun phrase	미세 입자	/maɪˈnuːt ˈpɑːrtɪkl/	Minute particles can enter the lungs.	미세 입자는 폐로 들어갈 수 있다.	The filter removes minute particles.	그 필터는 미세 입자를 제거한다.	아주 작은 입자
inclination	noun	성향, 경향	/ˌɪnklɪˈneɪʃn/	She has an inclination to help others.	그녀는 다른 사람을 돕는 성향이 있다.	His first inclination was to refuse.	그의 첫 성향은 거절하는 것이었다.	마음이 기울어짐
massive	adjective	거대한, 대규모의	/ˈmæsɪv/	The company made a massive investment.	그 회사는 대규모 투자를 했다.	A massive storm hit the coast.	거대한 폭풍이 해안을 강타했다.	매우 큰
fracking	noun	수압 파쇄법	/ˈfrækɪŋ/	Fracking increased gas production.	수압 파쇄법은 가스 생산을 늘렸다.	Environmental groups criticized fracking.	환경 단체들은 수압 파쇄법을 비판했다.	석유·가스 채굴
substantially	adverb	상당히, 많이	/səbˈstænʃəli/	Prices rose substantially.	가격이 상당히 올랐다.	The new design is substantially different.	새 디자인은 상당히 다르다.	considerably
assault	noun	폭행, 공격	/əˈsɔːlt/	He was arrested for assault.	그는 폭행 혐의로 체포되었다.	The city faced an assault from enemy forces.	그 도시는 적군의 공격을 받았다.	법률/군사
clog	verb	막히다, 막다	/klɑːɡ/	Leaves clogged the drain.	나뭇잎이 배수구를 막았다.	The pipe was clogged with dirt.	파이프가 흙으로 막혔다.	clogged
monstrous	adjective	터무니없는, 괴물 같은	/ˈmɑːnstrəs/	The plan was a monstrous waste of money.	그 계획은 터무니없는 돈 낭비였다.	A monstrous creature appeared in the story.	그 이야기에 괴물 같은 생물이 등장했다.	매우 나쁜/거대한
scandalously	adverb	불명예스럽게, 충격적으로	/ˈskændələsli/	The company acted scandalously.	그 회사는 불명예스럽게 행동했다.	Prices were scandalously high.	가격이 터무니없이 높았다.	충격적일 정도로
scandal	noun	추문, 충격적인 사건	/ˈskændl/	The scandal damaged his career.	그 추문은 그의 경력에 손상을 주었다.	A political scandal broke out.	정치 스캔들이 터졌다.	부도덕한 사건
accuse	verb	고발하다, 비난하다	/əˈkjuːz/	They accused him of lying.	그들은 그가 거짓말했다고 비난했다.	The company was accused of fraud.	그 회사는 사기 혐의로 고발되었다.	accuse A of B
condone	verb	묵인하다, 용납하다	/kənˈdoʊn/	The school does not condone cheating.	학교는 부정행위를 용납하지 않는다.	Silence can seem to condone bad behavior.	침묵은 나쁜 행동을 묵인하는 것처럼 보일 수 있다.	나쁜 일을 봐줌
stent	noun	스텐트	/stent/	The doctor inserted a stent.	의사는 스텐트를 삽입했다.	A stent can help keep an artery open.	스텐트는 혈관을 열린 상태로 유지하는 데 도움을 줄 수 있다.	혈관 삽입 장치
carbon-neutral	adjective	탄소 중립적인	/ˌkɑːrbən ˈnuːtrəl/	The company aims to become carbon-neutral.	그 회사는 탄소 중립이 되는 것을 목표로 한다.	Carbon-neutral travel is difficult to achieve.	탄소 중립 여행은 달성하기 어렵다.	탄소 배출 상쇄
vested	adjective	확립된, 기득권의	/ˈvestɪd/	They have a vested interest in the outcome.	그들은 결과에 기득권적 이해관계가 있다.	Vested rights must be protected.	확립된 권리는 보호되어야 한다.	vested interest
all the more so	phrase	더욱더 그렇다	/ɔːl ðə mɔːr soʊ/	This is important, all the more so today.	이것은 중요하다, 오늘날에는 더욱 그렇다.	Her warning matters, all the more so after the accident.	그녀의 경고는 사고 이후 더욱 중요하다.	강조 표현
loom	verb	어렴풋이 나타나다, 곧 닥칠 것처럼 보이다	/luːm/	Dark clouds loomed in the distance.	먹구름이 멀리 어렴풋이 나타났다.	A deadline loomed over the team.	마감일이 그 팀에 닥쳐오고 있었다.	위협적으로 다가옴
grasp	verb	꽉 잡다, 이해하다	/ɡræsp/	She grasped my hand.	그녀는 내 손을 꽉 잡았다.	He quickly grasped the idea.	그는 그 생각을 빠르게 이해했다.	잡다/이해하다
nettle	verb	짜증나게 하다	/ˈnetl/	His rude tone nettled her.	그의 무례한 말투가 그녀를 짜증나게 했다.	The criticism nettled the mayor.	그 비판은 시장을 짜증나게 했다.	쐐기풀 뜻도 있음
exempt	adjective	면제되는	/ɪɡˈzempt/	Children under five are exempt from the fee.	5세 미만 아이들은 요금이 면제된다.	Some goods are exempt from tax.	일부 상품은 세금이 면제된다.	from과 자주 사용
exempt	verb	면제하다	/ɪɡˈzempt/	The law exempts small businesses.	그 법은 소기업을 면제한다.	The teacher exempted him from the test.	선생님은 그를 시험에서 면제했다.	제외하다
subsidy	noun	보조금	/ˈsʌbsədi/	The government offered a subsidy for farmers.	정부는 농민에게 보조금을 제공했다.	The company depends on state subsidies.	그 회사는 국가 보조금에 의존한다.	정부 지원금
rail	noun	레일, 난간	/reɪl/	The train ran along the rail.	기차는 레일을 따라 달렸다.	She held the rail while going down the stairs.	그녀는 계단을 내려가며 난간을 잡았다.	철도/난간
modest	adjective	겸손한, 적당한, 보통의	/ˈmɑːdɪst/	He is modest about his success.	그는 자신의 성공에 대해 겸손하다.	The company made a modest profit.	그 회사는 적당한 이익을 냈다.	크지 않은
lobbying	noun	로비 활동	/ˈlɑːbiɪŋ/	The industry spent millions on lobbying.	그 업계는 로비 활동에 수백만 달러를 썼다.	Lobbying influenced the new law.	로비 활동은 새 법에 영향을 주었다.	정치 영향 활동
dole	noun	실업수당, 구호금	/doʊl/	He lived on the dole after losing his job.	그는 직장을 잃은 후 실업수당으로 살았다.	The government increased the dole.	정부는 구호금을 늘렸다.	영국식
dole	verb	조금씩 나누어 주다	/doʊl/	They doled out food to the refugees.	그들은 난민들에게 음식을 나눠 주었다.	The teacher doled out pencils to the class.	선생님은 반 학생들에게 연필을 나누어 주었다.	dole out
offset	verb	상쇄하다	/ˌɔːfˈset/	Higher sales offset rising costs.	매출 증가가 비용 상승을 상쇄했다.	Trees can help offset carbon emissions.	나무는 탄소 배출을 상쇄하는 데 도움을 줄 수 있다.	균형 맞춤
in the offing	phrase	머지않아, 곧 있을	/ɪn ði ˈɔːfɪŋ/	A new deal is in the offing.	새 거래가 곧 있을 예정이다.	Changes are in the offing.	변화가 머지않아 있을 것이다.	다가오는
algae	noun	조류, 말	/ˈældʒiː/	Algae grew in the pond.	연못에 조류가 자랐다.	Some algae can be used as food.	일부 조류는 식품으로 사용될 수 있다.	물속 식물성 생물
stacking	noun	선회 대기	/ˈstækɪŋ/	Stacking occurs when aircraft wait to land.	선회 대기는 항공기가 착륙을 기다릴 때 발생한다.	The airport used stacking because of bad weather.	공항은 악천후 때문에 선회 대기를 사용했다.	항공 용어
aviation	noun	항공, 항공술	/ˌeɪviˈeɪʃn/	Aviation safety has improved.	항공 안전은 개선되었다.	She works in the aviation industry.	그녀는 항공 산업에서 일한다.	항공 분야
in need of	phrase	~을 필요로 하는	/ɪn niːd əv/	The building is in need of repair.	그 건물은 수리가 필요하다.	Families in need of help received support.	도움이 필요한 가족들은 지원을 받았다.	필요 상태
radical	adjective	급진적인, 근본적인	/ˈrædɪkl/	The group proposed radical reforms.	그 단체는 급진적인 개혁을 제안했다.	We need a radical change.	우리는 근본적인 변화가 필요하다.	큰 변화
echo	noun	메아리, 반향	/ˈekoʊ/	We heard an echo in the cave.	우리는 동굴에서 메아리를 들었다.	His words found an echo in public opinion.	그의 말은 여론에서 반향을 일으켰다.	소리/반응
ambitious	adjective	야심적인	/æmˈbɪʃəs/	She has an ambitious plan.	그녀는 야심적인 계획을 가지고 있다.	The project is ambitious but possible.	그 프로젝트는 야심적이지만 가능하다.	큰 목표
addiction	noun	중독	/əˈdɪkʃn/	He struggled with alcohol addiction.	그는 알코올 중독으로 고생했다.	Social media addiction can affect sleep.	소셜미디어 중독은 수면에 영향을 줄 수 있다.	의존 상태
feasible	adjective	실현 가능한	/ˈfiːzəbl/	The plan is feasible.	그 계획은 실현 가능하다.	We need a feasible solution.	우리는 실현 가능한 해결책이 필요하다.	practical
earthbound	adjective	지상에 묶여 있는, 세속적인	/ˈɜːrθbaʊnd/	The bird was injured and earthbound.	그 새는 다쳐서 땅에 묶여 있었다.	He had earthbound concerns about money.	그는 돈에 관한 현실적인 걱정이 있었다.	날지 못하는/현실적
reckon	verb	~라고 생각하다, 여기다	/ˈrekən/	I reckon we should leave now.	나는 우리가 지금 떠나야 한다고 생각한다.	She is reckoned to be an expert.	그녀는 전문가로 여겨진다.	비격식
lexicon	noun	어휘 목록, 사전	/ˈleksɪkɑːn/	This word entered the political lexicon.	이 단어는 정치 어휘에 들어갔다.	Learners need a basic English lexicon.	학습자들은 기본 영어 어휘 목록이 필요하다.	특정 분야 어휘
recessionary	adjective	경기후퇴의, 불경기로 이어질	/rɪˈseʃəneri/	The country faced recessionary pressure.	그 나라는 경기후퇴 압박을 받았다.	Recessionary conditions hurt small businesses.	불경기 상황은 소기업에 타격을 주었다.	경제 용어
blip	noun	짧은 이상 현상, 일시적인 문제	/blɪp/	The sales drop was just a blip.	매출 하락은 일시적인 문제일 뿐이었다.	The screen showed a small blip.	화면에 작은 깜박임 신호가 보였다.	작은 변동
teleconferencing	noun	원격 회의	/ˌtelikɑːnfərənsɪŋ/	Teleconferencing reduced travel costs.	원격 회의는 출장 비용을 줄였다.	We use teleconferencing for weekly meetings.	우리는 주간 회의에 원격 회의를 사용한다.	전화·영상 회의
virtue	noun	선, 덕목, 장점	/ˈvɜːrtʃuː/	Honesty is an important virtue.	정직은 중요한 덕목이다.	The virtue of this plan is its simplicity.	이 계획의 장점은 단순함이다.	도덕/장점
favour	noun	호의, 편	/ˈfeɪvər/	Can I ask you a favour?	부탁 하나 해도 될까?	The decision was in favour of the workers.	그 결정은 노동자들에게 유리했다.	영국식 spelling
in favour of	phrase	~에 찬성하여, ~에 유리하게	/ɪn ˈfeɪvər əv/	Most members voted in favour of the proposal.	대부분의 회원은 그 제안에 찬성표를 던졌다.	The law works in favour of large companies.	그 법은 대기업에 유리하게 작용한다.	찬성/유리
contradiction	noun	모순, 반박	/ˌkɑːntrəˈdɪkʃn/	There is a contradiction in his story.	그의 이야기에는 모순이 있다.	Her statement was a direct contradiction of the report.	그녀의 진술은 그 보고서에 대한 직접적 반박이었다.	앞뒤 안 맞음
dispel	verb	떨쳐 내다, 없애다	/dɪˈspel/	The data dispelled our doubts.	그 자료는 우리의 의심을 없앴다.	The speech dispelled fears about the project.	그 연설은 프로젝트에 대한 두려움을 떨쳐 냈다.	감정·의심 제거
gel	verb	잘 어울리다, 굳어지다	/dʒel/	The team began to gel after training.	그 팀은 훈련 후 손발이 맞기 시작했다.	The plan has not gelled yet.	그 계획은 아직 구체화되지 않았다.	팀/생각
blend	verb	섞다, 혼합하다, 어울리다	/blend/	Blend the flour and butter.	밀가루와 버터를 섞어라.	The building blends with the landscape.	그 건물은 풍경과 잘 어울린다.	mix
consortium	noun	컨소시엄, 협력단	/kənˈsɔːrtiəm/	A consortium of companies built the bridge.	기업 컨소시엄이 그 다리를 지었다.	The project was led by an international consortium.	그 프로젝트는 국제 컨소시엄이 이끌었다.	공동 사업체
degrade	verb	저하시키다, 분해되다	/dɪˈɡreɪd/	Pollution can degrade water quality.	오염은 수질을 저하시킬 수 있다.	Plastic slowly degrades in sunlight.	플라스틱은 햇빛에서 천천히 분해된다.	품질 저하
flourish	verb	번창하다, 잘 자라다	/ˈflɜːrɪʃ/	Small businesses flourished in the area.	그 지역에서 소기업들이 번창했다.	Plants flourish in warm weather.	식물은 따뜻한 날씨에 잘 자란다.	성장·번영
lucrative	adjective	수익성이 좋은	/ˈluːkrətɪv/	She found a lucrative job.	그녀는 수익성이 좋은 일자리를 찾았다.	The market is lucrative for investors.	그 시장은 투자자들에게 수익성이 좋다.	돈이 되는
pond	noun	연못	/pɑːnd/	Ducks swam in the pond.	오리들이 연못에서 헤엄쳤다.	Algae covered the pond.	조류가 연못을 덮었다.	작은 물
forum	noun	토론회, 장	/ˈfɔːrəm/	The city held a public forum.	시는 공개 토론회를 열었다.	The website is a forum for discussion.	그 웹사이트는 토론의 장이다.	의견 교환 장소
radiative	adjective	방사하는, 방사성의	/ˈreɪdieɪtɪv/	Radiative heat transfer occurs in space.	방사 열전달은 우주에서 일어난다.	The model measures radiative effects.	그 모델은 방사 효과를 측정한다.	과학 용어
proponent	noun	지지자	/prəˈpoʊnənt/	She is a proponent of clean energy.	그녀는 청정에너지 지지자이다.	Proponents argued that the law was necessary.	지지자들은 그 법이 필요하다고 주장했다.	advocate
negate	verb	부인하다, 무효화하다	/nɪˈɡeɪt/	The evidence negates his claim.	그 증거는 그의 주장을 부인한다.	One mistake can negate months of work.	실수 하나가 몇 달의 노력을 무효화할 수 있다.	효과 없게 만듦
sap	verb	약화시키다	/sæp/	The heat sapped our energy.	더위가 우리의 에너지를 약화시켰다.	The long illness sapped his strength.	오랜 병이 그의 힘을 빼앗았다.	힘을 빼다
stack	noun	더미, 쌓인 것	/stæk/	There was a stack of books on the desk.	책상 위에 책 더미가 있었다.	She placed the papers in a neat stack.	그녀는 종이들을 깔끔한 더미로 놓았다.	쌓아 놓은 것
pluck	verb	뽑아내다, 잡아 뜯다	/plʌk/	She plucked a flower from the garden.	그녀는 정원에서 꽃을 뽑았다.	He plucked the guitar strings.	그는 기타 줄을 뜯었다.	잡아 뽑다
radical	adjective	근본적인, 급진적인	/ˈrædɪkl/	The system needs radical change.	그 시스템은 근본적인 변화가 필요하다.	Radical groups opposed the government.	급진 단체들은 정부에 반대했다.	이미 나온 단어지만 다른 쪽 의미
reconfigure	verb	재구성하다	/ˌriːkənˈfɪɡjər/	The engineer reconfigured the network.	엔지니어는 네트워크를 재구성했다.	The room was reconfigured for the event.	그 방은 행사를 위해 재배치되었다.	구성 변경
laminar	adjective	층류의, 얇은 판 모양의	/ˈlæmɪnər/	Laminar flow is smooth and steady.	층류는 부드럽고 안정적이다.	The design improves laminar airflow.	그 설계는 층류 공기 흐름을 개선한다.	공학/유체
conceivable	adjective	상상할 수 있는, 가능한	/kənˈsiːvəbl/	It is conceivable that prices will rise.	가격이 오를 가능성이 있다.	We considered every conceivable option.	우리는 상상 가능한 모든 선택지를 고려했다.	possible
overwhelm	verb	압도하다, 제압하다	/ˌoʊvərˈwelm/	The workload overwhelmed her.	업무량이 그녀를 압도했다.	The army overwhelmed the enemy.	군대는 적을 제압했다.	감정/힘
semi-rigid	adjective	반강체의	/ˌsemi ˈrɪdʒɪd/	The case is made of semi-rigid plastic.	그 케이스는 반강체 플라스틱으로 만들어졌다.	Semi-rigid materials can bend slightly.	반강체 재료는 약간 휘어질 수 있다.	완전히 딱딱하지 않음
compartment	noun	칸, 객실, 구획	/kəmˈpɑːrtmənt/	Put your bag in the overhead compartment.	가방을 머리 위 짐칸에 넣어라.	The train compartment was quiet.	기차 객실은 조용했다.	분리된 공간
aloft	adverb	높이, 공중에	/əˈlɔːft/	The balloon floated aloft.	풍선이 공중 높이 떠 있었다.	The flag was held aloft.	깃발이 높이 들려 있었다.	위로
defunct	adjective	기능을 하지 않는, 없어진	/dɪˈfʌŋkt/	The company is now defunct.	그 회사는 이제 없어진 상태이다.	The defunct machine was removed.	작동하지 않는 기계가 제거되었다.	폐지된
revival	noun	회복, 부활	/rɪˈvaɪvl/	The town experienced an economic revival.	그 도시는 경제 회복을 경험했다.	There was a revival of interest in jazz.	재즈에 대한 관심이 다시 살아났다.	다시 살아남
prototype	noun	원형, 시제품	/ˈproʊtətaɪp/	The team built a prototype.	그 팀은 시제품을 만들었다.	This car is a prototype for a new model.	이 차는 새 모델의 원형이다.	초기 모델
underway	adjective	진행 중인, 움직이고 있는	/ˌʌndərˈweɪ/	The investigation is underway.	조사가 진행 중이다.	Preparations are already underway.	준비가 이미 진행 중이다.	in progress
sightseeing	noun	관광	/ˈsaɪtsiːɪŋ/	We went sightseeing in Seoul.	우리는 서울에서 관광을 했다.	Sightseeing buses leave every hour.	관광버스는 매시간 출발한다.	관광 활동
downside	noun	불리한 면, 단점	/ˈdaʊnsaɪd/	The downside is the high cost.	단점은 높은 비용이다.	Every plan has a downside.	모든 계획에는 불리한 면이 있다.	반대: upside
overshadow	verb	그늘지게 하다, 빛을 잃게 만들다	/ˌoʊvərˈʃædoʊ/	The scandal overshadowed the event.	그 스캔들이 행사를 빛바래게 했다.	His success overshadowed his earlier failures.	그의 성공은 이전 실패들을 가렸다.	더 중요해 보이게 함
headwind	noun	맞바람, 역풍	/ˈhedwɪnd/	The plane flew into a strong headwind.	비행기는 강한 맞바람 속으로 날았다.	The economy faces serious headwinds.	경제는 심각한 역풍에 직면해 있다.	비유로 어려움
likeliest	adjective	가장 가능성이 높은	/ˈlaɪkliəst/	This is the likeliest outcome.	이것이 가장 가능성 높은 결과이다.	She is the likeliest candidate.	그녀가 가장 유력한 후보이다.	likely 최상급
short-haul	adjective	단거리의	/ˌʃɔːrt ˈhɔːl/	Short-haul flights are often cheaper.	단거리 항공편은 종종 더 저렴하다.	The airline focuses on short-haul routes.	그 항공사는 단거리 노선에 집중한다.	항공/운송
advocate	noun	옹호자, 지지자	/ˈædvəkət/	She is an advocate for renewable energy.	그녀는 재생에너지 옹호자이다.	He became an advocate for workers' rights.	그는 노동자 권리 지지자가 되었다.	지지하는 사람
advocate	verb	옹호하다, 지지하다	/ˈædvəkeɪt/	They advocate lower taxes.	그들은 감세를 지지한다.	The group advocates environmental protection.	그 단체는 환경 보호를 옹호한다.	주장하다
photovoltaic	adjective	광전지의	/ˌfoʊtoʊvɑːlˈteɪɪk/	Photovoltaic panels generate electricity.	광전지 패널은 전기를 생산한다.	The company installed photovoltaic cells.	회사는 광전지를 설치했다.	태양광 관련
mounted	adjective	고정된, 장착된	/ˈmaʊntɪd/	The camera was mounted on the wall.	카메라는 벽에 고정되어 있었다.	A roof-mounted panel saved space.	지붕 장착 패널은 공간을 절약했다.	붙어 있는
unveil	verb	발표하다, 공개하다	/ˌʌnˈveɪl/	The company unveiled a new product.	그 회사는 새 제품을 공개했다.	The mayor unveiled the plan.	시장은 그 계획을 발표했다.	처음 공개
surge	verb	급증하다, 밀려들다	/sɜːrdʒ/	Sales surged last month.	지난달 매출이 급증했다.	Water surged through the streets.	물이 거리로 밀려들었다.	갑작스러운 증가
relay	verb	전달하다, 중계하다	/ˈriːleɪ/	Please relay the message to him.	그에게 그 메시지를 전달해 주세요.	The station relayed the broadcast.	그 방송국은 방송을 중계했다.	정보 전달
auxiliary	adjective	보조의, 예비의	/ɔːɡˈzɪliəri/	The boat has an auxiliary engine.	그 배에는 보조 엔진이 있다.	Auxiliary staff helped during the event.	보조 직원들이 행사 동안 도왔다.	보조적인
exemplar	noun	모범, 전형	/ɪɡˈzemplɑːr/	The school is an exemplar of good design.	그 학교는 좋은 설계의 모범이다.	She is an exemplar of professionalism.	그녀는 전문성의 모범이다.	좋은 예시
provocation	noun	도발, 자극	/ˌprɑːvəˈkeɪʃn/	The attack was a clear provocation.	그 공격은 명백한 도발이었다.	He reacted angrily to the provocation.	그는 그 자극에 화를 내며 반응했다.	화를 유발함
two-seater	noun	2인승 차량	/ˌtuː ˈsiːtər/	The car is a small two-seater.	그 차는 작은 2인승 차량이다.	They rented a two-seater for the weekend.	그들은 주말에 2인승 차를 빌렸다.	좌석 2개
stealthy	adjective	은밀한, 몰래 하는	/ˈstelθi/	The cat made a stealthy movement.	고양이는 은밀하게 움직였다.	The company took a stealthy approach.	그 회사는 은밀한 접근법을 취했다.	조용히 숨김
surveillance	noun	감시	/sərˈveɪləns/	The area is under surveillance.	그 지역은 감시 중이다.	Surveillance cameras recorded the incident.	감시 카메라가 그 사건을 녹화했다.	감시 활동
transatlantic	adjective	대서양 횡단의, 대서양 양안의	/ˌtrænzətˈlæntɪk/	They took a transatlantic flight.	그들은 대서양 횡단 비행을 했다.	Transatlantic relations improved.	대서양 양안 관계가 개선되었다.	미국-유럽 관련
post-	prefix	~후의	/poʊst/	The country entered the post-war period.	그 나라는 전후 시기에 들어갔다.	Post-election talks began immediately.	선거 후 협상이 즉시 시작되었다.	after
departure	noun	떠남, 출발	/dɪˈpɑːrtʃər/	Our departure was delayed.	우리의 출발이 지연되었다.	His resignation marked a departure from tradition.	그의 사임은 전통에서 벗어난 일이었다.	출발/이탈
fuel economy	noun phrase	연비	/ˈfjuːəl ɪˈkɑːnəmi/	This car has good fuel economy.	이 차는 연비가 좋다.	Drivers care about fuel economy.	운전자들은 연비를 중요하게 생각한다.	연료 효율
low-hanging fruit	idiom	가장 쉬운 일, 쉽게 달성 가능한 목표	/ˌloʊ hæŋɪŋ ˈfruːt/	The team started with the low-hanging fruit.	그 팀은 가장 쉬운 일부터 시작했다.	Reducing waste is low-hanging fruit.	낭비를 줄이는 것은 쉽게 달성 가능한 목표이다.	쉬운 성과
propound	verb	제시하다, 제안하다	/prəˈpaʊnd/	The scientist propounded a new theory.	그 과학자는 새 이론을 제시했다.	He propounded several questions.	그는 여러 질문을 제기했다.	formally suggest
devotee	noun	열성적인 애호가, 헌신적인 추종자	/ˌdevəˈtiː/	She is a devotee of classical music.	그녀는 클래식 음악 애호가이다.	Devotees waited outside the theater.	열성 팬들이 극장 밖에서 기다렸다.	열렬한 팬
demonstrator	noun	시위자, 시위 참가자	/ˈdemənstreɪtər/	Demonstrators filled the street.	시위자들이 거리를 가득 채웠다.	The police arrested several demonstrators.	경찰은 몇몇 시위자를 체포했다.	protester
niche	noun	틈새, 알맞은 자리	/niːʃ/	The company found a niche market.	그 회사는 틈새시장을 찾았다.	She found her niche in design.	그녀는 디자인 분야에서 자신에게 맞는 자리를 찾았다.	특정 분야
spacious	adjective	넓직한	/ˈspeɪʃəs/	The apartment is spacious.	그 아파트는 넓직하다.	We booked a spacious room.	우리는 넓은 방을 예약했다.	공간이 넓은
leisure	noun	여가	/ˈliːʒər/	She enjoys reading in her leisure time.	그녀는 여가 시간에 독서를 즐긴다.	The hotel offers many leisure facilities.	그 호텔은 많은 여가 시설을 제공한다.	자유 시간
confound	verb	어리둥절하게 만들다, 혼동시키다	/kənˈfaʊnd/	The question confounded the students.	그 질문은 학생들을 당황하게 했다.	The result confounded experts.	그 결과는 전문가들을 어리둥절하게 했다.	confuse
skeptic	noun	회의론자	/ˈskeptɪk/	He is a skeptic about the plan.	그는 그 계획에 대해 회의적인 사람이다.	Even skeptics admitted the result was impressive.	회의론자들조차 그 결과가 인상적이라고 인정했다.	의심하는 사람
claim	verb	주장하다, 요구하다	/kleɪm/	She claimed that she was innocent.	그녀는 자신이 결백하다고 주장했다.	Workers claimed higher wages.	노동자들은 더 높은 임금을 요구했다.	주장/요구
ecosystem	noun	생태계	/ˈiːkoʊsɪstəm/	The forest ecosystem is fragile.	숲 생태계는 취약하다.	Startups need a healthy business ecosystem.	스타트업은 건강한 비즈니스 생태계가 필요하다.	자연/산업 환경
woe	noun	고난, 문제	/woʊ/	The company faces financial woes.	그 회사는 재정적 어려움에 직면해 있다.	Her story was full of woe.	그녀의 이야기는 고난으로 가득했다.	문제·슬픔
ecology	noun	생태학, 생태	/iˈkɑːlədʒi/	He studies ecology.	그는 생태학을 공부한다.	The project may harm the local ecology.	그 프로젝트는 지역 생태를 해칠 수 있다.	환경 학문
sustainability	noun	지속 가능성	/səˌsteɪnəˈbɪləti/	Sustainability is central to the project.	지속 가능성은 그 프로젝트의 핵심이다.	The company published a sustainability report.	회사는 지속 가능성 보고서를 발표했다.	환경/경영
commit	verb	약속하다, 전념하다, 저지르다	/kəˈmɪt/	The company committed to reducing waste.	회사는 폐기물 감축을 약속했다.	He committed a serious mistake.	그는 심각한 실수를 저질렀다.	commit to
running tap water	noun phrase	흐르는 수돗물	/ˈrʌnɪŋ tæp ˈwɔːtər/	Wash your hands under running tap water.	흐르는 수돗물에 손을 씻어라.	The test used running tap water.	그 실험은 흐르는 수돗물을 사용했다.	수돗물
composting	noun	퇴비화	/ˈkɑːmpoʊstɪŋ/	Composting reduces food waste.	퇴비화는 음식물 쓰레기를 줄인다.	The city started a composting program.	시는 퇴비화 프로그램을 시작했다.	유기물 분해
hierarchy	noun	계급, 체계	/ˈhaɪərɑːrki/	The company has a strict hierarchy.	그 회사는 엄격한 위계 체계를 가지고 있다.	Needs can be arranged in a hierarchy.	욕구는 계층 구조로 배열될 수 있다.	상하 구조
whether or not	phrase	~이든 아니든	/ˈweðər ɔːr nɑːt/	We will go whether or not it rains.	비가 오든 아니든 우리는 갈 것이다.	Tell me whether or not you agree.	동의하는지 아닌지 말해 줘.	상관없이
in place	phrase	제자리에 있는, 준비된	/ɪn pleɪs/	The rules are already in place.	규칙은 이미 마련되어 있다.	Keep the cover in place.	덮개를 제자리에 두어라.	준비/위치
erosion	noun	부식, 침식	/ɪˈroʊʒn/	Soil erosion is a serious problem.	토양 침식은 심각한 문제이다.	The policy led to an erosion of trust.	그 정책은 신뢰의 약화를 초래했다.	물리/비유
apart from this	phrase	이것과는 별개로	/əˈpɑːrt frəm ðɪs/	Apart from this, the plan is acceptable.	이것과는 별개로 그 계획은 받아들일 만하다.	Apart from this issue, everything is fine.	이 문제를 제외하면 모든 것이 괜찮다.	aside from
surplus	noun	과잉, 흑자	/ˈsɜːrpləs/	The country had a trade surplus.	그 나라는 무역 흑자를 냈다.	We donated the surplus food.	우리는 남는 음식을 기부했다.	남는 것
littering	noun	쓰레기 투기	/ˈlɪtərɪŋ/	Littering is illegal here.	이곳에서 쓰레기 투기는 불법이다.	The campaign aims to reduce littering.	그 캠페인은 쓰레기 투기를 줄이는 것을 목표로 한다.	공공장소 쓰레기
dustbin	noun	쓰레기통	/ˈdʌstbɪn/	Put the paper in the dustbin.	종이를 쓰레기통에 넣어라.	The dustbin was full.	쓰레기통이 가득 찼다.	영국식
join hands	phrase	힘을 합치다, 손을 잡다	/dʒɔɪn hændz/	The two groups joined hands to clean the beach.	두 단체는 해변을 청소하기 위해 힘을 합쳤다.	We must join hands against pollution.	우리는 오염에 맞서 힘을 합쳐야 한다.	협력하다
landfill	noun	쓰레기 매립지	/ˈlændfɪl/	The waste was sent to a landfill.	그 폐기물은 매립지로 보내졌다.	Landfills can produce methane.	매립지는 메탄을 발생시킬 수 있다.	쓰레기 처리장
rock-bottom	adjective	최저의, 바닥의	/ˌrɑːk ˈbɑːtəm/	Prices hit rock-bottom levels.	가격이 최저 수준에 도달했다.	Confidence was at rock bottom.	신뢰는 바닥이었다.	가장 낮은
confine	verb	국한시키다, 가두다	/kənˈfaɪn/	The report confines itself to local issues.	그 보고서는 지역 문제에만 국한된다.	The patient was confined to bed.	환자는 침대에 누워 있어야 했다.	제한/감금
encroach	verb	침범하다, 잠식하다	/ɪnˈkroʊtʃ/	Buildings encroached on farmland.	건물들이 농지를 잠식했다.	Work began to encroach on her free time.	일이 그녀의 자유 시간을 침범하기 시작했다.	조금씩 침범
poaching	noun	밀렵, 불법 채취	/ˈpoʊtʃɪŋ/	Poaching threatens wildlife.	밀렵은 야생동물을 위협한다.	The park fights against elephant poaching.	그 공원은 코끼리 밀렵에 맞서 싸운다.	불법 사냥
tale of woe	noun phrase	슬픈 이야기, 넋두리	/teɪl əv woʊ/	He told a tale of woe about his job.	그는 일에 관한 넋두리를 늘어놓았다.	The report is a tale of woe for investors.	그 보고서는 투자자들에게 우울한 이야기이다.	불행한 이야기
coral reef	noun phrase	산호초	/ˈkɔːrəl riːf/	Coral reefs support many species.	산호초는 많은 종을 지탱한다.	Climate change damages coral reefs.	기후 변화는 산호초를 손상시킨다.	해양 생태계
upset	verb	잘못되게 만들다, 속상하게 하다	/ʌpˈset/	The news upset her.	그 소식은 그녀를 속상하게 했다.	The storm upset our travel plans.	폭풍이 우리의 여행 계획을 망쳤다.	감정/계획
numb	adjective	감각이 없는, 멍한	/nʌm/	My fingers are numb from the cold.	추위 때문에 손가락 감각이 없다.	He felt numb after the shock.	그는 충격 후 멍했다.	신체/감정
on the face of it	phrase	겉으로 보기에는	/ɑːn ðə feɪs əv ɪt/	On the face of it, the plan seems simple.	겉으로 보기에는 그 계획이 단순해 보인다.	On the face of it, the claim is reasonable.	표면적으로는 그 주장이 합리적이다.	표면상
stagger	verb	비틀거리다, 충격을 주다, 시간차를 두다	/ˈstæɡər/	He staggered across the room.	그는 방을 가로질러 비틀거리며 갔다.	The news staggered everyone.	그 소식은 모두에게 큰 충격을 주었다.	흔들리다/놀라게 하다
livestock	noun	가축	/ˈlaɪvstɑːk/	The farm raises livestock.	그 농장은 가축을 기른다.	Drought affected livestock production.	가뭄은 가축 생산에 영향을 주었다.	집합명사
obliterate	verb	완전히 없애다	/əˈblɪtəreɪt/	The fire obliterated the village.	화재가 마을을 완전히 없앴다.	The new evidence obliterated his argument.	새 증거가 그의 주장을 완전히 무너뜨렸다.	흔적 없이 제거
swath	noun	한 번 베인 자리, 넓은 띠 모양 지역	/swɑːθ/	The storm destroyed a wide swath of forest.	폭풍은 숲의 넓은 지역을 파괴했다.	The policy affected a large swath of voters.	그 정책은 많은 유권자층에 영향을 주었다.	넓은 범위
hundredfold	adjective/adverb	100배의, 100배로	/ˈhʌndrədfoʊld/	The population increased hundredfold.	인구가 100배 증가했다.	The investment produced a hundredfold return.	그 투자는 100배 수익을 냈다.	100 times
majestic	adjective	장엄한, 위풍당당한	/məˈdʒestɪk/	The mountain looked majestic.	그 산은 장엄해 보였다.	The palace has a majestic entrance.	그 궁전에는 위풍당당한 입구가 있다.	웅장한
fascinate	verb	매혹하다, 마음을 사로잡다	/ˈfæsɪneɪt/	Space has always fascinated me.	우주는 항상 나를 매혹했다.	The story fascinated the children.	그 이야기는 아이들의 마음을 사로잡았다.	흥미를 끌다
dapple	verb	얼룩지게 하다	/ˈdæpl/	Sunlight dappled the floor.	햇빛이 바닥을 얼룩지게 했다.	The horse was dappled with gray spots.	그 말은 회색 반점으로 얼룩져 있었다.	무늬 만들다
aesthetic	adjective	심미적인, 미학적인	/esˈθetɪk/	The building has aesthetic value.	그 건물은 미적 가치가 있다.	She cares about aesthetic design.	그녀는 심미적 디자인을 중요하게 여긴다.	미적
obscure	adjective	잘 알려져 있지 않은, 불명확한	/əbˈskjʊr/	The rule is obscure.	그 규칙은 불명확하다.	He studies obscure historical texts.	그는 잘 알려지지 않은 역사 문헌을 연구한다.	희미한/난해한
luxury	noun	호화로움, 사치	/ˈlʌkʃəri/	The hotel offers luxury services.	그 호텔은 호화 서비스를 제공한다.	Time is a luxury for busy people.	바쁜 사람들에게 시간은 사치이다.	비싸고 고급
privilege	noun	특권, 특혜	/ˈprɪvəlɪdʒ/	Education is a right, not a privilege.	교육은 특권이 아니라 권리이다.	He had the privilege of meeting the president.	그는 대통령을 만나는 특권을 누렸다.	특별한 권리
villager	noun	마을 사람	/ˈvɪlɪdʒər/	Villagers gathered in the square.	마을 사람들이 광장에 모였다.	The villagers helped rebuild the bridge.	마을 사람들은 다리를 재건하는 데 도왔다.	시골 주민
rural	adjective	시골의, 지방의	/ˈrʊrəl/	She grew up in a rural area.	그녀는 시골 지역에서 자랐다.	Rural schools need more support.	시골 학교들은 더 많은 지원이 필요하다.	도시 반대
rainforest	noun	열대 우림	/ˈreɪnfɔːrɪst/	The rainforest is home to many species.	열대 우림은 많은 종의 서식지이다.	Rainforest destruction affects the climate.	열대 우림 파괴는 기후에 영향을 준다.	열대림
host	noun	주인, 주최자, 숙주	/hoʊst/	The host welcomed the guests.	주최자가 손님들을 맞이했다.	Mosquitoes can be hosts for disease.	모기는 질병의 숙주가 될 수 있다.	사람/생물
trek	noun	트레킹, 긴 여정	/trek/	The trek through the jungle was difficult.	정글을 통과하는 긴 여정은 힘들었다.	They went on a mountain trek.	그들은 산악 트레킹을 갔다.	힘든 이동
co-opt	verb	끌어들이다, 흡수하다	/koʊˈɑːpt/	The party co-opted local leaders.	그 정당은 지역 지도자들을 끌어들였다.	The company co-opted the idea for marketing.	회사는 그 아이디어를 마케팅에 활용했다.	자기 쪽으로 흡수
outline	verb	개요를 서술하다, 윤곽을 보여주다	/ˈaʊtlaɪn/	The report outlines the main problems.	그 보고서는 주요 문제들의 개요를 설명한다.	She outlined her plan briefly.	그녀는 자신의 계획을 간단히 설명했다.	요약해 말함
take for granted	phrase	당연한 일로 여기다	/teɪk fɔːr ˈɡræntɪd/	Do not take your health for granted.	건강을 당연하게 여기지 마라.	We often take clean water for granted.	우리는 깨끗한 물을 종종 당연하게 여긴다.	소중함을 잊음
subtle	adjective	미묘한, 감지하기 힘든, 교묘한	/ˈsʌtl/	There was a subtle difference between the two.	둘 사이에는 미묘한 차이가 있었다.	She gave a subtle hint.	그녀는 은근한 힌트를 주었다.	섬세한
synthesize	verb	합성하다, 종합하다	/ˈsɪnθəsaɪz/	The body synthesizes proteins.	몸은 단백질을 합성한다.	The essay synthesizes several ideas.	그 에세이는 여러 생각을 종합한다.	과학/글쓰기
appetizing	adjective	구미를 돋우는, 맛있어 보이는	/ˈæpɪtaɪzɪŋ/	The soup smelled appetizing.	수프는 맛있어 보이는 냄새가 났다.	The dish looked very appetizing.	그 요리는 매우 먹음직스러워 보였다.	식욕 유발
microorganism	noun	미생물	/ˌmaɪkroʊˈɔːrɡənɪzəm/	Microorganisms live everywhere.	미생물은 어디에나 산다.	Some microorganisms help digestion.	일부 미생물은 소화를 돕는다.	작은 생물
gut	noun	장, 소화관	/ɡʌt/	Healthy bacteria live in the gut.	건강한 박테리아는 장에 산다.	Stress can affect the gut.	스트레스는 장에 영향을 줄 수 있다.	소화기관
biosphere	noun	생물권	/ˈbaɪoʊsfɪr/	The biosphere includes all living things.	생물권은 모든 생물을 포함한다.	Human activity affects the biosphere.	인간 활동은 생물권에 영향을 준다.	지구 생명권
outweigh	verb	~보다 크다, 더 중요하다	/ˌaʊtˈweɪ/	The benefits outweigh the risks.	이점이 위험보다 더 크다.	The advantages clearly outweigh the disadvantages.	장점이 단점을 분명히 능가한다.	비교해서 더 큼
staggeringly	adverb	비틀거리며, 엄청나게	/ˈstæɡərɪŋli/	He walked staggeringly after the accident.	그는 사고 후 비틀거리며 걸었다.	The project was staggeringly expensive.	그 프로젝트는 엄청나게 비쌌다.	놀랄 만큼
wipe	verb	닦다, 지우다	/waɪp/	She wiped the table with a cloth.	그녀는 천으로 탁자를 닦았다.	The update wiped all my old files.	그 업데이트가 내 오래된 파일을 모두 지웠다.	wipe out은 없애다
valuation	noun	가치 평가, 평가액	/ˌvæljuˈeɪʃn/	The company received a high valuation.	그 회사는 높은 가치 평가를 받았다.	The valuation of the property increased.	그 부동산의 평가액이 올랐다.	금융·부동산에서 자주 사용
rig	verb	조작하다, 부정하게 꾸미다	/rɪɡ/	They tried to rig the election.	그들은 선거를 조작하려 했다.	The game was rigged from the start.	그 경기는 처음부터 조작되어 있었다.	부정한 수법으로
abuse	noun	남용, 오용, 학대	/əˈbjuːs/	Drug abuse is a serious problem.	약물 남용은 심각한 문제이다.	The report revealed abuse of power.	그 보고서는 권력 남용을 드러냈다.	명사는 /əˈbjuːs/
abuse	verb	남용하다, 학대하다	/əˈbjuːz/	He abused his authority.	그는 자신의 권한을 남용했다.	The animal had been abused.	그 동물은 학대받았었다.	동사는 /əˈbjuːz/
assistance	noun	도움, 원조, 지원	/əˈsɪstəns/	Thank you for your assistance.	도와주셔서 감사합니다.	The victims received financial assistance.	피해자들은 재정 지원을 받았다.	help보다 격식 있음
correspondence	noun	서신, 편지 왕래	/ˌkɔːrəˈspɑːndəns/	We exchanged correspondence for years.	우리는 여러 해 동안 서신을 주고받았다.	All official correspondence should be kept.	모든 공식 서신은 보관되어야 한다.	편지·이메일
correspondence	noun	관련성, 일치	/ˌkɔːrəˈspɑːndəns/	There is a close correspondence between the two reports.	두 보고서 사이에는 밀접한 관련성이 있다.	The data shows a correspondence between income and health.	그 자료는 소득과 건강 사이의 관련성을 보여준다.	A와 B 사이의 대응
conversational	adjective	일상 대화에서 쓰이는, 구어체의	/ˌkɑːnvərˈseɪʃənl/	The phrase is common in conversational English.	그 표현은 일상 영어에서 흔하다.	Her writing has a conversational tone.	그녀의 글은 구어체 느낌이 있다.	말하듯 자연스러운
elaborate	adjective	정교한, 공들인	/ɪˈlæbərət/	They prepared an elaborate plan.	그들은 정교한 계획을 준비했다.	The room had elaborate decorations.	그 방에는 공들인 장식이 있었다.	형용사 발음 주의
elaborate	verb	자세히 말하다, 상술하다	/ɪˈlæbəreɪt/	Could you elaborate on your idea?	당신의 생각을 자세히 설명해 주시겠어요?	She elaborated on the main point.	그녀는 핵심 내용을 자세히 설명했다.	elaborate on
elaborate	verb	정교하게 만들다, 발전시키다	/ɪˈlæbəreɪt/	The theory was elaborated over many years.	그 이론은 여러 해에 걸쳐 정교하게 발전되었다.	He elaborated the design with more details.	그는 더 많은 세부 사항으로 설계를 정교하게 만들었다.	계획·사상·이론
grateful	adjective	고마워하는, 감사하는	/ˈɡreɪtfl/	I am grateful for your help.	도와주셔서 감사합니다.	She was grateful to her teacher.	그녀는 선생님께 감사했다.	grateful for/to
indirect	adjective	간접적인, 우회하는	/ˌɪndəˈrekt/	He gave an indirect answer.	그는 간접적인 답을 했다.	We took an indirect route to avoid traffic.	우리는 교통 체증을 피하려고 우회로를 택했다.	direct의 반대
old-fashioned	adjective	옛날식의, 구식의	/ˌoʊld ˈfæʃnd/	My grandfather uses an old-fashioned phone.	할아버지는 구식 전화를 사용하신다.	That idea sounds old-fashioned now.	그 생각은 이제 구식처럼 들린다.	낡은 방식
confirmation	noun	확인, 확증	/ˌkɑːnfərˈmeɪʃn/	We need confirmation of your reservation.	당신의 예약 확인이 필요합니다.	The email served as confirmation.	그 이메일은 확인서 역할을 했다.	confirm의 명사
scenario	noun	시나리오, 가능한 상황	/səˈnæriəʊ/	The worst-case scenario is a total shutdown.	최악의 시나리오는 완전한 중단이다.	We discussed several possible scenarios.	우리는 몇 가지 가능한 상황을 논의했다.	미래 가능 상황
scenario	noun	각본, 시나리오	/səˈnæriəʊ/	The director changed the movie scenario.	감독은 영화 시나리오를 바꾸었다.	She wrote a scenario for a short film.	그녀는 단편 영화 각본을 썼다.	영화·연극
hold a meeting	phrase	회의를 열다	/hoʊld ə ˈmiːtɪŋ/	We will hold a meeting tomorrow.	우리는 내일 회의를 열 것이다.	The committee held a meeting to discuss the issue.	위원회는 그 문제를 논의하기 위해 회의를 열었다.	hold = 개최하다
border	noun	국경, 경계	/ˈbɔːrdər/	They crossed the border at night.	그들은 밤에 국경을 넘었다.	The river forms the border between the two countries.	그 강은 두 나라 사이의 경계를 이룬다.	border between A and B 형태로 자주 사용
long-promised	adjective	오랫동안 약속되어 온	/ˌlɔːŋ ˈprɑːmɪst/	The government announced the long-promised reform.	정부가 오랫동안 약속해 온 개혁을 발표했다.	The long-promised bridge finally opened.	오랫동안 약속됐던 다리가 마침내 개통됐다.	명사 앞에서 주로 사용
halt	verb	멈추다, 중단시키다	/hɔːlt/	The police halted the traffic.	경찰이 교통을 통제해 멈추게 했다.	Construction was halted because of the storm.	폭풍 때문에 공사가 중단됐다.	stop보다 공식적인 표현
humanitarian	adjective	인도주의적인	/hjuːˌmænɪˈteriən/	The country sent humanitarian aid.	그 나라는 인도적 지원을 보냈다.	They faced a humanitarian crisis.	그들은 인도주의적 위기에 직면했다.	humanitarian aid와 자주 사용
security	noun	안보, 보안, 안전	/sɪˈkjʊrəti/	National security is a major concern.	국가 안보는 중요한 문제이다.	Please check the building's security.	건물의 보안 상태를 확인해 주세요.	문맥에 따라 안보·보안·안전을 의미
TV address	noun	TV 연설, 텔레비전 담화	/ˌtiː ˈviː əˈdres/	The president gave a TV address.	대통령이 TV 연설을 했다.	Millions watched the TV address.	수백만 명이 그 TV 담화를 시청했다.	address는 여기서 연설이라는 뜻
bypass	verb	우회하다, 건너뛰다	/ˈbaɪpæs/	We bypassed the city center.	우리는 도심을 우회했다.	The new rule bypasses the usual procedure.	새 규정은 일반적인 절차를 건너뛴다.	도로뿐 아니라 절차를 건너뛸 때도 사용
televise	verb	텔레비전으로 방송하다	/ˈtelɪvaɪz/	The match will be televised live.	그 경기는 TV로 생중계될 것이다.	The ceremony was televised nationwide.	그 행사는 전국에 방송됐다.	보통 수동태로 많이 사용
rebuttal	noun	반박, 반론	/rɪˈbʌtl/	She issued a strong rebuttal.	그녀는 강력한 반박을 내놓았다.	His article was a rebuttal of the claim.	그의 글은 그 주장에 대한 반론이었다.	rebut은 동사
accuse	verb	고발하다, 비난하다	/əˈkjuːz/	They accused him of lying.	그들은 그가 거짓말했다고 비난했다.	She was accused of theft.	그녀는 절도 혐의로 고발됐다.	accuse A of B
hostage	noun	인질	/ˈhɑːstɪdʒ/	The attackers took several people hostage.	공격자들은 여러 사람을 인질로 잡았다.	The hostage was released safely.	인질은 무사히 석방됐다.	take someone hostage가 대표 표현
edge	noun	가장자리, 우위	/edʒ/	He stood at the edge of the cliff.	그는 절벽 가장자리에 서 있었다.	Our team has a slight edge.	우리 팀이 약간 우세하다.	물리적 가장자리와 경쟁상의 우위 모두 표현
amid	preposition	~가운데에, ~속에서	/əˈmɪd/	The decision came amid growing criticism.	그 결정은 비판이 커지는 가운데 나왔다.	He remained calm amid the chaos.	그는 혼란 속에서도 침착함을 유지했다.	뉴스와 공식 문장에서 자주 사용
shutdown	noun	폐쇄, 가동 중단	/ˈʃʌtdaʊn/	The factory shutdown lasted a week.	공장 가동 중단은 일주일간 지속됐다.	The government avoided a shutdown.	정부는 업무 정지를 피했다.	shut down은 동사
gain an edge	phrase	우위를 점하다	/ɡeɪn ən edʒ/	The company gained an edge over its rivals.	그 회사는 경쟁사보다 우위를 점했다.	Training can help you gain an edge.	훈련은 우위를 확보하는 데 도움을 줄 수 있다.	gain an edge over 상대
campaign pledge	noun	선거 공약	/kæmˈpeɪn pledʒ/	The president kept his campaign pledge.	대통령은 선거 공약을 지켰다.	The proposal was a major campaign pledge.	그 제안은 주요 선거 공약이었다.	사진의 signature campaign pledge를 자연스럽게 정리
adamantly	adverb	단호하게, 완강하게	/ˈædəməntli/	She adamantly denied the allegation.	그녀는 그 의혹을 단호하게 부인했다.	He was adamantly opposed to the plan.	그는 그 계획에 완강히 반대했다.	adamantly deny 또는 oppose와 자주 사용
ongoing	adjective	계속 진행 중인	/ˈɑːnɡoʊɪŋ/	The investigation is ongoing.	조사가 진행 중이다.	They discussed the ongoing conflict.	그들은 계속되고 있는 분쟁을 논의했다.	명사 앞 또는 be ongoing 형태
carried live	phrase	생중계된	/ˌkærid ˈlaɪv/	The speech was carried live on television.	그 연설은 TV로 생중계됐다.	The event will be carried live online.	그 행사는 온라인으로 생중계될 것이다.	carry는 방송하다라는 뜻
ratify	verb	비준하다, 공식 승인하다	/ˈrætɪfaɪ/	The Senate ratified the treaty.	상원이 그 조약을 비준했다.	The agreement must be ratified by parliament.	그 협정은 의회의 비준을 받아야 한다.	조약이나 협정을 공식 승인할 때 사용
revamp	verb	개편하다, 개선하다	/ˌriːˈvæmp/	The company revamped its website.	회사는 웹사이트를 개편했다.	They plan to revamp the education system.	그들은 교육 제도를 개편할 계획이다.	기존 것을 크게 개선한다는 의미
dispute	noun	분쟁, 논쟁	/dɪˈspjuːt/	The two countries are involved in a border dispute.	두 나라는 국경 분쟁에 연루돼 있다.	The issue remains under dispute.	그 문제는 여전히 논쟁 중이다.	동사로는 이의를 제기하다
cite	verb	인용하다, 예로 들다	/saɪt/	The report cites several studies.	그 보고서는 여러 연구를 인용한다.	She cited cost as the main reason.	그녀는 비용을 주된 이유로 들었다.	cite A as B 형태가 자주 사용
savagely	adverb	잔인하게, 사납게	/ˈsævɪdʒli/	He was savagely attacked.	그는 잔인하게 공격당했다.	The dog barked savagely.	그 개는 사납게 짖었다.	savage의 부사형
in cold blood	phrase	냉혹하게, 계획적으로	/ɪn ˌkoʊld ˈblʌd/	The victim was killed in cold blood.	피해자는 냉혹하게 살해됐다.	He could not believe anyone would act in cold blood.	그는 누군가 냉혹하게 행동하리라고 믿을 수 없었다.	주로 범죄 관련 문맥에서 사용
undocumented person	noun	미등록 체류자, 서류 미비자	/ʌnˈdɑːkjəmentɪd ˈpɜːrsn/	The policy affects undocumented people.	그 정책은 미등록 체류자들에게 영향을 준다.	She provides legal help to undocumented persons.	그녀는 서류 미비자들에게 법률 지원을 제공한다.	undocumented immigrant보다 중립적인 표현
shed	verb	흘리다, 벗다, 없애다	/ʃed/	She shed tears of joy.	그녀는 기쁨의 눈물을 흘렸다.	The tree sheds its leaves in autumn.	그 나무는 가을에 잎을 떨어뜨린다.	과거형과 과거분사도 shed
Capitol Hill	noun	미국 의회, 미국 의사당 일대	/ˌkæpɪtl ˈhɪl/	The proposal faces opposition on Capitol Hill.	그 제안은 미국 의회에서 반대에 직면했다.	She worked on Capitol Hill for ten years.	그녀는 미국 의회에서 10년간 일했다.	Capital Hill이 아니라 Capitol Hill
fellow	noun	동료, 남자, 연구원	/ˈfeloʊ/	He spoke with his fellow workers.	그는 동료 노동자들과 이야기했다.	She is a research fellow at the university.	그녀는 그 대학의 연구원이다.	fellow가 형용사처럼 명사 앞에도 사용됨
resolve	verb	해결하다, 결심하다	/rɪˈzɑːlv/	We must resolve the conflict peacefully.	우리는 갈등을 평화롭게 해결해야 한다.	She resolved to study harder.	그녀는 더 열심히 공부하기로 결심했다.	resolve a problem 또는 resolve to do
Senate	noun	상원	/ˈsenət/	The bill passed the Senate.	그 법안은 상원을 통과했다.	She was elected to the Senate.	그녀는 상원의원으로 선출됐다.	미국 등 양원제 국가의 상원
tantrum	noun	짜증을 내며 떼씀, 분통	/ˈtæntrəm/	The child threw a tantrum.	그 아이는 떼를 썼다.	He had a tantrum when the plan changed.	그는 계획이 바뀌자 짜증을 내며 화를 냈다.	throw a tantrum이 대표 표현
temper	noun	성질, 화	/ˈtempər/	He has a bad temper.	그는 성질이 나쁘다.	She struggled to control her temper.	그녀는 화를 참으려고 애썼다.	lose one's temper는 화를 내다
port	noun	항구	/pɔːrt/	The ship arrived at the port.	그 배는 항구에 도착했다.	The city is an important trading port.	그 도시는 중요한 무역항이다.	컴퓨터에서는 포트라는 뜻도 있음
poll	noun	여론조사, 투표	/poʊl/	The latest poll shows strong support.	최근 여론조사는 높은 지지를 보여 준다.	Voters went to the polls on Sunday.	유권자들은 일요일에 투표했다.	go to the polls는 투표하러 가다
confrontation	noun	대치, 대립	/ˌkɑːnfrənˈteɪʃn/	The dispute led to a violent confrontation.	그 분쟁은 폭력적인 충돌로 이어졌다.	They tried to avoid a confrontation.	그들은 대립을 피하려 했다.	confront는 맞서다
debunk	verb	틀렸음을 밝히다, 허구임을 폭로하다	/diːˈbʌŋk/	The scientist debunked the myth.	그 과학자는 그 잘못된 통념을 반박했다.	The article debunks several false claims.	그 기사는 여러 거짓 주장이 틀렸음을 밝힌다.	myth나 claim과 자주 사용
quiver	verb	떨다, 전율하다	/ˈkwɪvər/	Her voice quivered with fear.	그녀의 목소리가 두려움으로 떨렸다.	The leaves quivered in the wind.	나뭇잎이 바람에 흔들렸다.	작고 빠르게 떠는 모습
keep in the fold	phrase	집단 안에 계속 남게 하다	/kiːp ɪn ðə foʊld/	The party tried to keep young voters in the fold.	그 정당은 젊은 유권자들이 계속 지지하도록 노력했다.	Good benefits help keep employees in the fold.	좋은 복지는 직원들이 조직에 남게 한다.	fold는 같은 집단이나 공동체
exaggerate	verb	과장하다	/ɪɡˈzædʒəreɪt/	Do not exaggerate the problem.	그 문제를 과장하지 마라.	He exaggerated his role in the project.	그는 프로젝트에서 자신의 역할을 과장했다.	exaggeration은 명사
handful	noun	한 줌, 소수	/ˈhændfʊl/	Only a handful of people attended.	소수의 사람들만 참석했다.	She picked up a handful of sand.	그녀는 모래 한 줌을 집었다.	a handful of + 복수명사
apprehension	noun	걱정, 불안	/ˌæprɪˈhenʃn/	She felt apprehension about the interview.	그녀는 면접에 대해 불안감을 느꼈다.	The announcement caused widespread apprehension.	그 발표는 광범위한 우려를 불러일으켰다.	apprehensive는 불안해하는
taxpayer	noun	납세자	/ˈtækˌspeɪər/	The project was funded by taxpayers.	그 사업은 납세자들의 세금으로 지원됐다.	Taxpayers demanded greater transparency.	납세자들은 더 큰 투명성을 요구했다.	taxpayer money라는 표현이 자주 사용됨
declaration	noun	선언, 신고서	/ˌdekləˈreɪʃn/	The country issued a declaration of independence.	그 나라는 독립 선언을 발표했다.	Please complete the customs declaration.	세관 신고서를 작성해 주세요.	declare의 명사형
impasse	noun	교착 상태	/ˈɪmpæs/	The negotiations reached an impasse.	협상이 교착 상태에 빠졌다.	Both sides are trying to break the impasse.	양측은 교착 상태를 타개하려 하고 있다.	reach 또는 break an impasse
escalation	noun	단계적 확대, 악화	/ˌeskəˈleɪʃn/	The incident led to an escalation of tensions.	그 사건은 긴장을 더욱 고조시켰다.	Both sides want to avoid further escalation.	양측은 추가적인 사태 악화를 피하고 싶어 한다.	escalate는 확대되다
standoff	noun	대치 상태	/ˈstændɔːf/	The police standoff lasted six hours.	경찰과의 대치 상황은 6시간 동안 지속됐다.	The dispute ended in a standoff.	그 분쟁은 대치 상태로 끝났다.	어느 쪽도 물러서지 않는 상태
presidency	noun	대통령직, 대통령 재임 기간	/ˈprezɪdənsi/	The economy improved during his presidency.	그의 대통령 재임 기간에 경제가 개선됐다.	She announced her bid for the presidency.	그녀는 대통령직 도전을 선언했다.	president와 구분
usurp	verb	권력이나 지위를 빼앗다	/juːˈsɜːrp/	He was accused of trying to usurp power.	그는 권력을 빼앗으려 했다는 비난을 받았다.	The general usurped the throne.	그 장군은 왕위를 찬탈했다.	권한이나 지위를 부당하게 차지할 때 사용
constitutional	adjective	헌법의, 합헌적인	/ˌkɑːnstɪˈtuːʃənl/	The court considered the law constitutional.	법원은 그 법이 합헌이라고 판단했다.	Citizens have a constitutional right to vote.	시민들은 헌법상 투표할 권리가 있다.	constitution의 형용사형
pulse	noun	맥박, 박동	/pʌls/	The nurse checked his pulse.	간호사가 그의 맥박을 확인했다.	The city has a lively cultural pulse.	그 도시는 활기찬 문화적 역동성을 지니고 있다.	비유적으로 활력이라는 뜻도 있음
be bogged down	phrase	수렁에 빠지다, 진척이 막히다	/biː ˌbɑːɡd ˈdaʊn/	The project was bogged down by delays.	그 프로젝트는 지연 때문에 진척이 막혔다.	Do not get bogged down in details.	세부 사항에 지나치게 얽매이지 마라.	be bogged down by 또는 in
quagmire	noun	수렁, 곤경	/ˈkwæɡmaɪər/	The country became trapped in a political quagmire.	그 나라는 정치적 수렁에 빠졌다.	The lawsuit created a legal quagmire.	그 소송은 복잡한 법적 곤경을 만들었다.	복잡해서 빠져나오기 어려운 상황
legal challenge	noun	법적 이의 제기, 법적 소송	/ˈliːɡl ˈtʃælɪndʒ/	The law faces a legal challenge.	그 법은 법적 이의 제기에 직면했다.	The company filed a legal challenge.	그 회사는 법적 소송을 제기했다.	법률이나 결정에 이의를 제기할 때 사용
speculate	verb	추측하다, 투기하다	/ˈspekjəleɪt/	Experts speculate that prices will rise.	전문가들은 가격이 오를 것이라고 추측한다.	He speculated in property.	그는 부동산에 투기했다.	speculate that 또는 speculate about
resort	verb	의지하다, 최후 수단으로 사용하다	/rɪˈzɔːrt/	They resorted to violence.	그들은 폭력에 의존했다.	We should not resort to threats.	우리는 위협이라는 수단에 의존해서는 안 된다.	resort to + 명사
last-ditch	adjective	최후의, 마지막 수단의	/ˌlæst ˈdɪtʃ/	They made a last-ditch effort to win.	그들은 이기기 위해 마지막 노력을 기울였다.	The talks were a last-ditch attempt at peace.	그 회담은 평화를 위한 최후의 시도였다.	last-ditch effort 또는 attempt
tactic	noun	전술, 전략적 수단	/ˈtæktɪk/	The team changed its defensive tactics.	그 팀은 수비 전술을 바꿨다.	Delay was used as a negotiating tactic.	지연은 협상 전략으로 사용됐다.	strategy보다 구체적인 행동 수단
fireplace	noun	벽난로	/ˈfaɪərpleɪs/	They sat beside the fireplace.	그들은 벽난로 옆에 앉았다.	Smoke came out of the fireplace.	벽난로에서 연기가 나왔다.	한 단어로 fireplace
directory	noun	주소록, 안내 목록	/dəˈrektəri/	I found the number in the directory.	나는 주소록에서 그 번호를 찾았다.	The directory lists all employees.	그 안내 목록에는 모든 직원이 나와 있다.	컴퓨터에서는 디렉터리라는 뜻
aisle	noun	통로	/aɪl/	She walked down the aisle.	그녀는 통로를 따라 걸었다.	My seat is beside the aisle.	내 자리는 통로 옆이다.	s는 발음하지 않음
gear	noun	장비, 기어	/ɡɪr/	We packed our camping gear.	우리는 캠핑 장비를 챙겼다.	He changed into a lower gear.	그는 더 낮은 기어로 바꿨다.	집합적 의미라 보통 불가산명사
railing	noun	난간	/ˈreɪlɪŋ/	She held onto the railing.	그녀는 난간을 붙잡았다.	The balcony has a metal railing.	그 발코니에는 금속 난간이 있다.	rail과 구분
wire	verb	전송하다, 송금하다	/waɪər/	Please wire the money today.	오늘 돈을 송금해 주세요.	The reporter wired the story to the office.	기자는 기사를 사무실로 전송했다.	명사로는 철사·전선
pave	verb	포장하다, 길을 열다	/peɪv/	The road was paved last year.	그 도로는 작년에 포장됐다.	The discovery paved the way for new treatments.	그 발견은 새로운 치료법의 길을 열었다.	pave the way for가 중요 표현
check	noun	계산서, 수표, 확인	/tʃek/	Could we have the check, please?	계산서를 주시겠어요?	She wrote a check for fifty dollars.	그녀는 50달러짜리 수표를 썼다.	미국 영어에서 식당 계산서
streetcar	noun	노면전차	/ˈstriːtkɑːr/	We took a streetcar downtown.	우리는 노면전차를 타고 시내로 갔다.	The city restored its old streetcars.	그 도시는 오래된 노면전차를 복원했다.	영국 영어에서는 tram
traffic light	noun	신호등	/ˈtræfɪk laɪt/	Turn left at the traffic light.	신호등에서 좌회전하세요.	The traffic light turned red.	신호등이 빨간불로 바뀌었다.	traffic signal이라고도 함
rack	noun	선반, 받침대	/ræk/	Place the dishes on the rack.	접시를 선반 위에 놓아라.	He put his bicycle in the rack.	그는 자전거를 거치대에 세웠다.	용도에 따라 선반·거치대
board	noun	판자, 이사회	/bɔːrd/	The floor was made of wooden boards.	바닥은 나무판자로 만들어졌다.	The board approved the proposal.	이사회가 그 제안을 승인했다.	문맥에 따라 뜻이 크게 달라짐
the bed has been made	sentence	침대가 정돈되어 있다	/ðə bed hæz bɪn meɪd/	The bed has already been made.	침대는 이미 정돈되어 있다.	When I arrived, the bed had been made.	내가 도착했을 때 침대가 정돈되어 있었다.	make the bed는 침대를 정돈하다
lot	noun	공터, 부지, 많은 양	/lɑːt/	The car is parked in the lot.	차가 주차장에 주차돼 있다.	They bought an empty lot.	그들은 빈 부지를 샀다.	a lot of는 많은
drawer	noun	서랍	/drɔːr/	The keys are in the top drawer.	열쇠는 맨 위 서랍에 있다.	She opened the kitchen drawer.	그녀는 부엌 서랍을 열었다.	draw와 발음이 다름
country	noun	지방, 시골, 국가	/ˈkʌntri/	They live in the country.	그들은 시골에 산다.	She traveled across the country.	그녀는 전국을 여행했다.	the country는 시골을 뜻할 수 있음
dock	noun	부두	/dɑːk/	The ship left the dock at noon.	그 배는 정오에 부두를 떠났다.	Workers unloaded cargo at the dock.	노동자들은 부두에서 화물을 내렸다.	동사로는 배를 부두에 대다
hood	noun	두건, 덮개, 자동차 보닛	/hʊd/	He pulled the hood over his head.	그는 두건을 머리 위로 끌어올렸다.	She opened the hood of the car.	그녀는 자동차 보닛을 열었다.	미국 영어 hood는 자동차 보닛
label	verb	라벨을 붙이다, 분류하다	/ˈleɪbl/	Please label each box clearly.	각 상자에 라벨을 명확히 붙여 주세요.	He was unfairly labeled as lazy.	그는 부당하게 게으른 사람으로 낙인찍혔다.	label A as B
tow	verb	견인하다	/toʊ/	The truck towed the broken car.	트럭이 고장 난 차를 견인했다.	The boat was towed back to shore.	그 배는 해안으로 견인됐다.	tow truck은 견인차
flyer	noun	전단지	/ˈflaɪər/	She handed out flyers on the street.	그녀는 거리에서 전단지를 나눠 주었다.	I saw the advertisement on a flyer.	나는 전단지에서 그 광고를 보았다.	flier로 쓰기도 함
warehouse	noun	창고	/ˈwerhaʊs/	The goods are stored in a warehouse.	상품은 창고에 보관된다.	The company built a new warehouse.	그 회사는 새 창고를 지었다.	대형 물류 창고를 뜻함
show	verb	안내하다, 보여 주다	/ʃoʊ/	I will show you to your room.	제가 방으로 안내해 드리겠습니다.	She showed me how to use the machine.	그녀는 내게 기계 사용법을 보여 줬다.	show someone to 장소는 안내하다
stack	verb	쌓아 놓다	/stæk/	She stacked the books on the desk.	그녀는 책상 위에 책을 쌓았다.	The boxes were stacked against the wall.	상자들이 벽에 기대어 쌓여 있었다.	명사로는 더미
rinse	verb	헹구다	/rɪns/	Rinse the vegetables with cold water.	채소를 찬물로 헹궈라.	She rinsed the soap from her hands.	그녀는 손에서 비누를 헹궈 냈다.	wash보다 가볍게 씻는 의미
take one's temperature	phrase	체온을 재다	/teɪk wʌnz ˈtemprətʃər/	The nurse took my temperature.	간호사가 내 체온을 쟀다.	You should take your temperature again.	체온을 다시 재는 것이 좋겠다.	소유격을 주어에 맞게 변경
brush	verb	솔질하다, 닦다	/brʌʃ/	Brush your teeth twice a day.	하루에 두 번 이를 닦아라.	She brushed the dust off her coat.	그녀는 코트의 먼지를 털어 냈다.	brush A off B 형태도 사용
keen	adjective	열망하는, 예리한	/kiːn/	She is keen to learn English.	그녀는 영어를 배우고 싶어 한다.	He has a keen eye for detail.	그는 세부 사항을 보는 예리한 눈이 있다.	be keen to 또는 keen on
comprehensive	adjective	포괄적인, 종합적인	/ˌkɑːmprɪˈhensɪv/	The report provides a comprehensive review.	그 보고서는 종합적인 검토를 제공한다.	We need a comprehensive plan.	우리는 포괄적인 계획이 필요하다.	범위가 넓고 빠짐없다는 뜻
quarterly	adjective	분기별의	/ˈkwɔːrtərli/	The company publishes quarterly reports.	그 회사는 분기별 보고서를 발표한다.	Sales increased in the quarterly results.	분기 실적에서 매출이 증가했다.	부사와 명사로도 사용
management	noun	경영진, 관리	/ˈmænɪdʒmənt/	Management approved the new policy.	경영진이 새 정책을 승인했다.	Good time management is important.	효율적인 시간 관리가 중요하다.	집합적으로 경영진을 뜻할 수 있음
story	noun	층, 이야기	/ˈstɔːri/	They live on the third story.	그들은 3층에 산다.	She told us an interesting story.	그녀는 우리에게 재미있는 이야기를 들려줬다.	건물의 층은 미국 영어 story
review	verb	검토하다, 평가하다	/rɪˈvjuː/	The committee will review the proposal.	위원회가 그 제안을 검토할 것이다.	She reviewed the movie for a newspaper.	그녀는 신문에 그 영화를 평가하는 글을 썼다.	명사로도 검토·평론
property	noun	부동산, 재산, 특성	/ˈprɑːpərti/	They invested in commercial property.	그들은 상업용 부동산에 투자했다.	This material has unusual properties.	이 재료는 특이한 특성을 지니고 있다.	의미가 여러 개인 다의어
accounting department	noun	회계부	/əˈkaʊntɪŋ dɪˈpɑːrtmənt/	Please contact the accounting department.	회계부에 문의해 주세요.	She works in the accounting department.	그녀는 회계부에서 근무한다.	accounting은 회계
bookkeeper	noun	회계 장부 담당자	/ˈbʊkkiːpər/	The bookkeeper recorded every payment.	회계 담당자가 모든 지급 내역을 기록했다.	They hired a part-time bookkeeper.	그들은 시간제 회계 담당자를 고용했다.	accountant보다 장부 기록 업무에 초점
experienced	adjective	경험이 많은	/ɪkˈspɪriənst/	We need an experienced engineer.	우리는 경험이 많은 기술자가 필요하다.	She is experienced in project management.	그녀는 프로젝트 관리 경험이 많다.	be experienced in
attendee	noun	참석자	/əˌtenˈdiː/	Each attendee received a name tag.	각 참석자는 이름표를 받았다.	The event attracted five hundred attendees.	그 행사는 500명의 참석자를 끌어모았다.	attend에서 파생
complimentary	adjective	무료의, 칭찬하는	/ˌkɑːmplɪˈmentri/	Guests receive a complimentary breakfast.	투숙객에게 무료 아침 식사가 제공된다.	She was complimentary about his work.	그녀는 그의 작업을 칭찬했다.	complementary와 철자와 뜻이 다름
movie premiere	noun	영화 시사회, 최초 상영	/ˈmuːvi prɪˈmɪr/	The actors attended the movie premiere.	배우들이 영화 시사회에 참석했다.	The movie premiere attracted many reporters.	영화 시사회에 많은 기자가 몰렸다.	premiere는 최초 공개 행사
outlet	noun	할인점, 판매점, 배출구	/ˈaʊtlet/	We bought it at an outlet.	우리는 그것을 아웃렛에서 샀다.	Make sure the air outlet is not blocked.	공기 배출구가 막히지 않았는지 확인해라.	전기 콘센트라는 뜻도 있음
box office	noun	매표소, 흥행 수입	/ˈbɑːks ˌɔːfɪs/	You can buy tickets at the box office.	매표소에서 표를 살 수 있다.	The film did well at the box office.	그 영화는 흥행에 성공했다.	box-office hit은 흥행작
audiovisual	adjective	시청각의	/ˌɔːdioʊˈvɪʒuəl/	The room has audiovisual equipment.	그 방에는 시청각 장비가 있다.	We used audiovisual materials in class.	우리는 수업에서 시청각 자료를 사용했다.	audio-visual로도 표기
venue	noun	현장, 장소	/ˈvenjuː/	The venue can hold a thousand people.	그 장소는 천 명을 수용할 수 있다.	They changed the concert venue.	그들은 콘서트 장소를 변경했다.	공연·행사 장소에 자주 사용
organizer	noun	주최자, 조직자	/ˈɔːrɡənaɪzər/	The organizer canceled the event.	주최자가 행사를 취소했다.	Contact the conference organizer for details.	자세한 내용은 회의 주최자에게 문의해라.	organize의 사람 명사
causative	adjective	원인이 되는, 사역의	/ˈkɔːzətɪv/	Researchers identified the causative factor.	연구자들은 원인이 되는 요인을 확인했다.	Have and make can be used in causative constructions.	have와 make는 사역 구문에 사용될 수 있다.	문법에서는 사역의 의미
capable of	phrase	~할 수 있는	/ˈkeɪpəbl əv/	This machine is capable of lifting heavy loads.	이 기계는 무거운 짐을 들어 올릴 수 있다.	She is capable of solving the problem.	그녀는 그 문제를 해결할 능력이 있다.	capable of + 동명사
run	verb	운영하다, 실행하다	/rʌn/	She runs a small business.	그녀는 작은 사업체를 운영한다.	Run the program again.	프로그램을 다시 실행해라.	매우 많은 뜻을 가진 기본 동사
blackout	noun	정전, 기억 상실, 보도 통제	/ˈblækaʊt/	The storm caused a citywide blackout.	폭풍으로 도시 전체에 정전이 발생했다.	He experienced a brief blackout.	그는 잠시 의식을 잃었다.	문맥에 따라 뜻이 달라짐
appliance	noun	가전제품, 기기	/əˈplaɪəns/	This store sells kitchen appliances.	이 가게는 주방 가전제품을 판매한다.	Unplug the appliance before cleaning it.	청소하기 전에 기기의 플러그를 뽑아라.	가정에서 사용하는 전기 기기
restore	verb	복구하다, 회복시키다	/rɪˈstɔːr/	The engineers restored the power.	기술자들이 전력을 복구했다.	The building was restored to its original condition.	그 건물은 원래 상태로 복원됐다.	restore A to B
power surge	noun	전력 급증	/ˈpaʊər sɜːrdʒ/	A power surge damaged the computer.	전력 급증으로 컴퓨터가 손상됐다.	Use a protector against power surges.	전력 급증에 대비해 보호 장치를 사용해라.	surge protector와 함께 기억
city council	noun	시의회	/ˌsɪti ˈkaʊnsl/	The city council approved the budget.	시의회가 예산을 승인했다.	She was elected to the city council.	그녀는 시의원으로 선출됐다.	council과 counsel 구분
athletics	noun	육상 경기, 체육	/æθˈletɪks/	She competes in athletics.	그녀는 육상 경기에 출전한다.	The school has a strong athletics program.	그 학교에는 훌륭한 체육 프로그램이 있다.	미국 영어에서는 학교 스포츠 전반도 의미
receipt	noun	영수증, 수령	/rɪˈsiːt/	Keep the receipt in case you need a refund.	환불할 경우를 대비해 영수증을 보관해라.	We confirmed receipt of your payment.	우리는 당신의 결제 수령을 확인했다.	p는 발음하지 않음
marginal	adjective	미미한, 한계의, 주변부의	/ˈmɑːrdʒɪnl/	The plan produced only marginal benefits.	그 계획은 미미한 이익만 가져왔다.	Marginal groups were excluded from the discussion.	주변부 집단들은 논의에서 제외됐다.	경제학에서는 한계의
marginalize	verb	주변부로 밀어내다, 소외시키다	/ˈmɑːrdʒɪnəlaɪz/	The policy may marginalize poor communities.	그 정책은 가난한 지역사회를 소외시킬 수 있다.	She felt marginalized at work.	그녀는 직장에서 소외됐다고 느꼈다.	수동태로 자주 사용
marginalization	noun	소외, 주변화	/ˌmɑːrdʒɪnələˈzeɪʃn/	The report examines the marginalization of minorities.	그 보고서는 소수자들의 소외를 살펴본다.	Economic marginalization can cause social unrest.	경제적 소외는 사회 불안을 일으킬 수 있다.	marginalize의 명사형
fabric	noun	천, 직물, 구조	/ˈfæbrɪk/	The dress is made of soft fabric.	그 드레스는 부드러운 천으로 만들어졌다.	Trust is part of the social fabric.	신뢰는 사회 구조의 일부이다.	비유적으로 사회적 구조
sewing	noun	바느질	/ˈsoʊɪŋ/	She learned sewing from her mother.	그녀는 어머니에게 바느질을 배웠다.	My sewing kit is in the drawer.	내 바느질 도구는 서랍에 있다.	sew의 동명사·명사
release	verb	방출하다, 석방하다, 공개하다	/rɪˈliːs/	The company released a new product.	그 회사는 신제품을 출시했다.	The prisoner was released yesterday.	그 수감자는 어제 석방됐다.	명사로도 공개·석방
payment	noun	대금, 납부, 지급	/ˈpeɪmənt/	Payment is due by Friday.	대금은 금요일까지 납부해야 한다.	We received your payment.	우리는 당신의 대금을 받았다.	make a payment는 대금을 지불하다
proximity	noun	가까움, 근접성	/prɑːkˈsɪməti/	The house is popular because of its proximity to the station.	그 집은 역과 가깝기 때문에 인기가 있다.	The two buildings are in close proximity.	두 건물은 서로 매우 가까이 있다.	proximity to
immediacy	noun	즉각성, 긴급성	/ɪˈmiːdiəsi/	Online news offers a sense of immediacy.	온라인 뉴스는 즉각성을 제공한다.	He understood the immediacy of the problem.	그는 그 문제의 긴급성을 이해했다.	immediate의 명사형
availability	noun	이용 가능성, 입수 가능성	/əˌveɪləˈbɪləti/	Please check room availability.	객실 이용 가능 여부를 확인해 주세요.	The availability of clean water is limited.	깨끗한 물을 구할 수 있는 가능성이 제한적이다.	available의 명사형
vacancy	noun	빈방, 공석	/ˈveɪkənsi/	The hotel has no vacancies.	그 호텔에는 빈방이 없다.	We have a vacancy in the sales department.	영업부에 공석이 있다.	호텔과 채용 문맥 모두 사용
landmark	noun	랜드마크, 역사적으로 중요한 건물	/ˈlændmɑːrk/	The tower is a famous city landmark.	그 탑은 유명한 도시의 랜드마크이다.	The ruling was a landmark decision.	그 판결은 역사적으로 중요한 결정이었다.	형용사로 역사적인이라는 의미도 있음
historic site	noun	유적지, 역사적 장소	/hɪˈstɔːrɪk saɪt/	The temple is a protected historic site.	그 사원은 보호받는 유적지이다.	Thousands visit the historic site each year.	매년 수천 명이 그 유적지를 방문한다.	historic은 역사적으로 중요한
due to	phrase	~때문에	/duː tuː/	The flight was delayed due to bad weather.	악천후 때문에 비행기가 지연됐다.	The event was canceled due to safety concerns.	안전 문제 때문에 행사가 취소됐다.	명사 앞 원인을 나타냄
confirm	verb	확인하다, 확정하다	/kənˈfɜːrm/	Please confirm your reservation.	예약을 확인해 주세요.	The test confirmed the diagnosis.	검사 결과가 진단을 확정했다.	confirmation은 명사
conduct	verb	실시하다, 수행하다	/kənˈdʌkt/	The researchers conducted an experiment.	연구자들은 실험을 실시했다.	The police conducted a search.	경찰이 수색을 실시했다.	명사일 때는 /ˈkɑːndʌkt/
administration	noun	관리, 행정부, 행정	/ədˌmɪnɪˈstreɪʃn/	The administration announced a new policy.	행정부가 새 정책을 발표했다.	She works in hospital administration.	그녀는 병원 행정 업무를 한다.	문맥에 따라 정부 또는 관리 업무
occupant	noun	입주자, 점유자	/ˈɑːkjəpənt/	All occupants must leave the building.	모든 입주자는 건물에서 나가야 한다.	The car had only one occupant.	그 차에는 한 명만 타고 있었다.	건물과 차량 모두에 사용
electrical wiring	noun	전기 배선	/ɪˈlektrɪkl ˈwaɪərɪŋ/	The electrical wiring needs to be replaced.	전기 배선을 교체해야 한다.	Faulty electrical wiring caused the fire.	잘못된 전기 배선이 화재를 일으켰다.	wiring은 보통 불가산명사
utmost	adjective	최대한의, 최고의	/ˈʌtmoʊst/	We treated the matter with the utmost care.	우리는 그 문제를 최대한 신중하게 다뤘다.	Safety is of the utmost importance.	안전이 가장 중요하다.	the utmost + 명사
priority	noun	우선사항, 우선순위	/praɪˈɔːrəti/	Safety is our top priority.	안전이 우리의 최우선 사항이다.	You need to set clear priorities.	명확한 우선순위를 정해야 한다.	top priority가 자주 사용
tenant	noun	세입자, 임차인	/ˈtenənt/	The tenant pays rent every month.	세입자는 매달 임대료를 낸다.	The landlord contacted all tenants.	집주인은 모든 세입자에게 연락했다.	landlord와 함께 기억
assure	verb	보장하다, 안심시키다	/əˈʃʊr/	I assure you that everything is safe.	모든 것이 안전하다고 장담한다.	She assured him of her support.	그녀는 그에게 자신의 지원을 확신시켰다.	assure 사람 that 또는 assure 사람 of
be assured of	phrase	~을 확신하다, 보장받다	/bi əˈʃʊrd əv/	You can be assured of our full support.	우리의 전폭적인 지원을 확신해도 된다.	Customers are assured of quality service.	고객들은 양질의 서비스를 보장받는다.	be assured that 절도 가능
undisclosed	adjective	밝혀지지 않은, 공개되지 않은	/ˌʌndɪˈskloʊzd/	The painting was sold for an undisclosed amount.	그 그림은 공개되지 않은 금액에 팔렸다.	They met at an undisclosed location.	그들은 공개되지 않은 장소에서 만났다.	언론 기사에서 자주 사용
normalize	verb	정상화하다	/ˈnɔːrməlaɪz/	The countries agreed to normalize relations.	두 나라는 관계를 정상화하기로 합의했다.	The situation gradually normalized.	상황은 점차 정상화됐다.	normalized와 중복되어 기본형으로 정리
normality	noun	정상 상태	/nɔːrˈmæləti/	Life is slowly returning to normality.	생활이 서서히 정상 상태로 돌아오고 있다.	People longed for a sense of normality.	사람들은 평범한 일상으로 돌아가길 바랐다.	return to normality
demonstration	noun	시범, 시위, 입증	/ˌdemənˈstreɪʃn/	He gave a demonstration of the machine.	그는 그 기계의 작동을 시범 보였다.	Thousands joined the demonstration.	수천 명이 시위에 참여했다.	문맥에 따라 시범과 시위
master's degree	noun	석사 학위	/ˈmæstərz dɪɡriː/	She has a master's degree in biology.	그녀는 생물학 석사 학위가 있다.	He is studying for a master's degree.	그는 석사 학위를 공부하고 있다.	apostrophe가 들어감
be renowned for	phrase	~으로 명성이 높다	/bi rɪˈnaʊnd fɔːr/	The city is renowned for its food.	그 도시는 음식으로 유명하다.	She is renowned for her research.	그녀는 연구로 명성이 높다.	be famous for보다 격식 있는 표현
innovative	adjective	혁신적인, 획기적인	/ˈɪnəveɪtɪv/	The company developed an innovative product.	그 회사는 혁신적인 제품을 개발했다.	We need a more innovative approach.	우리는 더 혁신적인 접근법이 필요하다.	innovation은 명사
manual	noun	설명서, 안내서	/ˈmænjuəl/	Read the manual before using the device.	기기를 사용하기 전에 설명서를 읽어라.	The instructions are in the user manual.	사용 설명서에 안내가 나와 있다.	형용사로 수동의
attach	verb	첨부하다, 붙이다	/əˈtætʃ/	Please attach the file to the email.	이메일에 파일을 첨부해 주세요.	She attached a label to the box.	그녀는 상자에 라벨을 붙였다.	attach A to B
dignitary	noun	고위 인사, 귀빈	/ˈdɪɡnɪteri/	Several foreign dignitaries attended the ceremony.	여러 외국 귀빈이 행사에 참석했다.	The dignitary was welcomed at the airport.	그 고위 인사는 공항에서 환영을 받았다.	공식 행사 문맥에서 사용
be skilled at	phrase	~에 능숙하다	/bi skɪld æt/	She is skilled at solving difficult problems.	그녀는 어려운 문제를 해결하는 데 능숙하다.	He is skilled at working with his hands.	그는 손으로 작업하는 데 능숙하다.	be skilled at + 명사·동명사
oral	adjective	구두의, 입의	/ˈɔːrəl/	Students must take an oral exam.	학생들은 구술시험을 봐야 한다.	The medicine is intended for oral use.	그 약은 경구 복용용이다.	oral presentation은 구두 발표
stabbing	noun	흉기로 찌르는 사건, 칼부림	/ˈstæbɪŋ/	The police are investigating a stabbing.	경찰은 흉기 사건을 조사하고 있다.	The victim survived the stabbing.	피해자는 흉기 공격에서 살아남았다.	stab의 명사형
vulnerable	adjective	상처받기 쉬운, 취약한	/ˈvʌlnərəbl/	Children are especially vulnerable to disease.	아이들은 질병에 특히 취약하다.	He felt vulnerable after losing his job.	그는 직장을 잃은 뒤 심리적으로 취약함을 느꼈다.	vulnerable to
typographic	adjective	인쇄상의, 활자상의	/ˌtaɪpəˈɡræfɪk/	The document contains several typographic errors.	그 문서에는 여러 인쇄상 오류가 있다.	The designer made a bold typographic choice.	디자이너는 대담한 활자 디자인을 선택했다.	typographical도 많이 사용
chamber	noun	방, 회의실, 의회	/ˈtʃeɪmbər/	The council met in the main chamber.	의회는 본회의장에서 모였다.	Gas filled the sealed chamber.	밀폐된 방에 가스가 찼다.	격식 있는 방 또는 의회 공간
vicinity	noun	부근, 인근	/vəˈsɪnəti/	There are several hotels in the vicinity.	인근에 호텔이 여러 곳 있다.	The police searched the immediate vicinity.	경찰은 바로 주변 지역을 수색했다.	in the vicinity of
deviation	noun	일탈, 편차	/ˌdiːviˈeɪʃn/	Any deviation from the plan must be approved.	계획에서 벗어나는 모든 변경은 승인을 받아야 한다.	The results showed a small deviation.	결과는 작은 편차를 보였다.	standard deviation은 표준편차
be accounted for	phrase	설명되다, 차지하다	/bi əˈkaʊntɪd fɔːr/	All the missing money has been accounted for.	사라진 돈의 행방이 모두 확인됐다.	Online sales accounted for half of the total.	온라인 매출이 전체의 절반을 차지했다.	account for의 수동형과 능동형 의미 주의
isotherm	noun	등온선	/ˈaɪsəθɜːrm/	The map shows isotherms across the region.	그 지도는 지역 전반의 등온선을 보여 준다.	Each isotherm connects points of equal temperature.	각 등온선은 기온이 같은 지점을 연결한다.	기상·지리 용어
convention	noun	관습, 대회, 협약	/kənˈvenʃn/	It is a social convention to shake hands.	악수하는 것은 사회적 관습이다.	The party held its national convention.	그 정당은 전국 대회를 개최했다.	문맥에 따라 관습·회의·협약
hobo	noun	부랑자, 떠돌이 노동자	/ˈhoʊboʊ/	The story follows a hobo traveling by train.	그 이야기는 기차로 떠도는 부랑자를 따라간다.	The old man was dressed like a hobo.	그 노인은 부랑자처럼 옷을 입고 있었다.	오늘날에는 다소 오래되고 비하적으로 들릴 수 있음
buggy	noun	유모차, 소형 마차	/ˈbʌɡi/	She pushed the baby in a buggy.	그녀는 아기를 유모차에 태워 밀었다.	A horse pulled the buggy.	말이 작은 마차를 끌었다.	형용사로는 버그가 많은
rent	noun	임대료	/rent/	The rent is due tomorrow.	임대료는 내일까지 내야 한다.	They cannot afford the monthly rent.	그들은 월세를 감당할 수 없다.	동사로 임대하다·빌리다
burglar	noun	강도, 주거 침입 절도범	/ˈbɜːrɡlər/	The burglar entered through a window.	절도범은 창문을 통해 들어왔다.	The police caught the burglar.	경찰이 그 절도범을 붙잡았다.	robber와 달리 건물 침입 절도범
push around	phrasal verb	함부로 대하다, 괴롭히다	/pʊʃ əˈraʊnd/	Do not let people push you around.	사람들이 너를 함부로 대하게 두지 마라.	He was tired of being pushed around.	그는 함부로 취급받는 것에 지쳤다.	물리적으로 이리저리 밀다라는 뜻도 있음
rag	noun	낡은 천, 누더기	/ræɡ/	She wiped the table with a rag.	그녀는 낡은 천으로 탁자를 닦았다.	He wore clothes that looked like rags.	그는 누더기 같은 옷을 입었다.	rags는 누더기 옷
hidey-hole	noun	은신처, 비밀 장소	/ˈhaɪdi hoʊl/	The child found a hidey-hole under the stairs.	아이는 계단 아래에서 비밀 장소를 찾았다.	They hid the money in a small hidey-hole.	그들은 돈을 작은 은신처에 숨겼다.	hideout과 비슷한 비격식 표현
pot	noun	항아리, 냄비, 화분	/pɑːt/	She cooked soup in a large pot.	그녀는 큰 냄비에 수프를 끓였다.	The flowers are growing in a pot.	꽃들이 화분에서 자라고 있다.	문맥에 따라 냄비·화분
very	adjective	바로 그, 바로 그 자체의	/ˈveri/	This is the very book I was looking for.	이것이 바로 내가 찾던 책이다.	He arrived at that very moment.	그는 바로 그 순간에 도착했다.	명사를 강조할 때 사용
gay	adjective	명랑한, 쾌활한	/ɡeɪ/	The room was decorated in gay colors.	그 방은 밝고 화려한 색으로 꾸며져 있었다.	They enjoyed a gay evening together.	그들은 함께 즐거운 저녁을 보냈다.	명랑하다는 뜻은 오늘날 다소 문학적·옛스러움
cathedral	noun	대성당	/kəˈθiːdrəl/	We visited the old cathedral.	우리는 오래된 대성당을 방문했다.	The cathedral dominates the city skyline.	그 대성당은 도시의 스카이라인을 압도한다.	주교좌가 있는 큰 성당
fragile	adjective	깨지기 쉬운, 허약한	/ˈfrædʒl/	This glass is very fragile.	이 유리는 매우 깨지기 쉽다.	The peace agreement remains fragile.	평화 협정은 여전히 불안정하다.	물건과 관계·상태 모두 사용
hyacinth	noun	히아신스	/ˈhaɪəsɪnθ/	The hyacinths bloom in spring.	히아신스는 봄에 핀다.	She planted a purple hyacinth.	그녀는 보라색 히아신스를 심었다.	꽃 이름
crowded	adjective	붐비는, 혼잡한	/ˈkraʊdɪd/	The train was extremely crowded.	기차가 매우 붐볐다.	We left the crowded room.	우리는 붐비는 방을 떠났다.	be crowded with
plank	noun	두꺼운 널빤지	/plæŋk/	They crossed the stream on a wooden plank.	그들은 나무 널빤지를 타고 개울을 건넜다.	The floor was made of wide planks.	바닥은 넓은 널빤지로 만들어졌다.	board보다 길고 두꺼운 판자
stall	noun	가판대, 진열대, 작은 칸	/stɔːl/	She sells fruit at a market stall.	그녀는 시장 가판대에서 과일을 판다.	The horse stood in its stall.	말은 자신의 마구간 칸에 서 있었다.	동사로는 멈추다·시간을 끌다
tin	noun	주석, 깡통	/tɪn/	The food is sold in a tin.	그 음식은 깡통에 담겨 판매된다.	The roof was made of tin.	지붕은 주석판으로 만들어졌다.	영국 영어에서 통조림 캔
pail	noun	양동이	/peɪl/	He filled the pail with water.	그는 양동이에 물을 채웠다.	The child carried a small pail.	그 아이는 작은 양동이를 들고 갔다.	bucket과 비슷함
bouquet	noun	꽃다발	/buːˈkeɪ/	He gave her a bouquet of roses.	그는 그녀에게 장미 꽃다발을 주었다.	The bride carried a white bouquet.	신부는 흰 꽃다발을 들었다.	마지막 t는 발음하지 않음
beaded	adjective	구슬로 장식된	/ˈbiːdɪd/	She wore a beaded dress.	그녀는 구슬로 장식된 드레스를 입었다.	The bag has a beaded handle.	그 가방에는 구슬 장식 손잡이가 있다.	bead의 형용사형
holly	noun	호랑가시나무	/ˈhɑːli/	They decorated the room with holly.	그들은 호랑가시나무로 방을 장식했다.	Holly has bright red berries.	호랑가시나무에는 선명한 붉은 열매가 열린다.	크리스마스 장식에 자주 사용
clump	noun	덩어리, 무리	/klʌmp/	A clump of grass grew by the wall.	벽 옆에 풀 한 덩어리가 자랐다.	She found a clump of hair on the floor.	그녀는 바닥에서 머리카락 뭉치를 발견했다.	a clump of
mistletoe	noun	겨우살이	/ˈmɪsltoʊ/	They hung mistletoe above the door.	그들은 문 위에 겨우살이를 걸었다.	Mistletoe is used as a Christmas decoration.	겨우살이는 크리스마스 장식으로 사용된다.	t가 거의 발음되지 않음
fir tree	noun	전나무	/ˈfɜːr triː/	A tall fir tree stood near the house.	집 근처에 큰 전나무가 서 있었다.	They decorated a fir tree for Christmas.	그들은 크리스마스를 위해 전나무를 장식했다.	fir만으로도 전나무
wilted	adjective	시든	/ˈwɪltɪd/	The flowers looked wilted.	꽃들이 시들어 보였다.	Remove any wilted leaves.	시든 잎은 모두 제거해라.	wilt는 시들다
sweep	verb	쓸다, 휩쓸다	/swiːp/	She swept the kitchen floor.	그녀는 부엌 바닥을 쓸었다.	A storm swept across the coast.	폭풍이 해안을 휩쓸었다.	과거형 swept
beret	noun	베레모	/bəˈreɪ/	She wore a black beret.	그녀는 검은색 베레모를 썼다.	The artist adjusted his beret.	그 화가는 자신의 베레모를 고쳐 썼다.	프랑스어에서 온 단어
stocky	adjective	땅딸막한, 다부진	/ˈstɑːki/	He is short and stocky.	그는 키가 작고 다부지다.	A stocky man stood at the door.	다부진 체격의 남자가 문 앞에 서 있었다.	주로 사람의 체격 묘사
woolly	adjective	양털의, 양털 같은	/ˈwʊli/	She wore a woolly sweater.	그녀는 양털 스웨터를 입었다.	The animal has a thick woolly coat.	그 동물은 두꺼운 양털 같은 털을 가졌다.	woolen과 비슷함
by your leave	phrase	실례하지만, 허락을 받고	/baɪ jʊr liːv/	By your leave, I will speak frankly.	실례지만 솔직하게 말씀드리겠습니다.	He entered the room without so much as a by-your-leave.	그는 허락도 구하지 않고 방에 들어왔다.	격식 있고 옛스러운 표현
generosity	noun	관대함, 너그러움	/ˌdʒenəˈrɑːsəti/	Thank you for your generosity.	당신의 관대함에 감사드립니다.	Her generosity helped many families.	그녀의 너그러움은 많은 가정을 도왔다.	generous의 명사형
fastidious	adjective	까다로운, 꼼꼼한	/fæˈstɪdiəs/	She is fastidious about cleanliness.	그녀는 청결에 매우 까다롭다.	He is a fastidious editor.	그는 매우 꼼꼼한 편집자이다.	fastidious about
sprig	noun	작은 가지	/sprɪɡ/	She added a sprig of parsley.	그녀는 파슬리 한 줄기를 더했다.	He wore a sprig of holly.	그는 호랑가시나무 작은 가지를 달고 있었다.	a sprig of 식물
litter	noun	쓰레기, 한 배에서 난 새끼들	/ˈlɪtər/	Do not leave litter on the street.	거리에 쓰레기를 버리지 마라.	The cat gave birth to a litter of kittens.	그 고양이는 새끼 고양이 한 배를 낳았다.	동사로는 쓰레기를 버리다
frown	verb	얼굴을 찌푸리다	/fraʊn/	She frowned at the question.	그녀는 그 질문에 얼굴을 찌푸렸다.	He frowned in concentration.	그는 집중하며 미간을 찌푸렸다.	frown at 또는 frown upon
trundle	verb	천천히 굴리다, 덜컹거리며 이동하다	/ˈtrʌndl/	He trundled the cart down the road.	그는 수레를 길 아래로 천천히 굴렸다.	The train trundled through the countryside.	기차가 시골을 덜컹거리며 지나갔다.	느리고 무거운 움직임
shuffle	verb	발을 끌며 걷다, 뒤섞다	/ˈʃʌfl/	The old man shuffled across the room.	노인은 발을 끌며 방을 가로질렀다.	Please shuffle the cards.	카드를 섞어 주세요.	카드 섞기와 발 끌기를 모두 의미
monsieur	noun	~씨, 선생님	/məˈsjɜːr/	Bonjour, monsieur.	안녕하세요, 선생님.	The waiter addressed him as monsieur.	종업원은 그를 무슈라고 불렀다.	프랑스어 남성 존칭
wheedle	verb	감언이설로 꾀다	/ˈwiːdl/	She wheedled him into helping her.	그녀는 그를 구슬려 자신을 돕게 했다.	He wheedled some money out of his father.	그는 아버지를 구슬려 돈을 받아냈다.	wheedle A into doing
whirl	verb	빙빙 돌다, 휙 돌리다	/wɜːrl/	The dancers whirled around the room.	무용수들은 방 안을 빙빙 돌았다.	The wind whirled the leaves into the air.	바람이 나뭇잎을 공중으로 휘돌렸다.	빠르게 회전하는 움직임
gap-toothed	adjective	이가 듬성듬성 난	/ˈɡæp tuːθt/	The boy gave a gap-toothed smile.	그 소년은 이가 듬성한 채로 웃었다.	A gap-toothed man opened the door.	이가 듬성한 남자가 문을 열었다.	주로 smile과 함께 사용
beam	verb	활짝 웃다	/biːm/	She beamed with pride.	그녀는 자랑스러움에 활짝 웃었다.	He beamed at his daughter.	그는 딸을 바라보며 환하게 웃었다.	명사로는 광선·들보
shrug	verb	어깨를 으쓱하다	/ʃrʌɡ/	He shrugged and walked away.	그는 어깨를 으쓱하고 걸어갔다.	She shrugged her shoulders.	그녀는 어깨를 으쓱했다.	shrug off는 대수롭지 않게 넘기다
overcoat	noun	외투	/ˈoʊvərkoʊt/	He put on a heavy overcoat.	그는 두꺼운 외투를 입었다.	She hung her overcoat by the door.	그녀는 외투를 문 옆에 걸었다.	다른 옷 위에 입는 긴 외투
alley	noun	좁은 길, 골목	/ˈæli/	They walked through a narrow alley.	그들은 좁은 골목을 걸었다.	The restaurant is hidden in a back alley.	그 식당은 뒷골목에 숨어 있다.	alleyway라고도 함
just in the past	phrase	최근에, 바로 지난 기간에	/dʒʌst ɪn ðə pæst/	Sales have risen sharply just in the past month.	바로 지난 한 달 동안 매출이 크게 올랐다.	We have seen many changes just in the past year.	우리는 바로 지난 1년간 많은 변화를 보았다.	보통 just in the past week 또는 year처럼 사용
settle for	phrasal verb	마지못해 받아들이다, 만족하다	/ˈsetl fɔːr/	Do not settle for less than you deserve.	자신이 받을 가치보다 적은 것에 만족하지 마라.	We had to settle for a smaller room.	우리는 더 작은 방으로 만족해야 했다.	원하는 것보다 못한 것을 받아들임
borrow	verb	빌리다	/ˈbɑːroʊ/	Can I borrow your pen?	네 펜을 빌려도 될까?	The company borrowed money from the bank.	그 회사는 은행에서 돈을 빌렸다.	borrow A from B
payroll	noun	급여 명부, 급여 총액	/ˈpeɪroʊl/	The company has five hundred employees on its payroll.	그 회사의 급여 명부에는 직원 500명이 있다.	Payroll costs increased this year.	올해 급여 비용이 증가했다.	on the payroll
mortgage	noun	주택담보대출, 저당	/ˈmɔːrɡɪdʒ/	They took out a mortgage to buy the house.	그들은 집을 사기 위해 주택담보대출을 받았다.	She pays the mortgage every month.	그녀는 매달 주택담보대출금을 갚는다.	take out a mortgage
bills	noun	공과금, 청구서	/bɪlz/	I need to pay the electricity bills.	전기 요금을 내야 한다.	Her medical bills were very high.	그녀의 의료비 청구액은 매우 높았다.	복수형으로 생활비 청구서를 자주 의미
recession	noun	경기 침체	/rɪˈseʃn/	The country entered a recession.	그 나라는 경기 침체에 들어갔다.	Many businesses closed during the recession.	경기 침체 동안 많은 기업이 문을 닫았다.	economic recession
linger	verb	오래 남다, 계속되다	/ˈlɪŋɡər/	The smell of smoke lingered in the room.	방 안에 연기 냄새가 오래 남았다.	She lingered by the door.	그녀는 문 옆에 계속 머물렀다.	감정·냄새·사람이 오래 남는 경우
forgo	verb	포기하다, 삼가다	/fɔːrˈɡoʊ/	He decided to forgo dessert.	그는 후식을 먹지 않기로 했다.	They agreed to forgo their bonuses.	그들은 보너스를 포기하기로 했다.	과거형 forwent, 과거분사 forgone
capacity	noun	용량, 능력, 수용력	/kəˈpæsəti/	The hall has a capacity of five hundred.	그 홀은 500명을 수용할 수 있다.	She has the capacity to lead the team.	그녀는 팀을 이끌 능력이 있다.	capacity for 또는 capacity to
foundation	noun	토대, 재단, 기초	/faʊnˈdeɪʃn/	Trust is the foundation of a good relationship.	신뢰는 좋은 관계의 토대이다.	The foundation supports medical research.	그 재단은 의학 연구를 지원한다.	물리적 기초와 조직인 재단
serve as	phrase	~의 역할을 하다	/sɜːrv æz/	This room serves as an office.	이 방은 사무실 역할을 한다.	She has served as director for five years.	그녀는 5년 동안 이사로 일해 왔다.	사진의 has served as를 기본형으로 정리
business cycle	noun	경기 순환	/ˈbɪznəs ˌsaɪkl/	Interest rates influence the business cycle.	금리는 경기 순환에 영향을 준다.	The economy is entering a new business cycle.	경제가 새로운 경기 순환에 들어서고 있다.	호황과 불황이 반복되는 과정
dogma	noun	독단, 교리	/ˈdɔːɡmə/	He rejected traditional political dogma.	그는 전통적인 정치적 독단을 거부했다.	The idea became accepted as dogma.	그 생각은 절대적인 교리처럼 받아들여졌다.	비판 없이 받아들이는 신념
worn-out	adjective	낡아 빠진, 지친	/ˌwɔːrn ˈaʊt/	He wore a pair of worn-out shoes.	그는 낡아 빠진 신발을 신었다.	I felt completely worn-out after work.	나는 퇴근 후 완전히 지쳤다.	사물과 사람 모두 묘사
era	noun	시대, 시기	/ˈɪrə/	The discovery marked the beginning of a new era.	그 발견은 새로운 시대의 시작을 알렸다.	We live in a digital era.	우리는 디지털 시대에 살고 있다.	a new era
profound	adjective	깊은, 심오한	/prəˈfaʊnd/	The event had a profound impact on her life.	그 사건은 그녀의 삶에 깊은 영향을 미쳤다.	He expressed profound sadness.	그는 깊은 슬픔을 표현했다.	profound impact 또는 change
corporate boardroom	noun	기업 이사회 회의실, 기업 경영진	/ˈkɔːrpərət ˈbɔːrdruːm/	The issue was discussed in corporate boardrooms.	그 문제는 기업 이사회에서 논의됐다.	She has years of experience in the corporate boardroom.	그녀는 기업 경영진으로서 여러 해의 경험이 있다.	비유적으로 기업 최고 의사결정층
imprudent	adjective	경솔한, 신중하지 못한	/ɪmˈpruːdnt/	It would be imprudent to invest all your money.	돈을 전부 투자하는 것은 경솔할 것이다.	He made an imprudent decision.	그는 신중하지 못한 결정을 내렸다.	prudent의 반대말
scrutiny	noun	정밀한 조사, 검토	/ˈskruːtəni/	The deal is under close scrutiny.	그 거래는 면밀한 검토를 받고 있다.	His actions came under public scrutiny.	그의 행동은 대중의 정밀한 감시를 받게 됐다.	under scrutiny
accountability	noun	책임, 책무성	/əˌkaʊntəˈbɪləti/	The public demanded greater accountability.	대중은 더 큰 책임성을 요구했다.	Managers must take accountability for their decisions.	관리자는 자신의 결정에 책임을 져야 한다.	accountability for
devastating	adjective	파괴적인, 엄청난 충격을 주는	/ˈdevəsteɪtɪŋ/	The storm had a devastating effect.	폭풍은 파괴적인 영향을 미쳤다.	The news was devastating for the family.	그 소식은 그 가족에게 엄청난 충격이었다.	devastating impact 또는 effect
entrepreneur	noun	기업가, 창업가	/ˌɑːntrəprəˈnɜːr/	She became a successful entrepreneur.	그녀는 성공한 기업가가 됐다.	The program supports young entrepreneurs.	그 프로그램은 젊은 창업가들을 지원한다.	프랑스어에서 유래
be home to	phrase	~의 본거지이다, ~이 자리 잡고 있다	/bi hoʊm tuː/	The island is home to many rare birds.	그 섬에는 많은 희귀 조류가 서식한다.	The city is home to several major companies.	그 도시에는 여러 대기업이 자리 잡고 있다.	사진의 home을 자연스러운 표현으로 정리
urgency	noun	긴급성, 절박함	/ˈɜːrdʒənsi/	We must act with greater urgency.	우리는 더욱 긴박하게 행동해야 한다.	He stressed the urgency of the situation.	그는 상황의 긴급성을 강조했다.	a sense of urgency
jump-start	verb	시동을 걸다, 활기를 불어넣다	/ˈdʒʌmp stɑːrt/	We used another car to jump-start the battery.	우리는 다른 차를 이용해 배터리에 시동을 걸었다.	The policy could jump-start the economy.	그 정책은 경제에 활력을 불어넣을 수 있다.	자동차와 경제 모두에 사용
cross	adjective	화난, 짜증 난	/krɔːs/	She was cross with me for being late.	그녀는 내가 늦어서 화가 나 있었다.	Do not get cross with the children.	아이들에게 화내지 마라.	영국 영어에서 angry와 비슷
wildly	adverb	거칠게, 크게, 터무니없이	/ˈwaɪldli/	The branches moved wildly in the wind.	나뭇가지가 바람에 거칠게 흔들렸다.	Prices vary wildly from store to store.	가격은 가게마다 크게 다르다.	정도 차이가 매우 클 때도 사용
untidy	adjective	정돈되지 않은, 지저분한	/ʌnˈtaɪdi/	His room is always untidy.	그의 방은 항상 지저분하다.	She has untidy handwriting.	그녀의 글씨는 정돈되지 않았다.	tidy의 반대말
moor	noun	황야, 황무지	/mʊr/	They walked across the open moor.	그들은 탁 트인 황야를 걸었다.	The house stands on a lonely moor.	그 집은 외딴 황야에 서 있다.	동사로 배를 정박시키다
feel very small and lost	phrase	자신이 작고 초라하며 막막하게 느껴지다	/fiːl ˈveri smɔːl ænd lɔːst/	I felt very small and lost in the huge city.	나는 거대한 도시에서 매우 작고 막막하게 느껴졌다.	She felt small and lost among the strangers.	그녀는 낯선 사람들 사이에서 초라하고 막막하게 느껴졌다.	감정이나 심리 상태 표현
supper	noun	저녁 식사	/ˈsʌpər/	We had soup for supper.	우리는 저녁으로 수프를 먹었다.	Supper will be ready at seven.	저녁 식사는 7시에 준비될 것이다.	dinner보다 가벼운 저녁 식사를 뜻하기도 함
walled	adjective	벽으로 둘러싸인	/wɔːld/	They visited an ancient walled city.	그들은 오래된 성벽 도시를 방문했다.	The garden is completely walled.	그 정원은 완전히 벽으로 둘러싸여 있다.	walled city 또는 walled garden
dialect	noun	방언, 사투리	/ˈdaɪəlekt/	He speaks a local dialect.	그는 지역 방언을 사용한다.	The dialect is difficult for outsiders to understand.	그 방언은 외부인이 이해하기 어렵다.	accent와 달리 문법·어휘 차이도 포함
sensible	adjective	현명한, 분별 있는	/ˈsensəbl/	That sounds like a sensible plan.	그것은 현명한 계획처럼 들린다.	Wear sensible shoes for the hike.	등산할 때 실용적인 신발을 신어라.	sensitive와 혼동 주의
day off	noun	휴일, 쉬는 날	/deɪ ɔːf/	I am taking a day off tomorrow.	나는 내일 하루 휴가를 낸다.	She spent her day off at home.	그녀는 쉬는 날을 집에서 보냈다.	take a day off
spade	noun	삽	/speɪd/	He dug the soil with a spade.	그는 삽으로 흙을 팠다.	She bought a small garden spade.	그녀는 작은 원예용 삽을 샀다.	카드 문양의 스페이드도 의미
skip	verb	가볍게 뛰다, 건너뛰다	/skɪp/	The child skipped down the street.	그 아이는 길을 따라 깡충깡충 뛰었다.	Do not skip breakfast.	아침 식사를 거르지 마라.	동작과 생략 모두 의미
shoot	verb	싹을 내다, 쏘다	/ʃuːt/	New leaves began to shoot from the stem.	줄기에서 새잎이 돋기 시작했다.	The photographer shot hundreds of pictures.	사진사는 수백 장의 사진을 찍었다.	사진의 뜻은 식물의 싹이 돋다
fine	adjective	아주 좋은, 훌륭한, 미세한	/faɪn/	They enjoyed a fine meal.	그들은 훌륭한 식사를 즐겼다.	The powder is very fine.	그 가루는 매우 곱다.	명사로 벌금이라는 뜻도 있음
bang	verb	쾅 하고 닫다, 세게 치다	/bæŋ/	He banged the door shut.	그는 문을 쾅 닫았다.	She banged her knee on the table.	그녀는 탁자에 무릎을 세게 부딪쳤다.	큰 충격음과 함께 움직이는 경우
cottage	noun	시골집, 작은 별장	/ˈkɑːtɪdʒ/	They rented a cottage by the lake.	그들은 호숫가의 작은 별장을 빌렸다.	The old cottage has a thatched roof.	그 오래된 시골집에는 초가지붕이 있다.	작고 아늑한 시골 주택
fanfare	noun	팡파르, 과장된 홍보	/ˈfænfer/	The winners entered to a fanfare.	우승자들은 팡파르와 함께 입장했다.	The product was launched with great fanfare.	그 제품은 대대적인 홍보와 함께 출시됐다.	with great fanfare
roll into the next	phrase	다음으로 자연스럽게 넘어가다	/roʊl ˈɪntuː ðə nekst/	The discussion rolled into the next topic.	논의가 자연스럽게 다음 주제로 넘어갔다.	One meeting rolled into the next.	한 회의가 끝나자마자 다음 회의로 이어졌다.	상황이 끊김 없이 이어짐
come along	phrasal verb	따라오다, 나타나다, 발전하다	/kʌm əˈlɔːŋ/	Come along with us.	우리와 함께 가자.	A better opportunity may come along.	더 좋은 기회가 나타날 수도 있다.	문맥에 따라 여러 의미
crisis	noun	위기	/ˈkraɪsɪs/	The company is facing a financial crisis.	그 회사는 재정 위기에 직면해 있다.	They responded quickly to the crisis.	그들은 위기에 신속하게 대응했다.	복수형 crises /ˈkraɪsiːz/
in the midst of	phrase	~의 한가운데에, ~하는 도중에	/ɪn ðə ˈmɪdst əv/	We are in the midst of major changes.	우리는 큰 변화의 한가운데에 있다.	She called me in the midst of dinner.	그녀는 내가 저녁을 먹는 도중에 전화했다.	in the middle of보다 격식 있는 표현
deepen	verb	깊어지다, 심화시키다	/ˈdiːpən/	The economic crisis continued to deepen.	경제 위기가 계속 심화됐다.	The experience deepened their friendship.	그 경험은 그들의 우정을 더욱 깊게 했다.	deep의 동사형
rag	noun	누더기, 헝겊	/ræɡ/	He wiped the table with a rag.	그는 헝겊으로 탁자를 닦았다.	The rag was too dirty to use.	그 헝겊은 너무 더러워 사용할 수 없었다.	
crepe	noun	크레이프; 얇은 크레이프 천	/kreɪp/	She ordered a chocolate crepe.	그녀는 초콜릿 크레이프를 주문했다.	The dress was made of crepe.	그 드레스는 크레이프 천으로 만들어졌다.	
cultivated	adjective	교양 있는; 경작된	/ˈkʌltɪveɪtɪd/	She is a cultivated woman.	그녀는 교양 있는 여성이다.	The cultivated land produced more crops.	경작지는 더 많은 작물을 생산했다.	
worldly	adjective	세상 물정에 밝은, 세속적인	/ˈwɜːrldli/	He is more worldly than his brother.	그는 형제보다 세상 물정에 밝다.	She has little interest in worldly success.	그녀는 세속적인 성공에 관심이 거의 없다.	
mend	verb	수선하다, 고치다	/mend/	He mended his shoes.	그는 신발을 고쳤다.	The relationship slowly mended.	그 관계는 서서히 회복되었다.	
abide	verb	따르다; 견디다	/əˈbaɪd/	You must abide by the rules.	너는 규칙을 따라야 한다.	I can't abide dishonesty.	나는 부정직함을 참을 수 없다.	abide by=준수하다
suspenseful	adjective	긴장감 넘치는	/səˈspensfəl/	The movie was suspenseful.	그 영화는 긴장감 넘쳤다.	It has a suspenseful ending.	그것은 긴장감 넘치는 결말을 가지고 있다.	
action-packed	adjective	액션이 가득한	/ˈækʃən pækt/	It is an action-packed film.	그것은 액션이 가득한 영화이다.	The game is action-packed.	그 게임은 액션이 넘친다.	
leading role	noun	주연	/ˈliːdɪŋ roʊl/	She played the leading role.	그녀는 주연을 맡았다.	He got a leading role.	그는 주연을 따냈다.	
play by the rules	phrase	규칙을 지키다	/pleɪ baɪ ðə ruːlz/	Always play by the rules.	항상 규칙을 지켜라.	They refused to play by the rules.	그들은 규칙을 따르기를 거부했다.	
crossfire	noun	십자포화; 논쟁의 한가운데	/ˈkrɔːsfaɪər/	The civilians were caught in the crossfire.	민간인들이 십자포화에 휘말렸다.	He was caught in the political crossfire.	그는 정치적 논쟁에 휘말렸다.	
gang	noun	무리; 갱단	/ɡæŋ/	A gang of boys was waiting outside.	소년 무리가 밖에서 기다리고 있었다.	The police arrested the gang.	경찰은 갱단을 체포했다.	
row	noun	말다툼; 줄	/raʊ, roʊ/	They had a big row.	그들은 크게 다퉜다.	We sat in the front row.	우리는 앞줄에 앉았다.	
plot	noun	줄거리; 음모	/plɑːt/	The plot was easy to follow.	줄거리는 이해하기 쉬웠다.	The police uncovered the plot.	경찰은 음모를 밝혀냈다.	
keep an eye out for	phrase	~을 잘 살피다	/kiːp ən aɪ aʊt fɔːr/	Keep an eye out for traffic.	차를 잘 살펴라.	Please keep an eye out for my bag.	내 가방 좀 봐줘.	
megastar	noun	초대형 스타	/ˈmeɡəstɑːr/	She became a megastar.	그녀는 초대형 스타가 되었다.	Fans gathered to see the megastar.	팬들이 그 스타를 보기 위해 모였다.	
first appearance	noun	첫 등장	/fɜːrst əˈpɪrəns/	His first appearance was impressive.	그의 첫 등장은 인상적이었다.	The character made its first appearance in 2005.	그 캐릭터는 2005년에 처음 등장했다.	
unkempt	adjective	단정하지 않은	/ʌnˈkempt/	He had unkempt hair.	그는 머리가 헝클어져 있었다.	The garden looked unkempt.	정원이 정돈되지 않아 보였다.	
workaholic	noun	일 중독자	/ˌwɜːrkəˈhɑːlɪk/	He is a workaholic.	그는 일 중독자이다.	Being a workaholic can harm your health.	일 중독은 건강을 해칠 수 있다.	
expire	verb	만료되다	/ɪkˈspaɪər/	My passport expires next year.	내 여권은 내년에 만료된다.	The coupon expired yesterday.	그 쿠폰은 어제 만료되었다.	
extended	adjective	연장된	/ɪkˈstendɪd/	The meeting was extended.	회의가 연장되었다.	She took an extended vacation.	그녀는 장기 휴가를 갔다.	
unforeseen	adjective	예기치 못한	/ˌʌnfɔːrˈsiːn/	We had unforeseen problems.	우리는 예상치 못한 문제를 겪었다.	The delay was due to unforeseen circumstances.	지연은 예상치 못한 상황 때문이었다.	
outage	noun	정전; 서비스 중단	/ˈaʊtɪdʒ/	The outage lasted two hours.	정전은 두 시간 동안 지속되었다.	The website experienced an outage.	웹사이트에 장애가 발생했다.	
cave-free	adjective	동굴이 없는	/keɪv friː/	The area is cave-free.	그 지역에는 동굴이 없다.	It is a cave-free zone.	그곳은 동굴이 없는 지역이다.	
stress-free	adjective	스트레스 없는	/ˈstres friː/	We had a stress-free holiday.	우리는 스트레스 없는 휴가를 보냈다.	This app makes life stress-free.	이 앱은 삶을 편하게 만들어 준다.	
American Recovery and Reinvestment Plan	noun	미국 경기회복 및 재투자 계획	/əˈmerɪkən rɪˈkʌvəri ænd ˌriːɪnˈvestmənt plæn/	The government introduced the American Recovery and Reinvestment Plan.	정부는 경기회복 및 재투자 계획을 도입했다.	The plan boosted the economy.	그 계획은 경제를 활성화했다.	
end	verb	끝내다, 종료하다	/end/	The meeting ended at noon.	회의는 정오에 끝났다.	They decided to end the project.	그들은 프로젝트를 끝내기로 했다.	
considerable	adjective	상당한, 꽤 많은	/kənˈsɪdərəbəl/	She made considerable progress.	그녀는 상당한 진전을 이루었다.	The repair required considerable effort.	수리에는 상당한 노력이 필요했다.	
deficit	noun	적자, 결손	/ˈdefɪsɪt/	The country has a budget deficit.	그 나라는 재정 적자를 안고 있다.	There is a deficit of skilled workers.	숙련 노동자가 부족하다.	
for that	phrase	그 때문에	/fɔːr ðæt/	I thanked him for that.	나는 그 일 때문에 그에게 감사했다.	Don't blame yourself for that.	그 일로 자신을 탓하지 마라.	
vicious	adjective	악의적인, 사나운	/ˈvɪʃəs/	It became a vicious cycle.	그것은 악순환이 되었다.	The dog looked vicious.	그 개는 사나워 보였다.	
cripple	verb	심각하게 손상시키다	/ˈkrɪpl/	The storm crippled the city.	폭풍은 도시를 마비시켰다.	The injury crippled his career.	그 부상은 그의 경력을 망쳤다.	
boldly	adverb	대담하게	/ˈboʊldli/	She spoke boldly.	그녀는 대담하게 말했다.	He boldly accepted the challenge.	그는 과감하게 도전을 받아들였다.	
rules of the road	noun	기본 규칙, 교통 규칙	/ruːlz əv ðə roʊd/	Drivers should follow the rules of the road.	운전자들은 교통 규칙을 따라야 한다.	Learn the rules of the road first.	먼저 기본 규칙을 배워라.	
admission	noun	입장, 입학, 인정	/ədˈmɪʃən/	Admission is free today.	오늘은 입장이 무료다.	His admission shocked everyone.	그의 인정은 모두를 놀라게 했다.	
innovation	noun	혁신	/ˌɪnəˈveɪʃən/	Innovation drives growth.	혁신은 성장을 이끈다.	The company encourages innovation.	회사는 혁신을 장려한다.	
cutting-edge	adjective	최첨단의	/ˌkʌtɪŋ ˈedʒ/	They use cutting-edge technology.	그들은 최첨단 기술을 사용한다.	This is a cutting-edge product.	이것은 최첨단 제품이다.	
expertise	noun	전문 지식	/ˌekspɜːrˈtiːz/	She has expertise in AI.	그녀는 AI 분야의 전문 지식을 가지고 있다.	We need your expertise.	우리는 당신의 전문성이 필요하다.	
extensive	adjective	광범위한	/ɪkˈstensɪv/	The fire caused extensive damage.	화재는 광범위한 피해를 입혔다.	He has extensive experience.	그는 풍부한 경험을 가지고 있다.	
debate	noun,verb	토론; 토론하다	/dɪˈbeɪt/	They had a long debate.	그들은 긴 토론을 했다.	We debated the issue.	우리는 그 문제를 토론했다.	
eliminate	verb	제거하다	/ɪˈlɪmɪneɪt/	We eliminated unnecessary costs.	우리는 불필요한 비용을 제거했다.	The vaccine eliminated the disease.	백신은 그 질병을 없앴다.	
indebted	adjective	빚진, 신세를 진	/ɪnˈdetɪd/	I am indebted to my parents.	나는 부모님께 큰 신세를 졌다.	The company is heavily indebted.	그 회사는 빚이 많다.	
courteous	adjective	정중한, 예의 바른	/ˈkɜːrtiəs/	He was courteous to everyone.	그는 모두에게 정중했다.	Please remain courteous.	예의를 지켜 주세요.	
in uniform	phrase	제복을 입은	/ɪn ˈjuːnɪfɔːrm/	The officer was in uniform.	경찰관은 제복을 입고 있었다.	The students came in uniform.	학생들은 교복을 입고 왔다.	
receive	verb	받다, 수령하다	/rɪˈsiːv/	I received your email.	나는 네 이메일을 받았다.	She received an award.	그녀는 상을 받았다.	
latest line	noun	최신 제품군	/ˈleɪtɪst laɪn/	The company launched its latest line.	회사는 최신 제품군을 출시했다.	The latest line sold well.	최신 제품군은 잘 팔렸다.	
screenplay	noun	영화 각본	/ˈskriːnpleɪ/	She wrote the screenplay.	그녀는 영화 각본을 썼다.	The screenplay won an award.	그 각본은 상을 받았다.	
feature	verb,noun	주연으로 삼다; 특징	/ˈfiːtʃər/	The film features famous actors.	그 영화에는 유명 배우들이 출연한다.	This phone has many useful features.	이 휴대폰에는 유용한 기능이 많다.	
all-star	adjective	최고의 출연진으로 구성된	/ˌɔːl ˈstɑːr/	It has an all-star cast.	그 영화는 초호화 출연진이다.	They formed an all-star team.	그들은 최고의 팀을 꾸렸다.	
cast	noun	출연진	/kæst/	The cast greeted the audience.	출연진이 관객에게 인사했다.	The cast practiced every day.	출연진은 매일 연습했다.	
retain	verb	유지하다, 보유하다	/rɪˈteɪn/	The company retained its employees.	회사는 직원들을 유지했다.	This material retains heat well.	이 재료는 열을 잘 보존한다.	
notation	noun	표기법	/noʊˈteɪʃən/	Scientific notation is useful.	과학적 표기법은 유용하다.	Learn the notation first.	먼저 표기법을 배워라.	
thermodynamic	adjective	열역학의	/ˌθɜːrmoʊdaɪˈnæmɪk/	Thermodynamic principles explain this.	열역학 원리가 이것을 설명한다.	We studied thermodynamic systems.	우리는 열역학계를 공부했다.	
overview	noun	개요	/ˈoʊvərvjuː/	Here is a brief overview.	여기 간단한 개요가 있다.	The report gives an overview.	그 보고서는 개요를 제공한다.	
postulate	noun,verb	가정; 가정하다	/ˈpɑːstʃəleɪt/	The theory begins with two postulates.	그 이론은 두 개의 가정으로 시작한다.	Scientists postulated a new model.	과학자들은 새로운 모델을 가정했다.	
manometer	noun	압력계	/məˈnɑːmətər/	The manometer measured the pressure.	압력계가 압력을 측정했다.	Check the manometer before use.	사용 전에 압력계를 확인해라.	
barometer	noun	기압계	/bəˈrɑːmətər/	The barometer showed low pressure.	기압계는 저기압을 나타냈다.	A barometer predicts weather changes.	기압계는 날씨 변화를 예측한다.	
intuitive	adjective	직관적인	/ɪnˈtuːətɪv/	The interface is intuitive.	그 인터페이스는 직관적이다.	She has an intuitive understanding.	그녀는 직관적인 이해력을 가지고 있다.	
backbone	noun	등뼈; 핵심, 중추	/ˈbækboʊn/	The internet backbone is expanding.	인터넷 백본이 확장되고 있다.	Honesty is the backbone of trust.	정직은 신뢰의 근간이다.	
assert	verb	주장하다, 단언하다	/əˈsɜːrt/	He asserted his innocence.	그는 자신의 결백을 주장했다.	She asserted that she was right.	그녀는 자신이 옳다고 단언했다.	
primarily	adverb	주로, 대부분	/praɪˈmerərəli/	The course is primarily for beginners.	그 강좌는 주로 초보자를 위한 것이다.	We primarily communicate by email.	우리는 주로 이메일로 소통한다.	
momentum	noun	운동량; 추진력	/moʊˈmentəm/	The project gained momentum.	그 프로젝트는 추진력을 얻었다.	Keep the momentum going.	그 추진력을 유지하라.	
macroscopic	adjective	거시적인, 육안으로 보이는	/ˌmækroʊˈskɑːpɪk/	Macroscopic changes were observed.	육안으로 보이는 변화가 관찰되었다.	The defect is macroscopic.	그 결함은 육안으로 보인다.	
elaborate	adjective,verb	정교한; 자세히 설명하다	/ɪˈlæbərət/	The design is elaborate.	그 디자인은 정교하다.	Please elaborate on your answer.	답변을 좀 더 자세히 설명해 주세요.	
utensil	noun	도구, 기구	/juːˈtensəl/	Kitchen utensils should be clean.	주방 도구는 깨끗해야 한다.	Use the proper utensil.	적절한 도구를 사용해라.	
conventional	adjective	전통적인, 일반적인	/kənˈvenʃənəl/	We used a conventional method.	우리는 전통적인 방법을 사용했다.	This is the conventional approach.	이것이 일반적인 접근법이다.	
assign	verb	할당하다, 배정하다	/əˈsaɪn/	The teacher assigned homework.	선생님은 숙제를 내주셨다.	Assign each task carefully.	각 업무를 신중하게 배정해라.	
decimal	noun,adjective	소수; 십진법의	/ˈdesɪməl/	Write the answer as a decimal.	답을 소수로 써라.	The decimal system is easy to use.	십진법은 사용하기 쉽다.	
metric	noun,adjective	지표; 미터법의	/ˈmetrɪk/	This metric measures performance.	이 지표는 성능을 측정한다.	Most countries use the metric system.	대부분의 국가는 미터법을 사용한다.	
abbreviate	verb	줄여 쓰다	/əˈbriːvieɪt/	Please abbreviate the word.	그 단어를 줄여 쓰세요.	Do not abbreviate proper nouns.	고유명사는 줄여 쓰지 마라.	
pluralize	verb	복수형으로 만들다	/ˈplʊrəlaɪz/	Pluralize the noun.	명사를 복수형으로 만들어라.	Some nouns cannot be pluralized.	일부 명사는 복수형으로 만들 수 없다.	
Congress	noun	미국 의회	/ˈkɑːŋɡrəs/	Congress passed the bill.	의회는 법안을 통과시켰다.	She testified before Congress.	그녀는 의회에서 증언했다.	
relax	verb	긴장을 풀다	/rɪˈlæks/	Take a deep breath and relax.	심호흡하고 긴장을 풀어라.	Relax your shoulders.	어깨의 힘을 빼라.	
prefix	noun	접두사	/ˈpriːfɪks/	Un- is a common prefix.	un-'은 흔한 접두사이다.	Add the correct prefix.	올바른 접두사를 붙여라.	
nuisance	noun	골칫거리, 성가신 것	/ˈnuːsns/	The noise became a nuisance.	그 소음은 골칫거리가 되었다.	Mosquitoes are a nuisance.	모기는 골칫거리이다.	
buoyancy	noun	부력	/ˈbɔɪənsi/	Buoyancy keeps ships afloat.	부력은 배를 물에 뜨게 한다.	The experiment measured buoyancy.	그 실험은 부력을 측정했다.	
cumbersome	adjective	다루기 힘든, 번거로운	/ˈkʌmbərsəm/	The machine is cumbersome.	그 기계는 다루기 힘들다.	The process is cumbersome.	그 과정은 번거롭다.	
calibration	noun	보정, 교정	/ˌkælɪˈbreɪʃən/	The sensor needs calibration.	센서는 보정이 필요하다.	Calibration improves accuracy.	보정은 정확도를 높인다.	
yield	verb,noun	산출하다; 수율, 항복	/jiːld/	The farm yielded a good harvest.	그 농장은 풍작을 거두었다.	The material reached its yield point.	그 재료는 항복점에 도달했다.	
treaty	noun	조약	/ˈtriːti/	The two countries signed a treaty.	두 나라는 조약을 체결했다.	The treaty ended the war.	그 조약은 전쟁을 끝냈다.	
archaic	adjective	고풍의, 고대의	/ɑːrˈkeɪɪk/	The poem uses archaic language.	그 시는 고풍스러운 언어를 사용한다.	Some archaic customs still survive.	일부 고대 풍습은 아직도 남아 있다.	
viscosity	noun	점성, 끈끈함	/vɪˈskɑːsəti/	Oil has a higher viscosity than water.	기름은 물보다 점성이 높다.	Viscosity changes with temperature.	점성은 온도에 따라 변한다.	
thermal	adjective	열의, 온도의	/ˈθɜːrməl/	Thermal energy is converted into electricity.	열에너지는 전기로 변환된다.	The suit provides thermal protection.	그 옷은 보온 기능을 제공한다.	
conductivity	noun	전도성	/ˌkɑːndʌkˈtɪvəti/	Copper has high electrical conductivity.	구리는 전기 전도성이 높다.	Thermal conductivity is important in engineering.	열전도성은 공학에서 중요하다.	
modulus	noun	계수(물리)	/ˈmɑːdjələs/	Young's modulus measures stiffness.	영률은 강성을 측정한다.	The modulus depends on the material.	계수는 재료에 따라 달라진다.	
elasticity	noun	탄성	/ɪˌlæˈstɪsəti/	Rubber has excellent elasticity.	고무는 탄성이 매우 좋다.	The material lost its elasticity.	그 재료는 탄성을 잃었다.	
deteriorate	verb	악화되다, 악화시키다	/dɪˈtɪriəreɪt/	His condition deteriorated rapidly.	그의 상태는 빠르게 악화되었다.	Moisture can deteriorate the material.	습기는 재료를 손상시킬 수 있다.	
uppercase	adjective,noun	대문자의	/ˌʌpərˈkeɪs/	Write your name in uppercase letters.	이름을 대문자로 쓰세요.	The password contains an uppercase letter.	비밀번호에는 대문자가 포함되어 있다.	
lowercase	adjective,noun	소문자의	/ˌloʊərˈkeɪs/	Write the answer in lowercase.	답을 소문자로 쓰세요.	The label uses lowercase letters.	그 라벨은 소문자를 사용한다.	
specific	adjective	구체적인, 특정한	/spəˈsɪfɪk/	Please give a specific example.	구체적인 예를 들어 주세요.	This medicine is for a specific disease.	이 약은 특정 질병에 사용된다.	
disregard	verb,noun	무시하다; 무시	/ˌdɪsrɪˈɡɑːrd/	Do not disregard the warning.	경고를 무시하지 마라.	He showed disregard for safety.	그는 안전을 무시했다.	
rarefied	adjective	희박한, 드문	/ˈrerɪfaɪd/	The climbers entered rarefied air.	등반가들은 희박한 공기 속으로 들어갔다.	The discussion became rarefied.	토론은 매우 전문적인 수준이 되었다.	
incompressible	adjective	압축할 수 없는	/ˌɪnkəmˈpresəbəl/	Water is nearly incompressible.	물은 거의 압축되지 않는다.	The fluid is treated as incompressible.	그 유체는 비압축성으로 취급된다.	
implicit	adjective	암묵적인	/ɪmˈplɪsɪt/	The agreement was implicit.	그 합의는 암묵적이었다.	He placed implicit trust in her.	그는 그녀를 전적으로 신뢰했다.	
mean	adjective,noun	평균의; 평균	/miːn/	Find the mean value.	평균값을 구하시오.	The mean temperature increased.	평균 기온이 상승했다.	
mean free path	noun	평균 자유 행로	/miːn friː pæθ/	The mean free path increases in a vacuum.	진공에서는 평균 자유 행로가 증가한다.	It is an important concept in kinetic theory.	운동론에서 중요한 개념이다.	
infinitesimally	adverb	극히 작게	/ˌɪnfɪnɪˈtesɪməli/	The value changed infinitesimally.	그 값은 극히 조금 변했다.	The particles moved infinitesimally apart.	입자들은 극히 미세하게 떨어졌다.	
internally	adverb	내부적으로	/ɪnˈtɜːrnəli/	The system is internally consistent.	그 시스템은 내부적으로 일관성이 있다.	The company solved the issue internally.	회사는 문제를 내부적으로 해결했다.	
reciprocate	verb	왕복하다, 보답하다	/rɪˈsɪprəkeɪt/	She reciprocated his kindness.	그녀는 그의 친절에 보답했다.	The piston reciprocates rapidly.	피스톤은 빠르게 왕복 운동을 한다.	
saturate	verb	포화시키다	/ˈsætʃəreɪt/	The sponge was saturated with water.	스펀지가 물로 흠뻑 젖었다.	The market is saturated.	시장이 포화 상태이다.	
conjunction	noun	결합, 접속	/kənˈdʒʌŋkʃən/	The planets were in conjunction.	행성들이 일직선상에 놓였다.	Use this conjunction to join the sentences.	이 접속사를 사용해 문장을 연결하라.	
supersede	verb	대체하다	/ˌsuːpərˈsiːd/	This model supersedes the old one.	이 모델은 이전 모델을 대체한다.	The law was superseded by a new act.	그 법은 새로운 법률로 대체되었다.	
amorphous	adjective	비정질의, 무정형의	/əˈmɔːrfəs/	Glass is an amorphous solid.	유리는 비정질 고체이다.	The material has an amorphous structure.	그 재료는 비정질 구조를 가진다.	
waviness	noun	파상도, 물결 모양	/ˈweɪvinəs/	The surface showed slight waviness.	표면에 약간의 파상도가 있었다.	Waviness affects precision.	파상도는 정밀도에 영향을 준다.	
recurrent	adjective	되풀이되는	/rɪˈkɜːrənt/	He has recurrent headaches.	그는 반복적인 두통이 있다.	This is a recurrent problem.	이것은 반복되는 문제이다.	
deviation	noun	편차, 일탈	/ˌdiːviˈeɪʃən/	The deviation was within the acceptable range.	편차는 허용 범위 내였다.	A small deviation can affect the result.	작은 편차도 결과에 영향을 줄 수 있다.	
crest	noun	산마루, 파봉, 최고점	/krest/	The hikers reached the crest.	등산객들은 산마루에 도착했다.	The wave rose to its crest.	파도가 최고점까지 치솟았다.	
deflection	noun	굴절, 편향	/dɪˈflekʃən/	The beam showed slight deflection.	보에 약간의 처짐이 나타났다.	Magnetic fields cause electron deflection.	자기장은 전자의 편향을 일으킨다.	
superimpose	verb	겹쳐 놓다	/ˌsuːpərɪmˈpoʊz/	The engineer superimposed the two images.	엔지니어는 두 영상을 겹쳤다.	The map was superimposed on the satellite image.	지도가 위성사진 위에 겹쳐졌다.	
detrimental	adjective	해로운	/ˌdetrɪˈmentl/	Smoking is detrimental to your health.	흡연은 건강에 해롭다.	The delay was detrimental to the project.	지연은 프로젝트에 악영향을 주었다.	
robust	adjective	견고한, 튼튼한	/roʊˈbʌst/	The software is robust.	그 소프트웨어는 견고하다.	We need a more robust design.	더 견고한 설계가 필요하다.	
asperity	noun	거칠기	/æˈsperəti/	The surface asperity increased friction.	표면 거칠기는 마찰을 증가시켰다.	Asperity affects wear resistance.	거칠기는 내마모성에 영향을 준다.	
adhesion	noun	접착, 접착력	/ədˈhiːʒən/	Adhesion between the layers was strong.	층 사이의 접착력이 강했다.	Poor adhesion caused failure.	접착력이 부족해 파손이 발생했다.	
intimate	adjective	밀접한, 친밀한	/ˈɪntɪmət/	The two variables have an intimate relationship.	두 변수는 밀접한 관계가 있다.	They are intimate friends.	그들은 친한 친구이다.	
moot	adjective	논쟁의 여지가 있는	/muːt/	The issue is still moot.	그 문제는 아직 논란의 여지가 있다.	That's a moot point.	그건 논쟁의 여지가 있는 문제다.	
vividly	adverb	생생하게	/ˈvɪvɪdli/	I vividly remember that day.	나는 그날을 생생하게 기억한다.	The story was vividly described.	그 이야기는 생생하게 묘사되었다.	
cascade	noun,verb	폭포; 폭포처럼 흐르다	/kæˈskeɪd/	A cascade of water flowed down the rocks.	물이 폭포처럼 바위를 따라 흘렀다.	The failures cascaded through the system.	문제는 시스템 전체로 연쇄적으로 퍼졌다.	
symmetrical	adjective	대칭적인	/sɪˈmetrɪkl/	The object is perfectly symmetrical.	그 물체는 완벽하게 대칭이다.	The design is symmetrical.	그 디자인은 대칭적이다.	
propulsion	noun	추진, 추진력	/prəˈpʌlʃən/	The rocket uses chemical propulsion.	그 로켓은 화학 추진 방식을 사용한다.	New propulsion systems are being developed.	새로운 추진 시스템이 개발되고 있다.	
iterative	adjective	반복적인	/ˈɪtəreɪtɪv/	The algorithm is iterative.	그 알고리즘은 반복적이다.	We improved it through an iterative process.	우리는 반복적인 과정을 통해 개선했다.	
fuselage	noun	동체(항공기)	/ˈfjuːzəlɑːʒ/	The fuselage was inspected carefully.	항공기 동체를 자세히 점검했다.	The fuselage was damaged during landing.	착륙 중 동체가 손상되었다.	
maneuverable	adjective	조종이 쉬운	/məˈnuːvərəbl/	The aircraft is highly maneuverable.	그 항공기는 기동성이 뛰어나다.	This boat is easy to maneuver.	이 배는 조종하기 쉽다.	
payload	noun	탑재 하중, 탑재물	/ˈpeɪloʊd/	The rocket carried a heavy payload.	그 로켓은 무거운 탑재물을 실었다.	The payload reached orbit successfully.	탑재체는 성공적으로 궤도에 진입했다.	
loiter	verb	어정거리다	/ˈlɔɪtər/	Do not loiter here.	여기서 어정거리지 마라.	He was caught loitering outside the station.	그는 역 밖에서 어정거리다 적발되었다.	
smuggle	verb	밀수하다	/ˈsmʌɡl/	They tried to smuggle gold across the border.	그들은 국경 너머로 금을 밀수하려 했다.	Drugs were smuggled into the country.	마약이 밀반입되었다.	
mumble	verb	중얼거리다	/ˈmʌmbl/	He mumbled an apology.	그는 중얼거리듯 사과했다.	Stop mumbling and speak clearly.	중얼거리지 말고 분명히 말해라.	
merchandise	noun	상품	/ˈmɜːrtʃəndaɪs/	The store sells sports merchandise.	그 가게는 스포츠 용품을 판다.	The merchandise arrived yesterday.	상품이 어제 도착했다.	
beggar	noun	거지	/ˈbeɡər/	The beggar asked for food.	그 거지는 음식을 구걸했다.	A beggar sat by the road.	거지가 길가에 앉아 있었다.	
drop-off location	noun	하차 장소	/ˈdrɑːp ɔːf loʊˈkeɪʃən/	Please return the car to the drop-off location.	차량을 반납 장소에 가져다 주세요.	The drop-off location has changed.	반납 장소가 변경되었다.	
bigwig	noun	거물, 중요 인물	/ˈbɪɡwɪɡ/	Several political bigwigs attended the meeting.	여러 정계 거물이 회의에 참석했다.	He became a corporate bigwig.	그는 기업의 거물이 되었다.	
caustic	adjective	부식성의; 신랄한	/ˈkɔːstɪk/	Caustic chemicals can burn the skin.	부식성 화학물질은 피부를 태울 수 있다.	He made a caustic remark.	그는 신랄한 말을 했다.	
agitate	verb	흔들다; 동요시키다	/ˈædʒɪteɪt/	Agitate the solution before use.	사용 전에 용액을 흔들어라.	The news agitated the public.	그 소식은 사람들을 동요시켰다.	
conduction	noun	전도	/kənˈdʌkʃən/	Heat conduction occurs through the metal.	열은 금속을 통해 전도된다.	Conduction transfers thermal energy.	전도는 열에너지를 전달한다.	
corrode	verb	부식시키다	/kəˈroʊd/	Salt water corrodes steel.	소금물은 강철을 부식시킨다.	The acid corroded the pipe.	산이 배관을 부식시켰다.	
clamp	verb,noun	고정하다; 클램프	/klæmp/	Clamp the workpiece firmly.	공작물을 단단히 고정하라.	Use a clamp to hold it.	클램프로 고정해라.	
disperse	verb	분산시키다	/dɪˈspɜːrs/	The particles dispersed quickly.	입자들이 빠르게 분산되었다.	Police dispersed the crowd.	경찰은 군중을 해산시켰다.	
precipitate	verb,noun	침전시키다; 침전물	/prɪˈsɪpɪteɪt/	The reaction precipitated a solid.	반응으로 고체가 침전되었다.	A white precipitate formed.	흰색 침전물이 생성되었다.	
solubility	noun	용해도	/ˌsɑːljəˈbɪləti/	The solubility increases with temperature.	용해도는 온도가 올라갈수록 증가한다.	Measure the solubility accurately.	용해도를 정확히 측정하라.	
intermetallic	adjective	금속간의	/ˌɪntərməˈtælɪk/	An intermetallic compound was formed.	금속간 화합물이 생성되었다.	Intermetallic phases are brittle.	금속간상은 취성이 있다.	
bulk	noun	대부분; 벌크	/bʌlk/	The bulk of the material was recycled.	재료 대부분이 재활용되었다.	The goods were shipped in bulk.	상품은 벌크로 운송되었다.	
alteration	noun	변화, 변경	/ˌɔːltəˈreɪʃən/	The alteration improved performance.	변경으로 성능이 향상되었다.	No alteration is allowed.	변경은 허용되지 않는다.	
indentation	noun	압흔, 움푹 들어간 자국	/ˌɪndenˈteɪʃən/	The test measured indentation hardness.	시험은 압흔 경도를 측정했다.	The surface had a small indentation.	표면에 작은 압흔이 있었다.	
temper	verb	담금질하다	/ˈtempər/	The steel was tempered after heating.	강철은 가열 후 담금질되었다.	Tempering improves toughness.	담금질은 인성을 향상시킨다.	
inert	adjective	비활성의	/ɪˈnɜːrt/	Argon is an inert gas.	아르곤은 비활성 기체이다.	The material remained inert.	그 재료는 비활성 상태를 유지했다.	
relieve	verb	완화하다	/rɪˈliːv/	This medicine relieves pain.	이 약은 통증을 완화한다.	The valve relieves pressure.	그 밸브는 압력을 낮춰 준다.	
residual	adjective	잔류의	/rɪˈzɪdʒuəl/	Residual stress remained.	잔류 응력이 남아 있었다.	Residual heat affected the result.	잔열이 결과에 영향을 미쳤다.	
furnace	noun	용광로	/ˈfɜːrnɪs/	The metal was heated in a furnace.	금속은 용광로에서 가열되었다.	The furnace reached 1200°C.	용광로는 1200도에 도달했다.	
annealing	noun	풀림(열처리)	/əˈniːlɪŋ/	Annealing reduces internal stress.	풀림은 내부 응력을 감소시킨다.	The steel underwent annealing.	강은 풀림 처리를 거쳤다.	
induce	verb	유발하다	/ɪnˈduːs/	Stress can induce cracks.	응력은 균열을 유발할 수 있다.	The drug induced sleep.	그 약은 수면을 유도했다.	
diffuse	verb,adjective	확산되다; 확산된	/dɪˈfjuːz/	The gas diffused rapidly.	기체는 빠르게 확산되었다.	Light became diffuse.	빛이 산란되었다.	
inclusion	noun	개재물, 포함	/ɪnˈkluːʒən/	The sample contained inclusions.	시편에는 개재물이 포함되어 있었다.	Inclusion weakens the material.	개재물은 재료를 약하게 만든다.	
imperfection	noun	결함	/ˌɪmpərˈfekʃən/	Every material has imperfections.	모든 재료에는 결함이 있다.	The imperfection caused failure.	그 결함이 파손을 일으켰다.	
devote	verb	바치다, 전념하다	/dɪˈvoʊt/	She devoted her life to science.	그녀는 과학에 인생을 바쳤다.	He devoted himself to research.	그는 연구에 전념했다.	
molten	adjective	녹은, 용융된	/ˈmoʊltən/	Molten metal flowed into the mold.	용융 금속이 금형으로 흘러들어갔다.	The lava remained molten.	용암은 녹은 상태였다.	
configuration	noun	배열, 구성	/kənˌfɪɡjəˈreɪʃən/	The configuration was changed.	구성이 변경되었다.	Check the system configuration.	시스템 구성을 확인하라.	
lattice	noun	격자	/ˈlætɪs/	The crystal has a cubic lattice.	결정은 입방격자를 가진다.	The lattice structure is stable.	격자 구조는 안정적이다.	
schematically	adverb	개략적으로	/skiːˈmætɪkli/	The process is shown schematically.	공정이 개략적으로 나타나 있다.	Draw it schematically.	그것을 개략적으로 그려라.	
symmetric	adjective	대칭의	/sɪˈmetrɪk/	The pattern is symmetric.	그 무늬는 대칭이다.	The design is perfectly symmetric.	설계는 완전히 대칭적이다.	
anisotropic	adjective	이방성의	/ˌænəsaɪˈtrɑːpɪk/	Wood is an anisotropic material.	나무는 이방성 재료이다.	The crystal behaves anisotropically.	그 결정은 이방성 거동을 보인다.	
theoretical	adjective	이론적인	/ˌθiːəˈretɪkl/	The result is theoretical.	그 결과는 이론적이다.	This is a theoretical model.	이것은 이론 모델이다.	
cohesive	adjective	응집성 있는	/koʊˈhiːsɪv/	The material is cohesive.	그 재료는 응집성이 있다.	A cohesive team works efficiently.	응집력 있는 팀은 효율적으로 일한다.	
discrepancy	noun	차이, 불일치	/dɪˈskrepənsi/	There is a discrepancy in the data.	데이터에 차이가 있다.	The discrepancy must be investigated.	그 불일치를 조사해야 한다.	
impede	verb	방해하다, 지연시키다	/ɪmˈpiːd/	Snow impeded traffic.	눈이 교통을 방해했다.	The defect impeded production.	그 결함은 생산을 지연시켰다.	
entanglement	noun	얽힘, 얽힘 상태	/ɪnˈtæŋɡlmənt/	Quantum entanglement is fascinating.	양자 얽힘은 매우 흥미롭다.	The ropes formed an entanglement.	밧줄이 서로 얽혔다.	
die	noun	금형	/daɪ/	The die was replaced.	금형을 교체했다.	The metal was pressed into the die.	금속을 금형에 압착했다.	
impinge	verb	영향을 미치다	/ɪmˈpɪndʒ/	The decision impinged on our plans.	그 결정은 우리의 계획에 영향을 미쳤다.	Heat impinged on the surface.	열이 표면에 작용했다.	
aggregate	noun,verb	총합; 합치다	/ˈæɡrɪɡət/	The aggregate weight was measured.	총중량을 측정했다.	The data were aggregated.	데이터를 종합했다.	
isotropic	adjective	등방성의	/ˌaɪsəˈtrɑːpɪk/	Glass is nearly isotropic.	유리는 거의 등방성이다.	The material behaves isotropically.	그 재료는 등방성 거동을 보인다.	
prevalent	adjective	널리 퍼진	/ˈprevələnt/	This disease is prevalent.	이 질병은 널리 퍼져 있다.	The practice is prevalent worldwide.	그 관행은 전 세계적으로 널리 퍼져 있다.	
crumble	verb	부서지다	/ˈkrʌmbl/	The cookie crumbled easily.	쿠키가 쉽게 부서졌다.	The wall began to crumble.	벽이 무너지기 시작했다.	
disintegrate	verb	분해되다, 산산조각 나다	/dɪsˈɪntɪɡreɪt/	The rock disintegrated.	바위가 산산조각 났다.	The material disintegrated under stress.	재료가 응력으로 분해되었다.	
constituent	noun	구성 요소	/kənˈstɪtʃuənt/	Carbon is a constituent of steel.	탄소는 강철의 구성 요소이다.	Each constituent has a role.	각 구성 요소는 역할이 있다.	
laborious	adjective	힘든, 고된	/ləˈbɔːriəs/	It was a laborious task.	그것은 힘든 작업이었다.	The process is laborious.	그 과정은 매우 고되다.	
mold	noun	금형	/moʊld/	The molten metal filled the mold.	용융 금속이 금형을 채웠다.	The mold was damaged.	금형이 손상되었다.	
lubricant	noun	윤활유	/ˈluːbrɪkənt/	Apply lubricant before use.	사용 전에 윤활유를 바르라.	The lubricant reduced friction.	윤활유가 마찰을 줄였다.	
welding	noun	용접	/ˈweldɪŋ/	Welding requires skill.	용접에는 기술이 필요하다.	The welding quality was excellent.	용접 품질이 우수했다.	
soldering	noun	납땜	/ˈsɑːldərɪŋ/	Soldering connects electronic parts.	납땜은 전자 부품을 연결한다.	He learned soldering.	그는 납땜을 배웠다.	
adhesive	noun,adjective	접착제; 접착성의	/ədˈhiːsɪv/	This adhesive is very strong.	이 접착제는 매우 강하다.	Apply the adhesive evenly.	접착제를 고르게 바르라.	
interchangeable	adjective	교체 가능한	/ˌɪntərˈtʃeɪndʒəbl/	The parts are interchangeable.	부품은 서로 교체 가능하다.	These batteries are interchangeable.	이 배터리들은 호환된다.	
dull	adjective	둔한, 무딘	/dʌl/	The knife is dull.	칼이 무디다.	The surface became dull.	표면이 흐려졌다.	
porous	adjective	다공성의	/ˈpɔːrəs/	The rock is porous.	그 암석은 다공성이다.	Porous materials absorb water.	다공성 재료는 물을 흡수한다.	
invariant	adjective	불변의	/ɪnˈveriənt/	The value is invariant.	그 값은 변하지 않는다.	The equation is invariant under rotation.	그 방정식은 회전에 대해 불변이다.	
groundwork	noun	기초 작업	/ˈɡraʊndwɜːrk/	They laid the groundwork.	그들은 기초 작업을 했다.	The research provides groundwork.	그 연구는 기초를 제공한다.	
entity	noun	개체, 실체	/ˈentəti/	Each entity has an ID.	각 개체에는 ID가 있다.	The company is a legal entity.	회사는 법적 실체이다.	
impulse	noun	충동; 충격량	/ˈɪmpʌls/	He acted on impulse.	그는 충동적으로 행동했다.	Impulse is force times time.	충격량은 힘과 시간의 곱이다.	
numerator	noun	분자	/ˈnuːməreɪtər/	Write the numerator first.	분자를 먼저 쓰세요.	The numerator is larger.	분자가 더 크다.	
denominator	noun	분모	/dɪˈnɑːməneɪtər/	The denominator cannot be zero.	분모는 0이 될 수 없다.	Find the common denominator.	공통 분모를 구하라.	
residue	noun	잔여물	/ˈrezɪduː/	The residue was removed.	잔여물을 제거했다.	The reaction left a residue.	반응 후 잔여물이 남았다.	
subsequent	adjective	그다음의	/ˈsʌbsɪkwənt/	Subsequent tests were successful.	후속 시험은 성공적이었다.	The subsequent chapter explains it.	다음 장에서 그것을 설명한다.	
exponentially	adverb	기하급수적으로	/ˌekspoʊˈnenʃəli/	The population grew exponentially.	인구가 기하급수적으로 증가했다.	Costs increased exponentially.	비용이 기하급수적으로 늘어났다.	
outline	verb,noun	개요를 설명하다; 개요	/ˈaʊtlaɪn/	Please outline your proposal.	제안의 개요를 설명해 주세요.	The outline is clear.	개요가 명확하다.	
forge	verb	단조하다	/fɔːrdʒ/	The blacksmith forged the sword.	대장장이가 검을 단조했다.	The metal was forged at high temperature.	금속은 고온에서 단조되었다.	
extrusion	noun	압출	/ɪkˈstruːʒən/	Extrusion produces long rods.	압출은 긴 봉을 만든다.	The factory uses extrusion.	공장은 압출 공정을 사용한다.	
sheet	noun	판재	/ʃiːt/	The aluminum sheet was thin.	알루미늄 판재는 얇았다.	Cut the sheet carefully.	판재를 조심해서 잘라라.	
mode	noun	방식	/moʊd/	Select the correct mode.	올바른 방식을 선택하라.	The machine has three modes.	기계에는 세 가지 모드가 있다.	
criteria	noun	기준	/kraɪˈtɪriə/	The criteria are strict.	기준이 엄격하다.	Meet all the criteria.	모든 기준을 충족하라.	
beverage	noun	음료	/ˈbevərɪdʒ/	Cold beverages are available.	차가운 음료가 준비되어 있다.	Would you like a beverage?	음료 드릴까요?	
nominal	adjective	명목상의	/ˈnɑːmɪnl/	The nominal value is fixed.	명목값은 고정되어 있다.	The fee is nominal.	요금은 명목 수준이다.	
specimen	noun	시편, 표본	/ˈspesɪmən/	The specimen was tested.	시편을 시험했다.	The museum displayed a rare specimen.	박물관은 희귀한 표본을 전시했다.	
elastic	adjective	탄성의	/ɪˈlæstɪk/	Elastic materials return to shape.	탄성 재료는 원래 형태로 돌아간다.	The band is elastic.	그 밴드는 탄성이 있다.	
lateral	adjective	측면의	/ˈlætərəl/	Lateral movement was restricted.	측면 이동이 제한되었다.	The crack spread laterally.	균열이 측면으로 퍼졌다.	
resilience	noun	탄성, 회복력	/rɪˈzɪliəns/	The material has high resilience.	그 재료는 탄성이 높다.	She showed great resilience.	그녀는 뛰어난 회복력을 보였다.	
anneal	verb	풀림 열처리하다	/əˈniːl/	The steel was annealed.	강철은 풀림 열처리되었다.	Anneal the specimen slowly.	시편을 천천히 풀림 처리하라.	
practical	adjective	실용적인	/ˈpræktɪkl/	This is a practical solution.	이것은 실용적인 해결책이다.	She is very practical.	그녀는 매우 현실적이다.	
elevate	verb	높이다	/ˈelɪveɪt/	The platform elevates the vehicle.	리프트가 차량을 들어 올린다.	The policy elevated standards.	그 정책은 기준을 높였다.	
can't be any worse	phrase	더 나빠질 수도 없다, 최악이다	/kænt bi ˈeni wɜːrs/	Things can't be any worse.	상황이 더 나빠질 수는 없다.	It can't be any worse than before.	전보다 더 나쁠 수는 없다.	
she'll make it	phrase	그녀는 해낼 것이다	/ʃiːl meɪk ɪt/	Don't worry. She'll make it.	걱정 마. 그녀는 해낼 거야.	I believe she'll make it.	나는 그녀가 성공할 거라고 믿는다.	
what is the deal with you?	phrase	도대체 왜 그래?	/wʌt ɪz ðə diːl wɪð juː/	What is the deal with you today?	오늘 도대체 왜 그래?	Seriously, what is the deal with you?	진심으로, 너 왜 그러는 거야?	
the coast is clear	phrase	이제 안전하다	/ðə koʊst ɪz klɪr/	The coast is clear. Let's go.	이제 안전해. 가자.	Wait until the coast is clear.	안전해질 때까지 기다려.	
up ahead	phrase	조금 앞에	/ʌp əˈhed/	There's a bridge up ahead.	조금 앞에 다리가 있다.	I can see lights up ahead.	앞쪽에 불빛이 보인다.	
patrol	noun,verb	순찰; 순찰하다	/pəˈtroʊl/	The police patrol the area every night.	경찰은 매일 밤 그 지역을 순찰한다.	The soldiers were on patrol.	군인들은 순찰 중이었다.	
on your knees	phrase	무릎 꿇어!	/ɑːn jʊr niːz/	Get on your knees!	무릎 꿇어!	He fell on his knees.	그는 무릎을 꿇었다.	
straggler	noun	뒤처진 사람	/ˈstræɡlər/	The stragglers arrived late.	뒤처진 사람들이 늦게 도착했다.	Don't become a straggler.	뒤처지는 사람이 되지 마라.	
instantaneous	adjective	순간적인	/ˌɪnstənˈteɪniəs/	The response was instantaneous.	반응은 즉각적이었다.	The change was almost instantaneous.	변화는 거의 순간적이었다.	
incremental	adjective	점진적인	/ˌɪnkrəˈmentl/	The company made incremental improvements.	회사는 점진적인 개선을 했다.	Progress was incremental.	발전은 점진적이었다.	
precede	verb	앞서다	/prɪˈsiːd/	A warning preceded the explosion.	폭발 전에 경고가 있었다.	Dinner preceded the meeting.	저녁 식사가 회의보다 먼저였다.	
diverge	verb	갈라지다	/daɪˈvɜːrdʒ/	The roads diverge here.	길이 여기서 갈라진다.	Their opinions diverged.	그들의 의견은 갈렸다.	
dissipate	verb	흩어지다, 소멸하다	/ˈdɪsɪpeɪt/	The fog dissipated.	안개가 걷혔다.	Heat dissipates quickly.	열은 빠르게 방출된다.	
sustain	verb	유지하다; 부상을 입다	/səˈsteɪn/	The bridge sustained heavy damage.	그 다리는 큰 피해를 입었다.	We must sustain growth.	우리는 성장을 유지해야 한다.	
jaw	noun	턱	/dʒɔː/	He hurt his jaw.	그는 턱을 다쳤다.	My jaw dropped in surprise.	나는 놀라서 입이 벌어졌다.	
clamp	verb	꽉 죄다, 고정하다	/klæmp/	Clamp the pipe securely.	파이프를 단단히 고정해라.	She clamped her hand over her mouth.	그녀는 입을 손으로 꽉 막았다.	
accordingly	adverb	그에 따라	/əˈkɔːrdɪŋli/	Act accordingly.	그에 맞게 행동하라.	Prices increased accordingly.	가격도 그에 따라 올랐다.	
pertinent	adjective	관련 있는	/ˈpɜːrtɪnənt/	Please ask pertinent questions.	관련 있는 질문을 해 주세요.	His remarks were pertinent.	그의 발언은 적절했다.	
facet	noun	측면, 양상	/ˈfæsɪt/	We discussed every facet of the problem.	우리는 문제의 모든 측면을 논의했다.	This is one facet of the issue.	이것은 그 문제의 한 측면이다.	
aviation	noun	항공	/ˌeɪviˈeɪʃn/	She works in aviation.	그녀는 항공 분야에서 일한다.	Aviation technology is advancing rapidly.	항공 기술은 빠르게 발전하고 있다.	
manipulation	noun	조작	/məˌnɪpjəˈleɪʃn/	Data manipulation is easy with this software.	이 소프트웨어는 데이터 조작이 쉽다.	The results showed market manipulation.	결과는 시장 조작을 보여 주었다.	
on board	phrase	탑승한; 동의하는	/ɑːn bɔːrd/	Everyone is on board.	모두 동의했다.	There were 200 passengers on board.	기내에는 승객 200명이 있었다.	
overhaul	verb,noun	전면 정비; 전면 개편	/ˌoʊvərˈhɔːl/	The engine needs an overhaul.	엔진은 전면 정비가 필요하다.	The company overhauled its system.	회사는 시스템을 전면 개편했다.	
avionics	noun	항공전자장비	/ˌeɪviˈɑːnɪks/	The aircraft has modern avionics.	그 항공기는 최신 항공전자장비를 갖췄다.	He specializes in avionics.	그는 항공전자 분야를 전문으로 한다.	
documentation	noun	문서화, 문서	/ˌdɑːkjəmenˈteɪʃn/	Read the documentation first.	먼저 문서를 읽어라.	The documentation is complete.	문서가 완벽하다.	
debate	noun,verb	토론; 토론하다	/dɪˈbeɪt/	The debate lasted two hours.	토론은 두 시간 동안 이어졌다.	They debated the proposal.	그들은 제안을 토론했다.	
dictate	verb	지시하다, 좌우하다	/ˈdɪkteɪt/	Circumstances dictated the decision.	상황이 결정을 좌우했다.	The manager dictated a letter.	관리자는 편지를 구술했다.	
pertain	verb	관련되다	/pərˈteɪn/	This rule pertains to all employees.	이 규칙은 모든 직원에게 적용된다.	The questions pertain to safety.	질문은 안전과 관련이 있다.	
facilitate	verb	촉진하다	/fəˈsɪlɪteɪt/	The software facilitates communication.	그 소프트웨어는 의사소통을 촉진한다.	New roads facilitate trade.	새로운 도로는 무역을 촉진한다.	
infinitesimal	adjective	극미한	/ˌɪnfɪnɪˈtesɪməl/	The difference is infinitesimal.	그 차이는 극히 미미하다.	An infinitesimal change occurred.	극미한 변화가 일어났다.	
look the other way	phrase	못 본 척하다	/lʊk ði ˈʌðər weɪ/	The guard looked the other way.	경비원은 못 본 척했다.	Don't look the other way.	못 본 척하지 마라.	
worth your while	phrase	할 만한 가치가 있는	/wɜːrθ jʊr waɪl/	It will be worth your while.	그럴 만한 가치가 있을 것이다.	The trip was worth our while.	그 여행은 충분히 가치가 있었다.	
casualty	noun	사상자	/ˈkæʒuəlti/	There were many casualties.	사상자가 많이 발생했다.	The casualties were taken to the hospital.	사상자들은 병원으로 이송되었다.	
sprint	verb,noun	전력질주; 전력질주하다	/sprɪnt/	He sprinted to the finish line.	그는 결승선까지 전력질주했다.	The final sprint was exciting.	마지막 전력질주가 인상적이었다.	
trench	noun	참호	/trentʃ/	The soldiers hid in the trench.	군인들은 참호에 숨었다.	The trench was flooded.	참호에 물이 찼다.	
so far so good	phrase	지금까지는 순조롭다	/soʊ fɑːr soʊ ɡʊd/	So far so good.	지금까지는 순조롭다.	So far so good, let's continue.	지금까지는 잘되고 있으니 계속하자.	
retaliate	verb	보복하다	/rɪˈtælieɪt/	The army retaliated immediately.	군은 즉시 보복했다.	Don't retaliate in anger.	화가 난다고 보복하지 마라.	
sergeant	noun	하사, 경사	/ˈsɑːrdʒənt/	The sergeant gave orders.	하사가 명령을 내렸다.	The sergeant inspected the troops.	하사는 부대를 점검했다.	
ain't	contraction	~이 아니다(구어체)	/eɪnt/	It ain't over yet.	아직 끝난 게 아니다.	This ain't my fault.	이건 내 잘못이 아니다.	비격식 표현
pursuit	noun	추격; 추구	/pərˈsuːt/	The police were in pursuit of the suspect.	경찰은 용의자를 추격 중이었다.	Happiness is worth pursuing.	행복은 추구할 가치가 있다.	
report back	phrase	보고하다	/rɪˈpɔːrt bæk/	Report back when you're finished.	끝나면 보고해라.	The team reported back to headquarters.	팀은 본부에 보고했다.	
nucleus	noun	원자핵	/ˈnuːkliəs/	The nucleus contains protons and neutrons.	원자핵은 양성자와 중성자를 포함한다.	The atom's nucleus is very small.	원자의 핵은 매우 작다.	
chiefly	adverb	주로	/ˈtʃiːfli/	The book is chiefly about history.	그 책은 주로 역사에 관한 것이다.	The region lives chiefly on farming.	그 지역은 주로 농업으로 생계를 유지한다.	
repel	verb	밀어내다, 물리치다	/rɪˈpel/	Like charges repel each other.	같은 전하는 서로 밀어낸다.	The coating repels water.	그 코팅은 물을 튕겨낸다.	
polarity	noun	극성	/pəˈlærəti/	Water has molecular polarity.	물은 분자 극성을 가진다.	Polarity affects solubility.	극성은 용해도에 영향을 준다.	
adhere	verb	들러붙다; 고수하다	/ədˈhɪr/	The label adheres firmly to the surface.	라벨이 표면에 단단히 붙는다.	Please adhere to the rules.	규칙을 준수해 주세요.	
troubleshoot	verb	문제를 해결하다	/ˈtrʌblʃuːt/	The engineer troubleshot the system.	엔지니어가 시스템 문제를 해결했다.	We need to troubleshoot the network.	네트워크 문제를 해결해야 한다.	
induction	noun	유도	/ɪnˈdʌkʃən/	Electric induction occurs without contact.	전기 유도는 접촉 없이 일어난다.	Induction heating is widely used.	유도가열은 널리 사용된다.	
insulate	verb	절연하다	/ˈɪnsəleɪt/	Rubber insulates electricity.	고무는 전기를 절연한다.	These walls insulate against heat.	이 벽은 열을 차단한다.	
vice versa	phrase	반대로, 그 반대도 마찬가지	/ˌvaɪs ˈvɜːrsə/	Parents influence children and vice versa.	부모는 자녀에게 영향을 주고 그 반대도 마찬가지다.	The same is true vice versa.	반대로도 마찬가지이다.	
intensity	noun	강도	/ɪnˈtensəti/	The light intensity increased.	빛의 강도가 증가했다.	The storm lost intensity.	폭풍의 강도가 약해졌다.	
analogy	noun	비유, 유사성	/əˈnælədʒi/	He explained it by analogy.	그는 비유를 통해 설명했다.	There is an analogy between the two systems.	두 시스템 사이에는 유사성이 있다.	
additive	noun,adjective	첨가제; 첨가하는	/ˈædətɪv/	This food contains no additives.	이 음식은 첨가제를 포함하지 않는다.	Additive manufacturing is growing rapidly.	적층 제조가 빠르게 성장하고 있다.	
convertible	adjective	전환 가능한	/kənˈvɜːrtəbl/	The sofa is convertible into a bed.	그 소파는 침대로 전환할 수 있다.	The currency is freely convertible.	그 통화는 자유롭게 환전 가능하다.	
incorporate	verb	포함하다, 통합하다	/ɪnˈkɔːrpəreɪt/	The design incorporates new features.	그 설계는 새로운 기능을 포함한다.	We incorporated your suggestions.	우리는 당신의 제안을 반영했다.	
relay	verb,noun	전달하다; 계전기	/ˈriːleɪ/	Please relay the message.	메시지를 전달해 주세요.	The relay controls the circuit.	계전기가 회로를 제어한다.	
cease	verb	중단되다, 그치다	/siːs/	The rain ceased.	비가 그쳤다.	Operations ceased immediately.	작업은 즉시 중단되었다.	
adhesive	adjective	접착성의	/ədˈhiːsɪv/	The tape is adhesive.	그 테이프는 접착력이 있다.	Apply the adhesive layer evenly.	접착층을 고르게 바르세요.	
subscript	noun	아래첨자	/ˈsʌbskrɪpt/	Write the chemical formula with a subscript.	화학식을 아래첨자로 쓰세요.	The number is shown as a subscript.	숫자는 아래첨자로 표시된다.	
spontaneously	adverb	자발적으로	/spɑːnˈteɪniəsli/	The reaction occurred spontaneously.	반응은 자발적으로 일어났다.	He apologized spontaneously.	그는 자발적으로 사과했다.	
reverse	verb	반전시키다, 뒤집다	/rɪˈvɜːrs/	Reverse the direction.	방향을 반대로 바꾸어라.	The decision was reversed.	그 결정은 번복되었다.	
retrieve	verb	되찾다, 검색하다	/rɪˈtriːv/	The computer retrieved the file.	컴퓨터가 파일을 검색했다.	The dog retrieved the ball.	개가 공을 물어왔다.	
fictitious	adjective	허구의, 가상의	/fɪkˈtɪʃəs/	The story is fictitious.	그 이야기는 허구이다.	Use a fictitious name.	가명을 사용하라.	
render	verb	~한 상태로 만들다	/ˈrendər/	The accident rendered the car useless.	사고로 차를 못 쓰게 되었다.	The software renders images quickly.	그 소프트웨어는 이미지를 빠르게 렌더링한다.	
isothermal	adjective	등온의	/ˌaɪsəˈθɜːrməl/	The process is isothermal.	그 과정은 등온 과정이다.	Isothermal expansion keeps temperature constant.	등온 팽창은 온도를 일정하게 유지한다.	
adiabatic	adjective	단열의	/ˌædiəˈbætɪk/	Adiabatic compression increases temperature.	단열 압축은 온도를 상승시킨다.	The system is assumed to be adiabatic.	그 계는 단열이라고 가정한다.	
applicability	noun	적용 가능성	/əˌplɪkəˈbɪləti/	The applicability of the method was verified.	그 방법의 적용 가능성을 검증했다.	This rule has limited applicability.	이 규칙은 적용 범위가 제한적이다.	
in scope	phrase	범위 내의	/ɪn skoʊp/	This issue is in scope.	이 문제는 범위 내에 있다.	The request is not in scope.	그 요청은 범위 밖이다.	
backlash	noun	반발, 역풍	/ˈbækˌlæʃ/	The decision caused public backlash.	그 결정은 대중의 반발을 불러왔다.	The company faced a backlash.	회사는 거센 역풍을 맞았다.	
compactly	adverb	빽빽하게, 조밀하게	/kəmˈpæktli/	The atoms are compactly arranged.	원자들이 조밀하게 배열되어 있다.	The files were packed compactly.	파일들이 빽빽하게 정리되었다.	
explicitly	adverb	명확하게, 분명하게	/ɪkˈsplɪsɪtli/	The instructions were explicitly stated.	지침이 명확하게 제시되었다.	He explicitly agreed.	그는 분명히 동의했다.	
polynomial	adjective,noun	다항식의; 다항식	/ˌpɑːliˈnoʊmiəl/	This is a polynomial equation.	이것은 다항식 방정식이다.	Solve the polynomial.	다항식을 풀어라.	
cascade	noun	작은 폭포; 연쇄	/kæˈskeɪd/	A small cascade flowed down the hill.	작은 폭포가 언덕을 따라 흘렀다.	The error caused a cascade of failures.	오류가 연쇄적인 실패를 일으켰다.	
microstructure	noun	미세구조	/ˈmaɪkroʊˌstrʌktʃər/	The steel's microstructure was analyzed.	강의 미세구조를 분석했다.	Heat treatment changes the microstructure.	열처리는 미세구조를 변화시킨다.	
alloy	noun	합금	/ˈælɔɪ/	Steel is an alloy.	강은 합금이다.	The alloy has high strength.	그 합금은 강도가 높다.	
wear resistance	noun	내마모성	/wer rɪˈzɪstəns/	This coating improves wear resistance.	이 코팅은 내마모성을 향상시킨다.	The material has excellent wear resistance.	그 재료는 내마모성이 뛰어나다.	
composition	noun	조성, 구성	/ˌkɑːmpəˈzɪʃən/	The chemical composition was measured.	화학 조성을 측정했다.	The alloy composition affects strength.	합금 조성은 강도에 영향을 준다.	
ferrous	adjective	철의, 철을 포함한	/ˈferəs/	Ferrous metals can rust.	철계 금속은 녹이 슬 수 있다.	This is a ferrous alloy.	이것은 철계 합금이다.	
lamella	noun	박판, 얇은 층	/ləˈmelə/	The lamella structure was observed.	얇은 층 구조가 관찰되었다.	The crystal contains fine lamellae.	그 결정은 미세한 박판 구조를 가진다.	
close-packed structure	noun	밀집구조	/ˌkloʊs ˈpækt ˈstrʌktʃər/	The metal has a close-packed structure.	그 금속은 밀집구조를 가진다.	Close-packed structures maximize density.	밀집구조는 밀도를 최대화한다.	
coarse	adjective	거친, 굵은	/kɔːrs/	The grains became coarse.	결정립이 거칠어졌다.	The surface feels coarse.	표면이 거칠게 느껴진다.	
isothermal	adjective	등온의	/ˌaɪsəˈθɜːrməl/	The expansion was isothermal.	팽창은 등온 과정이었다.	Isothermal conditions were maintained.	등온 조건이 유지되었다.	
spherical	adjective	구형의	/ˈsferɪkl/	The particles are spherical.	입자는 구형이다.	A spherical object rolled away.	구형 물체가 굴러갔다.	
conductive	adjective	전도성이 있는	/kənˈdʌktɪv/	Copper is highly conductive.	구리는 전도성이 매우 높다.	The material is electrically conductive.	그 재료는 전기 전도성이 있다.	
propagation	noun	전파, 전파됨	/ˌprɑːpəˈɡeɪʃən/	Crack propagation was observed.	균열 전파가 관찰되었다.	The propagation of heat was slow.	열의 전파는 느렸다.	
interstitial	adjective	사이의, 간극의	/ˌɪntərˈstɪʃl/	Carbon occupies interstitial sites.	탄소는 간극 자리를 차지한다.	Interstitial atoms distort the lattice.	간극 원자는 격자를 변형시킨다.	
gradient	noun	기울기, 변화도	/ˈɡreɪdiənt/	The temperature gradient increased.	온도 구배가 증가했다.	A concentration gradient was formed.	농도 구배가 형성되었다.	
tetragonal	adjective	정사각형의, 정방정계의	/təˈtræɡənl/	The crystal is tetragonal.	그 결정은 정방정계이다.	The phase has a tetragonal structure.	그 상은 정방정 구조를 가진다.	
intermediate	adjective,noun	중간의; 중간 단계	/ˌɪntərˈmiːdiət/	The reaction formed an intermediate.	반응 중간생성물이 생성되었다.	This is an intermediate step.	이것은 중간 단계이다.	
coalesce	verb	합쳐지다, 융합되다	/ˌkoʊəˈles/	The droplets coalesced into one.	물방울들이 하나로 합쳐졌다.	The particles coalesced during heating.	입자들이 가열 중 융합되었다.	
carbide	noun	탄화물	/ˈkɑːrbaɪd/	Tungsten carbide is very hard.	탄화텅스텐은 매우 단단하다.	The carbide improved wear resistance.	탄화물이 내마모성을 향상시켰다.	
dissolve	verb	녹다, 용해되다	/dɪˈzɑːlv/	Salt dissolves in water.	소금은 물에 녹는다.	The solid dissolved completely.	고체가 완전히 용해되었다.	
doorway	noun	출입구	/ˈdɔːrweɪ/	She stood in the doorway.	그녀는 출입구에 서 있었다.	Don't block the doorway.	출입구를 막지 마라.	
identical	adjective	똑같은, 동일한	/aɪˈdentɪkl/	The two bags are identical.	두 가방은 똑같다.	They gave identical answers.	그들은 똑같은 답을 했다.	
driveway	noun	차도, 진입로	/ˈdraɪvweɪ/	A car was parked in the driveway.	차가 진입로에 주차되어 있었다.	Please keep the driveway clear.	진입로를 비워 두세요.	
polish	verb	닦다, 광을 내다	/ˈpɑːlɪʃ/	He polished his shoes.	그는 신발을 닦았다.	Polish the surface until it shines.	표면이 빛날 때까지 닦아라.	
handrail	noun	난간	/ˈhændreɪl/	Hold the handrail when using the stairs.	계단을 이용할 때 난간을 잡아라.	The handrail is made of steel.	난간은 강철로 만들어졌다.	
patio	noun	테라스, 안뜰	/ˈpætioʊ/	We had lunch on the patio.	우리는 테라스에서 점심을 먹었다.	The patio overlooks the garden.	테라스는 정원을 내려다본다.	
portion	noun	부분; 1인분	/ˈpɔːrʃn/	He ate a large portion of pasta.	그는 파스타를 많이 먹었다.	Only a small portion was damaged.	일부만 손상되었다.	
customs form	noun	세관 신고서	/ˈkʌstəmz fɔːrm/	Please fill out the customs form.	세관 신고서를 작성하세요.	Show your customs form to the officer.	세관 직원에게 신고서를 보여 주세요.	
due to	phrase	~ 때문에	/duː tuː/	The flight was delayed due to bad weather.	비행기는 악천후 때문에 지연되었다.	The event was canceled due to rain.	행사는 비 때문에 취소되었다.	
auditorium	noun	강당, 공연장	/ˌɔːdɪˈtɔːriəm/	The lecture was held in the auditorium.	강연은 강당에서 열렸다.	The auditorium was full.	강당은 가득 찼다.	
carry-on	noun	기내 반입 수하물	/ˈkæri ɑːn/	Your carry-on must fit under the seat.	기내 반입 가방은 좌석 아래에 들어가야 한다.	I only brought a carry-on.	나는 기내 반입 가방만 가져왔다.	
overhead compartment	noun	머리 위 수납칸	/ˌoʊvərhed kəmˈpɑːrtmənt/	Put your bag in the overhead compartment.	가방을 머리 위 수납칸에 넣으세요.	The overhead compartment was full.	머리 위 수납칸이 가득 찼다.	
reclaim	verb	되찾다, 찾아가다	/rɪˈkleɪm/	Passengers reclaimed their luggage.	승객들은 짐을 찾아갔다.	We reclaimed the land.	우리는 그 땅을 되찾았다.	
dietary restriction	noun	음식 제한, 식이 제한	/ˈdaɪəteri rɪˈstrɪkʃən/	Do you have any dietary restrictions?	음식 제한이 있으신가요?	Please tell us your dietary restrictions.	식이 제한 사항을 알려 주세요.	
attorney	noun	변호사	/əˈtɜːrni/	She consulted an attorney.	그녀는 변호사와 상담했다.	The attorney prepared the contract.	변호사가 계약서를 작성했다.	
typo	noun	오타	/ˈtaɪpoʊ/	I found a typo in the report.	보고서에서 오타를 발견했다.	Please fix the typo.	오타를 수정해 주세요.	
pier	noun	부두	/pɪr/	The ship arrived at the pier.	배가 부두에 도착했다.	We walked along the pier.	우리는 부두를 따라 걸었다.	
be arranged in rows	phrase	여러 줄로 배열되다	/bi əˈreɪndʒd ɪn roʊz/	The chairs were arranged in rows.	의자들이 여러 줄로 배열되어 있었다.	The books are arranged in rows.	책들이 여러 줄로 정리되어 있다.	
be occupied	phrase	(자리가) 차 있다	/bi ˈɑːkjupaɪd/	All the seats were occupied.	모든 좌석이 차 있었다.	The room is occupied.	그 방은 사용 중이다.	
be taken	phrase	(자리가) 차 있다	/bi ˈteɪkən/	I'm sorry, this seat is taken.	죄송하지만 이 자리는 이미 찼습니다.	All the tables are taken.	모든 테이블이 차 있다.	
be laid end to end	phrase	끝과 끝이 맞닿게 놓이다	/bi leɪd end tə end/	The pipes were laid end to end.	파이프들이 끝과 끝이 맞닿게 놓여 있었다.	The logs were laid end to end.	통나무들이 끝과 끝이 이어져 놓여 있었다.	
overlook	verb	내려다보다	/ˌoʊvərˈlʊk/	The hotel overlooks the sea.	그 호텔은 바다를 내려다본다.	The house overlooks the valley.	그 집은 계곡이 내려다보이는 곳에 있다.	
be tossed about	phrase	(배가) 흔들리다	/bi tɔːst əˈbaʊt/	The boat was tossed about by the waves.	배가 파도에 심하게 흔들렸다.	The ship was tossed about during the storm.	폭풍 동안 배가 심하게 흔들렸다.	
go through the woods	phrase	(길이) 숲속으로 나 있다	/ɡoʊ θruː ðə wʊdz/	The trail goes through the woods.	오솔길이 숲속으로 나 있다.	The road goes through the woods.	길이 숲을 지난다.	
run through the woods	phrase	(길이) 숲속으로 뻗어 있다	/rʌn θruː ðə wʊdz/	A narrow path runs through the woods.	좁은 길이 숲속으로 이어져 있다.	The stream runs through the woods.	시냇물이 숲을 가로질러 흐른다.	
pass through the forest	phrase	(길이) 숲을 지나가다	/pæs θruː ðə ˈfɔːrɪst/	The road passes through the forest.	길이 숲을 지나간다.	We passed through the forest at dawn.	우리는 새벽에 숲을 통과했다.	
be scattered through	phrase	곳곳에 흩어져 있다	/bi ˈskætərd θruː/	Small villages are scattered through the valley.	작은 마을들이 계곡 곳곳에 흩어져 있다.	The islands are scattered throughout the sea.	섬들이 바다 곳곳에 흩어져 있다.	
be completely bare	phrase	(풀·잎 등이) 매우 황량하다	/bi kəmˈpliːtli ber/	The trees were completely bare in winter.	겨울에는 나무에 잎이 하나도 없었다.	The field was completely bare.	들판이 매우 황량했다.	
extend across	verb	~을 가로질러 뻗어 있다	/ɪkˈstend əˈkrɔːs/	The bridge extends across the river.	다리가 강을 가로질러 뻗어 있다.	The fence extends across the field.	울타리가 들판을 가로지른다.	
be deserted	phrase	사람이 없다, 텅 비어 있다	/bi dɪˈzɜːrtɪd/	The streets were deserted.	거리에 사람이 없었다.	The beach was deserted.	해변이 텅 비어 있었다.	
shoreline	noun	해안선	/ˈʃɔːrlaɪn/	The shoreline stretches for miles.	해안선이 수 마일에 걸쳐 이어진다.	We walked along the shoreline.	우리는 해안선을 따라 걸었다.	
auditorium	noun	강당	/ˌɔːdɪˈtɔːriəm/	The concert was held in the auditorium.	공연은 강당에서 열렸다.	The auditorium was packed.	강당은 만원이었다.	
podium	noun	연단	/ˈpoʊdiəm/	The speaker stood at the podium.	연사가 연단에 섰다.	She walked up to the podium.	그녀는 연단으로 걸어갔다.	
page	noun	(책의) 쪽, 페이지	/peɪdʒ/	Turn to page ten.	10쪽을 펴세요.	I bookmarked the page.	그 페이지를 책갈피해 두었다.	
business card	noun	명함	/ˈbɪznəs kɑːrd/	Here's my business card.	제 명함입니다.	She handed me her business card.	그녀가 나에게 명함을 건넸다.	
test tube	noun	시험관	/ˈtest tuːb/	The liquid was poured into a test tube.	액체를 시험관에 넣었다.	The scientist held a test tube.	과학자가 시험관을 들고 있었다.	
instrument	noun	기구, 도구	/ˈɪnstrəmənt/	This instrument measures pressure.	이 기구는 압력을 측정한다.	The surgeon picked up an instrument.	외과의가 기구를 집어 들었다.	
arrange	verb	정리하다, 배열하다	/əˈreɪndʒ/	Arrange the books alphabetically.	책을 가나다순으로 정리해라.	She arranged the flowers.	그녀는 꽃을 정리했다.	
barber	noun	이발사	/ˈbɑːrbər/	I went to the barber.	나는 이발소에 갔다.	The barber cut my hair short.	이발사가 머리를 짧게 잘랐다.	
pulp	noun	과육	/pʌlp/	The orange pulp is sweet.	오렌지 과육은 달다.	Remove the pulp before cooking.	요리 전에 과육을 제거해라.	
rest	verb	놓다; 얹다; 기대다; 휴식하다	/rest/	Rest your hand on the table.	손을 탁자 위에 올려놓아라.	He rested against the wall.	그는 벽에 기대었다.	
wing	noun	별관; 날개	/wɪŋ/	The meeting was held in the east wing.	회의는 동쪽 별관에서 열렸다.	The bird spread its wings.	새가 날개를 펼쳤다.	
panty	noun	여성 팬티	/ˈpænti/	She bought a new pair of panties.	그녀는 새 팬티를 샀다.	The drawer contains underwear and panties.	서랍에는 속옷과 팬티가 들어 있다.	
develop	verb	(필름을) 현상하다; 개발하다	/dɪˈveləp/	I need to develop this roll of film.	이 필름을 현상해야 한다.	The company developed new software.	회사는 새로운 소프트웨어를 개발했다.	
roll of film	noun	필름 한 통	/roʊl əv fɪlm/	I found an old roll of film.	오래된 필름 한 통을 발견했다.	The roll of film was damaged.	필름 한 통이 손상되었다.	
traffic	noun	교통(량)	/ˈtræfɪk/	Traffic is heavy this morning.	오늘 아침 교통량이 많다.	The accident blocked traffic.	사고로 교통이 막혔다.	
bar	noun	막대; 장애물	/bɑːr/	The bar blocked the entrance.	막대가 입구를 막았다.	He jumped over the bar.	그는 장애물을 뛰어넘었다.	
set out	verb	진열되어 있다; 펼쳐 놓다	/set aʊt/	The dishes were set out on the table.	접시들이 식탁 위에 진열되어 있었다.	The goods were neatly set out.	상품들이 가지런히 진열되어 있었다.	
light fixture	noun	조명기구	/laɪt ˈfɪkstʃər/	The light fixture needs to be replaced.	조명기구를 교체해야 한다.	A new light fixture was installed.	새 조명기구가 설치되었다.	
shade	noun	블라인드, 차양	/ʃeɪd/	Pull down the shade.	블라인드를 내려라.	The shade blocks sunlight.	블라인드가 햇빛을 막아 준다.	
have been pulled shut	phrase	닫혀 있다	/hæv bɪn pʊld ʃʌt/	The curtains have been pulled shut.	커튼이 닫혀 있다.	The blinds had been pulled shut.	블라인드가 내려져 있었다.	
adjust	verb	조정하다	/əˈdʒʌst/	Adjust the chair height.	의자 높이를 조절해라.	He adjusted the mirror.	그는 거울을 조정했다.	
spectator	noun	관객, 구경꾼	/ˈspekteɪtər/	The spectators cheered loudly.	관객들이 크게 환호했다.	Many spectators watched the game.	많은 관객이 경기를 관람했다.	
adjourn	verb	휴회하다; 연기하다	/əˈdʒɜːrn/	The meeting was adjourned.	회의가 휴회되었다.	The court adjourned until Monday.	법원은 월요일까지 휴정했다.	
scenery	noun	풍경	/ˈsiːnəri/	The mountain scenery was beautiful.	산 풍경이 아름다웠다.	I enjoyed the scenery on the trip.	여행 중 풍경을 즐겼다.	
carton	noun	판지 상자	/ˈkɑːrtn/	The milk came in a carton.	우유는 종이팩에 담겨 있었다.	Move the carton carefully.	상자를 조심해서 옮겨라.	
stack	verb	(여러 개를) 쌓아 올리다	/stæk/	Stack the boxes neatly.	상자를 가지런히 쌓아라.	The books were stacked on the desk.	책들이 책상 위에 쌓여 있었다.	
run through the field	phrase	(길이) 들판을 가로질러 나 있다	/rʌn θruː ðə fiːld/	A narrow path runs through the field.	좁은 길이 들판을 가로질러 나 있다.	The stream runs through the field.	시냇물이 들판을 가로질러 흐른다.	
rake	verb	갈퀴로 긁어 모으다	/reɪk/	He raked the leaves into a pile.	그는 낙엽을 갈퀴로 긁어 모았다.	Rake the grass after mowing.	잔디를 깎은 뒤 갈퀴질해라.	
be assembled for	phrase	~을 위해 모이다	/bi əˈsembld fɔːr/	The students were assembled for the ceremony.	학생들이 행사를 위해 모였다.	Everyone assembled for the meeting.	모두 회의를 위해 모였다.	
arm in arm	phrase	팔짱을 끼고	/ɑːrm ɪn ɑːrm/	They walked arm in arm.	그들은 팔짱을 끼고 걸었다.	The couple entered arm in arm.	그 커플은 팔짱을 끼고 들어왔다.	
side by side	phrase	나란히	/saɪd baɪ saɪd/	They sat side by side.	그들은 나란히 앉았다.	The houses stand side by side.	집들이 나란히 서 있다.	
sit across from each other	phrase	서로 마주 앉다	/sɪt əˈkrɔːs frəm iːtʃ ˈʌðər/	We sat across from each other.	우리는 서로 마주 앉았다.	They were sitting across from each other.	그들은 서로 마주 보고 앉아 있었다.	
in a line	phrase	한 줄로	/ɪn ə laɪn/	The children stood in a line.	아이들이 한 줄로 섰다.	Please wait in a line.	한 줄로 기다려 주세요.	
cone	noun	원뿔; 원뿔 모양의 것	/koʊn/	The ice cream was served in a cone.	아이스크림이 콘에 담겨 나왔다.	The cone has a circular base.	원뿔은 원형 밑면을 가진다.	
packet	noun	소포; 꾸러미; 봉지	/ˈpækɪt/	She opened a packet of sugar.	그녀는 설탕 봉지를 열었다.	I received a packet in the mail.	나는 우편으로 소포를 받았다.	
directory	noun	주소록; 명부	/dəˈrektəri/	Look up his name in the directory.	주소록에서 그의 이름을 찾아라.	The directory contains all employees.	명부에는 모든 직원이 있다.	
litter	noun,verb	쓰레기; 쓰레기를 버리다	/ˈlɪtər/	Don't leave litter in the park.	공원에 쓰레기를 버리지 마라.	People littered the beach.	사람들이 해변에 쓰레기를 버렸다.	
board	verb	(배·기차·비행기 등에) 타다	/bɔːrd/	We boarded the train.	우리는 기차에 탔다.	Passengers are now boarding.	승객들이 탑승 중이다.	
aboard	adverb,preposition	탑승하여; ~을 타고	/əˈbɔːrd/	Welcome aboard!	탑승을 환영합니다!	Everyone aboard survived.	탑승자 모두가 생존했다.	
address	noun,verb	주소; 연설; 연설하다	/əˈdres/	He gave an address to the audience.	그는 청중에게 연설했다.	Please write your address here.	여기에 주소를 적어 주세요.	
tugboat	noun	예인선	/ˈtʌɡboʊt/	The tugboat pulled the large ship.	예인선이 큰 배를 끌었다.	A tugboat guided the vessel into port.	예인선이 선박을 항구로 안내했다.	
port	noun	항구	/pɔːrt/	The ship arrived at the port.	배가 항구에 도착했다.	The port was busy with cargo ships.	항구는 화물선으로 붐볐다.	
oat	noun	귀리	/oʊt/	Oats are rich in fiber.	귀리는 식이섬유가 풍부하다.	He eats oatmeal made from oats.	그는 귀리로 만든 오트밀을 먹는다.	
petting	noun	애무	/ˈpetɪŋ/	The movie only implied petting.	그 영화는 애무를 암시할 뿐이었다.	Public petting made them uncomfortable.	공공장소에서의 애무는 사람들을 불편하게 했다.	
loaf	noun	(빵의) 한 덩어리	/loʊf/	I bought a loaf of bread.	나는 식빵 한 덩어리를 샀다.	She sliced the loaf.	그녀는 빵 한 덩어리를 썰었다.	
cattle	noun	소(집합명사)	/ˈkætl/	The cattle were grazing.	소들이 풀을 뜯고 있었다.	The farmer owns hundreds of cattle.	그 농부는 수백 마리의 소를 기른다.	
description	noun	묘사; 설명	/dɪˈskrɪpʃən/	His description was accurate.	그의 설명은 정확했다.	The book gives a detailed description.	그 책은 자세한 설명을 제공한다.	
rug	noun	깔개, 양탄자	/rʌɡ/	There is a rug under the table.	탁자 아래에 양탄자가 있다.	The rug kept the floor warm.	양탄자가 바닥을 따뜻하게 유지해 주었다.	
over	preposition	~위에	/ˈoʊvər/	A lamp hangs over the table.	탁자 위에 등이 매달려 있다.	The plane flew over the city.	비행기가 도시 위를 날았다.	
microphone	noun	마이크	/ˈmaɪkrəfoʊn/	Speak into the microphone.	마이크에 대고 말하세요.	The microphone isn't working.	마이크가 작동하지 않는다.	
file the paper	phrase	서류를 철하다, 보관하다	/faɪl ðə ˈpeɪpər/	Please file the papers after signing them.	서명 후 서류를 철해 주세요.	She filed the documents carefully.	그녀는 서류를 꼼꼼히 보관했다.	
tying	noun	매기, 묶기	/ˈtaɪɪŋ/	The tying of the rope took only a minute.	밧줄을 묶는 데 1분밖에 걸리지 않았다.	Proper tying prevents accidents.	올바른 묶기는 사고를 예방한다.	
counterpart	noun	대응물, 상대편, 대응 관계의 사람	/ˈkaʊntərpɑːrt/	I spoke with my counterpart in Japan.	나는 일본의 담당자와 이야기했다.	This machine is the counterpart of the older model.	이 기계는 구형 모델의 대응 모델이다.	
perpendicular	adjective	직각의, 수직의	/ˌpɜːrpənˈdɪkjələr/	The two lines are perpendicular.	두 직선은 서로 수직이다.	Draw a perpendicular line.	수직선을 그려라.	
imprint	noun,verb	흔적, 자국; 새기다	/ɪmˈprɪnt/	The tire left an imprint in the mud.	타이어가 진흙에 자국을 남겼다.	The experience imprinted itself on my memory.	그 경험은 내 기억에 깊이 새겨졌다.	
excess	noun	초과, 과잉	/ɪkˈses/	Excess heat was removed.	과잉 열을 제거했다.	Avoid excess spending.	과도한 지출을 피하라.	
calibrate	verb	보정하다, 눈금을 맞추다	/ˈkælɪbreɪt/	Calibrate the instrument before use.	사용 전에 기기를 보정하라.	The sensor was carefully calibrated.	센서를 정밀하게 보정했다.	
moderate	adjective	보통의, 중간의	/ˈmɑːdərət/	The damage was moderate.	피해는 보통 수준이었다.	Exercise at a moderate pace.	적당한 속도로 운동해라.	
column	noun	기둥, 기둥형 구조	/ˈkɑːləm/	The roof is supported by columns.	지붕은 기둥으로 지탱된다.	A marble column stood at the entrance.	입구에 대리석 기둥이 서 있었다.	
deflect	verb	방향을 바꾸다, 빗나가게 하다	/dɪˈflekt/	The shield deflected the arrow.	방패가 화살의 방향을 바꾸었다.	The mirror deflects light.	거울은 빛을 반사시켜 방향을 바꾼다.	
collimate	verb	평행하게 만들다, 평행광으로 만들다	/ˈkɑːlɪmeɪt/	The lens collimates the laser beam.	렌즈가 레이저 빔을 평행하게 만든다.	The light was collimated before measurement.	빛은 측정 전에 평행광으로 만들어졌다.	
diaphragm	noun	격막; (기계의) 다이어프램	/ˈdaɪəfræm/	The pump uses a flexible diaphragm.	펌프는 유연한 격막을 사용한다.	The diaphragm controls the pressure.	격막이 압력을 조절한다.	
circuit	noun	회로	/ˈsɜːrkɪt/	The circuit was completed.	회로가 완성되었다.	Check the electrical circuit.	전기 회로를 점검해라.	
amplify	verb	증폭시키다	/ˈæmplɪfaɪ/	The amplifier amplifies the signal.	증폭기가 신호를 증폭시킨다.	The microphone amplified her voice.	마이크가 그녀의 목소리를 증폭했다.	
nonporous	adjective	비다공성의	/ˌnɑːnˈpɔːrəs/	Glass is a nonporous material.	유리는 비다공성 재료이다.	Use a nonporous surface.	비다공성 표면을 사용하라.	
gradient	noun	기울기, 구배, 변화도	/ˈɡreɪdiənt/	The temperature gradient was measured.	온도 구배를 측정했다.	A steep gradient increases the flow.	큰 기울기는 흐름을 증가시킨다.	
clog	verb	막히다, 막다	/klɑːɡ/	The drain was clogged with hair.	배수구가 머리카락으로 막혔다.	Fat can clog the pipes.	기름은 배관을 막을 수 있다.	
modulus of elasticity	noun	탄성계수	/ˈmɑːdʒələs əv ɪˌlæˈstɪsəti/	Steel has a high modulus of elasticity.	강철은 탄성계수가 높다.	The modulus of elasticity was measured.	탄성계수를 측정했다.	
intensive	adjective	집약적인	/ɪnˈtensɪv/	The course is intensive.	그 과정은 집중적이다.	Intensive training improved performance.	집중 훈련이 성과를 향상시켰다.	
intensive property	noun	세기성질	/ɪnˈtensɪv ˈprɑːpərti/	Temperature is an intensive property.	온도는 세기성질이다.	Pressure is also an intensive property.	압력도 세기성질이다.	
extensive property	noun	크기성질	/ɪkˈstensɪv ˈprɑːpərti/	Mass is an extensive property.	질량은 크기성질이다.	Volume is an extensive property.	부피는 크기성질이다.	
state	noun	상태	/steɪt/	The material changed its state.	물질의 상태가 변했다.	The system reached equilibrium state.	계는 평형 상태에 도달했다.	
postulate	verb,noun	가정하다; 가설	/ˈpɑːstʃəleɪt/	The theory postulates an ideal condition.	그 이론은 이상적인 조건을 가정한다.	The postulate was later verified.	그 가설은 나중에 검증되었다.	
implicit	adjective	암시된, 내포된	/ɪmˈplɪsɪt/	His approval was implicit.	그의 승인은 암묵적이었다.	The contract contains implicit assumptions.	계약에는 암묵적인 가정이 포함되어 있다.	
reciprocal	adjective	상호간의, 상호의	/rɪˈsɪprəkl/	They reached a reciprocal agreement.	그들은 상호 합의에 도달했다.	Reciprocal respect is important.	상호 존중이 중요하다.	
immiscible	adjective	혼합되지 않는	/ɪˈmɪsəbl/	Oil and water are immiscible.	기름과 물은 서로 섞이지 않는다.	The two liquids are immiscible.	그 두 액체는 혼합되지 않는다.	
precise	adjective	정확한	/prɪˈsaɪs/	The measurement is precise.	측정값이 정확하다.	Please give precise instructions.	정확한 지시를 내려 주세요.	
cohesive	adjective	응집성 있는	/koʊˈhiːsɪv/	The soil is cohesive.	그 흙은 응집성이 있다.	A cohesive team works efficiently.	응집력 있는 팀은 효율적으로 일한다.	
deviation	noun	일탈, 편차	/ˌdiːviˈeɪʃn/	The deviation was very small.	편차가 매우 작았다.	Standard deviation is widely used.	표준편차는 널리 사용된다.	
account for	verb	설명하다; 차지하다	/əˈkaʊnt fər/	This accounts for the difference.	이것이 그 차이를 설명한다.	Water accounts for most of the mixture.	물은 혼합물의 대부분을 차지한다.	
incorporate	verb	포함하다	/ɪnˈkɔːrpəreɪt/	The report incorporates new data.	보고서는 새로운 데이터를 포함한다.	The design incorporates safety features.	설계에는 안전 기능이 포함되어 있다.	
plot	verb	(그래프를) 그리다	/plɑːt/	Plot the data on a graph.	데이터를 그래프에 그려라.	The points were plotted accurately.	점들이 정확하게 표시되었다.	
concentric	adjective	동심의	/kənˈsentrɪk/	The circles are concentric.	그 원들은 동심원이다.	The rings are concentric.	고리들이 동심이다.	
journal bearing	noun	저널 베어링	/ˈdʒɜːrnl ˈberɪŋ/	The shaft rotates inside the journal bearing.	축이 저널 베어링 안에서 회전한다.	The journal bearing requires lubrication.	저널 베어링은 윤활이 필요하다.	
symmetry	noun	대칭, 균형	/ˈsɪmətri/	The crystal has perfect symmetry.	그 결정은 완벽한 대칭성을 가진다.	The design emphasizes symmetry.	그 디자인은 대칭을 강조한다.	
downstream	adjective,adverb	하류의; 하류로	/ˌdaʊnˈstriːm/	The downstream flow is slower.	하류의 흐름이 더 느리다.	The pollution spread downstream.	오염이 하류로 퍼졌다.	
wake	noun	후류, 항적	/weɪk/	The boat left a wake behind it.	배 뒤에 후류가 생겼다.	The aircraft flew through the wake.	항공기가 후류를 통과했다.	
approximate	adjective,verb	대략적인; 근사하다	/əˈprɑːksɪmət/	The approximate value is 10.	근사값은 10이다.	We approximated the result.	우리는 결과를 근사했다.	
irritate	verb	짜증나게 하다, 자극하다	/ˈɪrɪteɪt/	The smoke irritated my eyes.	연기가 눈을 자극했다.	Don't irritate him.	그를 짜증 나게 하지 마라.	
chaotic	adjective	혼돈스러운	/keɪˈɑːtɪk/	The traffic was chaotic.	교통이 매우 혼란스러웠다.	The system became chaotic.	시스템이 혼란스러워졌다.	
thermosiphon	noun	열사이펀	/ˈθɜːrmoʊˌsaɪfən/	A thermosiphon circulates fluid naturally.	열사이펀은 유체를 자연 순환시킨다.	The cooling system uses a thermosiphon.	냉각 시스템은 열사이펀을 사용한다.	
collector	noun	수집기, 집열기	/kəˈlektər/	The solar collector absorbs heat.	태양열 집열기가 열을 흡수한다.	The dust collector was cleaned.	집진기를 청소했다.	
uniform	adjective	균일한	/ˈjuːnɪfɔːrm/	The temperature is uniform.	온도가 균일하다.	Apply a uniform pressure.	균일한 압력을 가해라.	
transient	adjective	일시적인, 순간적인	/ˈtrænziənt/	The effect is transient.	그 효과는 일시적이다.	A transient response was observed.	과도 응답이 관찰되었다.	
oscillate	verb	진동하다	/ˈɑːsəleɪt/	The pendulum oscillates.	진자가 진동한다.	The signal oscillated rapidly.	신호가 빠르게 진동했다.	
reciprocate	verb	왕복 운동하다; 보답하다	/rɪˈsɪprəkeɪt/	The piston reciprocates inside the cylinder.	피스톤이 실린더 안에서 왕복 운동한다.	She reciprocated his kindness.	그녀는 그의 친절에 보답했다.	
inlet	noun	입구, 유입구	/ˈɪnlet/	Water enters through the inlet.	물이 유입구를 통해 들어온다.	Check the air inlet.	공기 흡입구를 점검해라.	
pulsating	adjective	맥동하는	/ˈpʌlseɪtɪŋ/	The pump creates a pulsating flow.	펌프가 맥동 유동을 만든다.	The light was pulsating.	빛이 맥동하고 있었다.	
eddy	noun	소용돌이	/ˈedi/	An eddy formed behind the rock.	바위 뒤에 소용돌이가 생겼다.	The leaves spun in an eddy.	나뭇잎이 소용돌이 속에서 돌았다.	
shed	verb	떨어뜨리다; 방출하다	/ʃed/	The tree sheds its leaves.	나무가 잎을 떨어뜨린다.	The material sheds heat quickly.	그 재료는 열을 빠르게 방출한다.	
coefficient	noun	계수	/ˌkoʊɪˈfɪʃənt/	The coefficient was calculated.	계수를 계산했다.	The friction coefficient is low.	마찰계수가 낮다.	
induce	verb	유발하다	/ɪnˈduːs/	Stress can induce failure.	응력은 파손을 유발할 수 있다.	The field induces a current.	자기장이 전류를 유도한다.	
fluctuation	noun	변동	/ˌflʌktʃuˈeɪʃn/	Temperature fluctuations were recorded.	온도 변동이 기록되었다.	Price fluctuation is expected.	가격 변동이 예상된다.	
primary	adjective	기본적인, 주요한	/ˈpraɪmeri/	The primary goal is safety.	최우선 목표는 안전이다.	This is the primary reason.	이것이 주된 이유이다.	
render	verb	~한 상태로 만들다	/ˈrendər/	The damage rendered the engine useless.	손상으로 엔진을 사용할 수 없게 되었다.	The heat rendered the plastic soft.	열이 플라스틱을 부드럽게 만들었다.	
cylindrical coordinates	noun	원기둥 좌표계	/sɪˈlɪndrɪkl koʊˈɔːrdɪnəts/	The equation is expressed in cylindrical coordinates.	방정식은 원기둥 좌표계로 표현된다.	Use cylindrical coordinates for this problem.	이 문제에는 원기둥 좌표계를 사용하라.	
orientation	noun	방향, 배향	/ˌɔːriənˈteɪʃn/	The crystal orientation was measured.	결정의 배향을 측정했다.	The orientation affects performance.	방향이 성능에 영향을 준다.	
document	verb	기록하다, 문서화하다	/ˈdɑːkjəment/	Document every experiment.	모든 실험을 기록해라.	The process was well documented.	그 과정은 잘 문서화되었다.	
formulate	verb	공식화하다	/ˈfɔːrmjəleɪt/	The theory was formulated in 1905.	그 이론은 1905년에 공식화되었다.	Formulate a new strategy.	새로운 전략을 수립하라.	
inertial	adjective	관성의	/ɪˈnɜːrʃl/	The inertial force increases.	관성력이 증가한다.	An inertial frame was used.	관성 좌표계를 사용했다.	
viscosity	noun	점성	/vɪˈskɑːsəti/	The viscosity increases with pressure.	점성은 압력이 증가하면 커진다.	The oil has low viscosity.	그 기름은 점성이 낮다.	
Swiss	noun,adjective	스위스 사람; 스위스의	/swɪs/	The Swiss are known for precision.	스위스 사람들은 정밀함으로 유명하다.	He bought a Swiss watch.	그는 스위스 시계를 샀다.	
treatise	noun	논문, 보고서	/ˈtriːtɪs/	He wrote a treatise on physics.	그는 물리학 논문을 썼다.	The treatise became influential.	그 논문은 큰 영향을 미쳤다.	
parameter	noun	매개변수	/pəˈræmɪtər/	Adjust the parameter carefully.	매개변수를 신중히 조정해라.	The model has several parameters.	그 모델에는 여러 매개변수가 있다.	
capillary	adjective,noun	모세관의; 모세관	/ˈkæpəleri/	Capillary action moves water upward.	모세관 현상은 물을 위로 이동시킨다.	The liquid entered the capillary.	액체가 모세관으로 들어갔다.	
expertise	noun	전문 지식, 전문성	/ˌekspɜːrˈtiːz/	She has expertise in chemistry.	그녀는 화학 분야의 전문 지식을 갖고 있다.	We need your expertise.	당신의 전문성이 필요하다.	
Venturi	noun	벤투리관	/venˈtʊri/	The Venturi measures flow rate.	벤투리관은 유량을 측정한다.	The Venturi effect reduces pressure.	벤투리 효과는 압력을 낮춘다.	
irrotational	adjective	비회전의	/ɪˌroʊˈteɪʃənl/	The flow is irrotational.	유동은 비회전성이다.	Assume irrotational flow.	비회전 유동이라고 가정하라.	
vortex	noun	소용돌이	/ˈvɔːrteks/	A vortex formed behind the wing.	날개 뒤에 소용돌이가 생겼다.	The vortex grew stronger.	소용돌이가 더 강해졌다.	
cavitation	noun	공동현상	/ˌkævɪˈteɪʃn/	Cavitation damaged the pump.	공동현상으로 펌프가 손상되었다.	Avoid cavitation during operation.	운전 중 공동현상을 피하라.	
dawn	verb	(생각이) 떠오르다	/dɔːn/	It suddenly dawned on me.	갑자기 깨달았다.	The truth dawned slowly.	진실을 서서히 깨달았다.	
monumental	adjective	기념비적인	/ˌmɑːnjuˈmentl/	It was a monumental achievement.	그것은 기념비적인 업적이었다.	A monumental building stood nearby.	기념비적인 건물이 근처에 있었다.	
primitive	adjective	초기의, 원시의	/ˈprɪmətɪv/	Primitive tools were discovered.	초기의 도구가 발견되었다.	The system is primitive.	그 시스템은 매우 초기 수준이다.	
hesive	adjective	접착성 있는	/ˈhiːsɪv/	The adhesive layer is highly cohesive.	접착층은 응집성이 높다.	The material is cohesive.	그 재료는 응집성이 있다.	
confined	adjective	제한된, 한정된	/kənˈfaɪnd/	The gas is confined in the chamber.	기체는 챔버 안에 갇혀 있다.	The experiment was conducted in a confined space.	실험은 제한된 공간에서 수행되었다.	
duct	noun	관, 도관	/dʌkt/	Air flows through the duct.	공기가 덕트를 통해 흐른다.	Clean the ventilation duct.	환기 덕트를 청소해라.	
irrigation	noun	관개	/ˌɪrɪˈɡeɪʃn/	The farm uses irrigation.	그 농장은 관개를 사용한다.	The irrigation system was upgraded.	관개 시스템이 개선되었다.	
ditch	noun	배수로, 도랑	/dɪtʃ/	Water flowed into the ditch.	물이 배수로로 흘러갔다.	The workers dug a ditch.	작업자들이 도랑을 팠다.	
subcategory	noun	하위범주	/ˈsʌbˌkætəɡɔːri/	This item belongs to a different subcategory.	이 항목은 다른 하위범주에 속한다.	The products are divided into subcategories.	제품들은 하위범주로 나뉜다.	
primary	adjective	본래의, 원시적인, 최초의	/ˈpraɪmeri/	The primary objective is safety.	최우선 목표는 안전이다.	This is the primary source.	이것이 원본 자료이다.	
elastic	adjective	탄성의, 탄성이 있는	/ɪˈlæstɪk/	Rubber is elastic.	고무는 탄성이 있다.	The material is highly elastic.	그 재료는 탄성이 매우 좋다.	
borderline	noun,adjective	경계선; 경계의	/ˈbɔːrdərlaɪn/	His score was on the borderline.	그의 점수는 합격선에 걸쳐 있었다.	This is a borderline case.	이것은 애매한 경우이다.	
scope	noun	범위	/skoʊp/	The scope of the project is large.	프로젝트의 범위가 크다.	This topic is beyond the scope of the course.	이 주제는 강의 범위를 벗어난다.	
notable	adjective	주목할 만한	/ˈnoʊtəbl/	She made notable progress.	그녀는 눈에 띄는 발전을 이루었다.	It is a notable achievement.	그것은 주목할 만한 성과이다.	
collide	verb	충돌하다	/kəˈlaɪd/	Two cars collided.	차 두 대가 충돌했다.	The particles collided with each other.	입자들이 서로 충돌했다.	
confine	verb	국한하다, 제한하다	/kənˈfaɪn/	Please confine your comments to the topic.	의견을 주제에 국한해 주세요.	The disease was confined to one area.	질병은 한 지역에 국한되었다.	
elaborate	adjective	정교한, 공들인	/ɪˈlæbərət/	The machine has an elaborate design.	그 기계는 정교한 설계를 갖고 있다.	She wore an elaborate dress.	그녀는 화려한 드레스를 입었다.	
domestic	adjective	가정의, 국내의	/dəˈmestɪk/	Domestic animals are kept by people.	가축은 사람이 기른다.	Domestic demand increased.	국내 수요가 증가했다.	
crop	noun	곡물, 농작물	/krɑːp/	The farmers harvested the crops.	농부들이 농작물을 수확했다.	The rice crop was excellent.	벼농사가 매우 잘되었다.	
irrigation	noun	관개	/ˌɪrɪˈɡeɪʃn/	The farm depends on irrigation.	그 농장은 관개에 의존한다.	An irrigation system was installed.	관개 시설이 설치되었다.	
retain	verb	유지하다, 보유하다	/rɪˈteɪn/	The material retains heat well.	그 재료는 열을 잘 유지한다.	She retained her composure.	그녀는 침착함을 유지했다.	
abundant	adjective	풍부한	/əˈbʌndənt/	Water is abundant here.	이곳은 물이 풍부하다.	The region has abundant resources.	그 지역은 자원이 풍부하다.	
archaeology	noun	고고학	/ˌɑːrkiˈɑːlədʒi/	She studies archaeology.	그녀는 고고학을 공부한다.	Archaeology reveals ancient cultures.	고고학은 고대 문화를 밝혀낸다.	
invest	verb	(시간·노력 등을) 들이다; 투자하다	/ɪnˈvest/	Invest more time in learning.	학습에 더 많은 시간을 투자해라.	They invested heavily in research.	그들은 연구에 많은 투자를 했다.	
aqueduct	noun	수로	/ˈækwɪdʌkt/	The Romans built aqueducts.	로마인들은 수로를 건설했다.	The aqueduct carried water into the city.	수로는 도시로 물을 공급했다.	
lead	noun	납	/led/	Lead is a heavy metal.	납은 무거운 금속이다.	Lead is toxic to humans.	납은 인체에 유독하다.	
formulate	verb	공식화하다, 만들어내다	/ˈfɔːrmjəleɪt/	The scientist formulated a new theory.	과학자가 새로운 이론을 공식화했다.	We formulated a detailed plan.	우리는 상세한 계획을 세웠다.	
buoyancy	noun	부력	/ˈbɔɪənsi/	The buoyancy keeps the boat afloat.	부력이 배를 뜨게 한다.	Buoyancy depends on density.	부력은 밀도에 따라 달라진다.	
sack	verb	절약하다; 해고하다	/sæk/	The coach was sacked.	감독이 해고되었다.	They sacked several employees.	그들은 직원 몇 명을 해고했다.	
elegant	adjective	우아한, 정교한	/ˈelɪɡənt/	She wore an elegant dress.	그녀는 우아한 드레스를 입었다.	The solution is elegant.	그 해결책은 매우 정교하다.	
credit	verb,noun	공로를 돌리다; 공로	/ˈkredɪt/	I credit her with the success.	나는 성공의 공을 그녀에게 돌린다.	He deserves the credit.	그가 공로를 인정받아야 한다.	
expertise	noun	전문 지식, 전문성	/ˌekspɜːrˈtiːz/	She has expertise in chemistry.	그녀는 화학 분야의 전문성을 갖고 있다.	We need your expertise.	당신의 전문 지식이 필요하다.	
Venturi	noun	벤투리관	/venˈtʊri/	The Venturi tube measures flow rate.	벤투리관은 유량을 측정한다.	The Venturi effect lowers pressure.	벤투리 효과는 압력을 낮춘다.	
irrotational	adjective	비회전의	/ɪˌroʊˈteɪʃənl/	Assume irrotational flow.	비회전 유동을 가정하라.	The fluid is irrotational.	유체는 비회전성이다.	
vortex	noun	소용돌이	/ˈvɔːrteks/	A vortex formed behind the wing.	날개 뒤에 소용돌이가 생겼다.	The vortex became unstable.	소용돌이가 불안정해졌다.	
cavitation	noun	공동현상	/ˌkævɪˈteɪʃən/	Cavitation damaged the pump.	공동현상으로 펌프가 손상되었다.	Avoid cavitation during operation.	운전 중 공동현상을 피하라.	
dawn	verb	(생각·현상 등이) 나타나기 시작하다	/dɔːn/	It suddenly dawned on me.	갑자기 깨달았다.	A new era dawned.	새 시대가 시작되었다.	
monumental	adjective	기념비적인	/ˌmɑːnjuˈmentl/	It was a monumental achievement.	그것은 기념비적인 업적이었다.	The building is monumental.	그 건물은 기념비적이다.	
primitive	adjective	초기의, 원시의	/ˈprɪmətɪv/	Primitive tools were discovered.	원시 도구가 발견되었다.	The system is primitive.	그 시스템은 초기 수준이다.	
aspect	noun	측면, 양상	/ˈæspekt/	We discussed every aspect.	우리는 모든 측면을 논의했다.	This aspect is important.	이 측면이 중요하다.	
aeronautical	adjective	항공의, 항공학의	/ˌerəˈnɔːtɪkl/	He studies aeronautical engineering.	그는 항공공학을 공부한다.	The aeronautical industry is growing.	항공 산업이 성장하고 있다.	
optimization	noun	최적화	/ˌɑːptəməˈzeɪʃn/	Optimization improved performance.	최적화로 성능이 향상되었다.	The algorithm focuses on optimization.	그 알고리즘은 최적화에 초점을 맞춘다.	
boggle	verb	당황하게 하다; 놀라게 하다	/ˈbɑːɡl/	The result boggled my mind.	그 결과는 나를 놀라게 했다.	That question boggled everyone.	그 질문은 모두를 당황하게 했다.	
basin	noun	유역, 분지	/ˈbeɪsn/	The river basin is large.	그 강의 유역은 넓다.	The basin collects water.	그 분지는 물을 모은다.	
frankly	adverb	솔직히	/ˈfræŋkli/	Frankly, I disagree.	솔직히 나는 동의하지 않는다.	She spoke frankly.	그녀는 솔직하게 말했다.	
extrapolation	noun	외삽, 추정	/ɪkˌstræpəˈleɪʃn/	The value was obtained by extrapolation.	그 값은 외삽으로 구했다.	The extrapolation was inaccurate.	외삽 결과는 부정확했다.	
shear	noun,verb	전단; 전단하다	/ʃɪr/	The material failed in shear.	재료가 전단으로 파손되었다.	Shear stress increased.	전단응력이 증가했다.	
folly	noun	어리석은 행동	/ˈfɑːli/	It was an act of folly.	그것은 어리석은 행동이었다.	His folly cost him dearly.	그의 어리석음은 큰 대가를 치렀다.	
non-porous	adjective	비다공성의	/ˌnɑːnˈpɔːrəs/	Glass is non-porous.	유리는 비다공성이다.	Use a non-porous surface.	비다공성 표면을 사용해라.	
impermeable	adjective	불침투성의	/ɪmˈpɜːrmiəbl/	The membrane is impermeable to water.	그 막은 물을 통과시키지 않는다.	The coating is impermeable.	그 코팅은 불침투성이다.	
gradient	noun	기울기, 변화도	/ˈɡreɪdiənt/	The temperature gradient increased.	온도 구배가 증가했다.	Measure the pressure gradient.	압력 구배를 측정해라.	
responsible	adjective	원인이 되는; 책임 있는	/rɪˈspɑːnsəbl/	Smoking is responsible for many diseases.	흡연은 많은 질병의 원인이다.	Who is responsible for this?	누가 이것에 책임이 있는가?	
profile	noun	윤곽, 특성, 분포	/ˈproʊfaɪl/	The velocity profile changed.	속도 분포가 변했다.	Create a user profile.	사용자 프로필을 만들어라.	
with respect to	preposition	~에 관하여	/wɪð rɪˈspekt tuː/	With respect to safety, nothing changed.	안전에 관해서는 변한 것이 없다.	The report is with respect to quality.	그 보고서는 품질에 관한 것이다.	
interaction	noun	상호작용	/ˌɪntərˈækʃn/	The interaction between particles is weak.	입자 간 상호작용이 약하다.	Social interaction is important.	사회적 상호작용은 중요하다.	
encounter	verb,noun	마주치다; 접촉	/ɪnˈkaʊntər/	We encountered many problems.	우리는 많은 문제를 만났다.	The encounter was unexpected.	그 만남은 예상치 못했다.	
in practice	adverb	실제로	/ɪn ˈpræktɪs/	In practice, the method is difficult.	실제로 그 방법은 어렵다.	It works well in practice.	실제로는 잘 작동한다.	
feasible	adjective	실현 가능한	/ˈfiːzəbl/	The plan is feasible.	그 계획은 실행 가능하다.	Is this solution feasible?	이 해결책은 실현 가능한가?	
quantify	verb	수량화하다	/ˈkwɑːntɪfaɪ/	We quantified the results.	우리는 결과를 수량화했다.	The risk is difficult to quantify.	그 위험은 수량화하기 어렵다.	
stickiness	noun	끈적거림, 점착성	/ˈstɪkinəs/	The stickiness of the glue increased.	접착제의 점착성이 증가했다.	High stickiness causes problems.	높은 점착성은 문제를 일으킨다.	
disregard	verb	무시하다	/ˌdɪsrɪˈɡɑːrd/	Please disregard the previous email.	이전 이메일은 무시해 주세요.	He disregarded the warning.	그는 경고를 무시했다.	
alien	adjective,noun	외국의; 외국인, 이질적인	/ˈeɪliən/	She felt alien in the new country.	그녀는 새 나라에서 이질감을 느꼈다.	Alien cultures fascinated him.	외국 문화가 그를 매료시켰다.	
revenue	noun	수입, 수익	/ˈrevənuː/	The company's revenue increased.	회사의 수익이 증가했다.	Tax revenue declined.	세수가 감소했다.	
exempt	adjective,verb	면제된; 면제하다	/ɪɡˈzempt/	Children are exempt from the fee.	아이들은 요금이 면제된다.	The income is tax-exempt.	그 소득은 비과세이다.	
deduct	verb	공제하다, 차감하다	/dɪˈdʌkt/	The tax was deducted from my salary.	세금이 급여에서 공제되었다.	Deduct the cost first.	먼저 비용을 공제해라.	
gross	adjective	총, 총액의	/ɡroʊs/	The gross income is taxable.	총소득은 과세 대상이다.	Gross profit increased.	총이익이 증가했다.	
in figures	phrase	숫자로	/ɪn ˈfɪɡjərz/	Write the amount in figures.	금액을 숫자로 쓰세요.	Show the result in figures.	결과를 숫자로 표시하라.	
withhold	verb	보류하다, 원천징수하다	/wɪðˈhoʊld/	The employer withheld tax.	고용주가 세금을 원천징수했다.	They withheld the information.	그들은 정보를 공개하지 않았다.	
coverage	noun	보도; 보장 범위	/ˈkʌvərɪdʒ/	The insurance provides full coverage.	보험은 전면 보장을 제공한다.	The news coverage was extensive.	뉴스 보도가 광범위했다.	
administration	noun	행정, 관리	/ədˌmɪnɪˈstreɪʃn/	Public administration is important.	행정은 중요하다.	The administration announced a new policy.	정부가 새 정책을 발표했다.	
premium	noun	보험료, 할증금	/ˈpriːmiəm/	I pay a monthly insurance premium.	나는 매달 보험료를 낸다.	The premium is too expensive.	보험료가 너무 비싸다.	
treasury	noun	재무부, 국고	/ˈtreʒəri/	The Treasury issued a statement.	재무부가 성명을 발표했다.	The money goes to the national treasury.	그 돈은 국고로 들어간다.	
offset	verb,noun	상쇄하다; 상쇄	/ˈɔːfset/	The gains offset the losses.	이익이 손실을 상쇄했다.	Carbon offsets are increasing.	탄소 상쇄가 증가하고 있다.	
garnishment	noun	(임금 등의) 압류	/ˈɡɑːrnɪʃmənt/	Wage garnishment was ordered.	급여 압류가 명령되었다.	Garnishment affected his income.	압류로 그의 소득이 영향을 받았다.	
levy	noun,verb	징수; 부과하다	/ˈlevi/	The government imposed a tax levy.	정부가 세금을 부과했다.	A levy was collected.	부담금이 징수되었다.	
alimony	noun	이혼수당, 부양료	/ˈælɪmoʊni/	He pays alimony every month.	그는 매달 이혼수당을 지급한다.	The court increased the alimony.	법원이 부양료를 인상했다.	
court order	noun	법원 명령	/kɔːrt ˈɔːrdər/	The bank followed the court order.	은행은 법원 명령을 따랐다.	A court order was issued.	법원 명령이 내려졌다.	
restitution	noun	배상, 반환	/ˌrestɪˈtuːʃn/	The victim received restitution.	피해자가 배상을 받았다.	The court ordered restitution.	법원이 배상을 명령했다.	
agency	noun	기관, 대행사	/ˈeɪdʒənsi/	The government agency investigated the case.	정부 기관이 사건을 조사했다.	She works for an advertising agency.	그녀는 광고 대행사에서 일한다.	
capitalism	noun	자본주의	/ˈkæpɪtəlɪzəm/	Capitalism encourages competition.	자본주의는 경쟁을 촉진한다.	Many countries adopted capitalism.	많은 국가들이 자본주의를 채택했다.	
post-war	adjective	전후의	/ˌpoʊstˈwɔːr/	The post-war economy grew rapidly.	전후 경제는 빠르게 성장했다.	The city changed in the post-war period.	그 도시는 전후에 크게 변했다.	
era	noun	시대	/ˈɪrə/	We live in the digital era.	우리는 디지털 시대에 살고 있다.	A new era has begun.	새로운 시대가 시작되었다.	
commentator	noun	논평가, 해설자	/ˈkɑːmənteɪtər/	The political commentator criticized the policy.	정치 평론가가 그 정책을 비판했다.	The commentator explained the game.	해설자가 경기를 설명했다.	
driving force	noun	원동력	/ˈdraɪvɪŋ fɔːrs/	Innovation is the driving force of growth.	혁신은 성장의 원동력이다.	She became the driving force behind the project.	그녀는 프로젝트의 원동력이 되었다.	
channel	noun	통로, 경로, 채널	/ˈtʃænl/	Water flows through the channel.	물이 수로를 따라 흐른다.	We need a better communication channel.	더 나은 의사소통 경로가 필요하다.	
incumbent	noun,adjective	현직자; 현직의	/ɪnˈkʌmbənt/	The incumbent president won the election.	현직 대통령이 선거에서 승리했다.	The incumbent has experience.	현직자는 경험이 있다.	
posit	verb	가정하다, 상정하다	/ˈpɑːzɪt/	The theory posits a simple model.	그 이론은 단순한 모델을 가정한다.	Researchers posited a new hypothesis.	연구자들은 새로운 가설을 제시했다.	
centrist	noun	중도주의자	/ˈsentrɪst/	He is a political centrist.	그는 정치적 중도주의자이다.	The centrist appealed to many voters.	중도주의자는 많은 유권자의 지지를 얻었다.	
predecessor	noun	전임자	/ˈpredəsesər/	She improved her predecessor's plan.	그녀는 전임자의 계획을 개선했다.	His predecessor retired last year.	그의 전임자는 지난해 은퇴했다.	
dwell on	verb	곰곰이 생각하다, 오래 이야기하다	/dwel ɑːn/	Don't dwell on your mistakes.	실수에 너무 연연하지 마라.	He kept dwelling on the past.	그는 계속 과거를 곱씹었다.	
tactical	adjective	전술적인	/ˈtæktɪkl/	It was a tactical decision.	그것은 전술적인 결정이었다.	The army made a tactical retreat.	군은 전술적으로 후퇴했다.	
nail down	verb	확정하다, 못 박다	/neɪl daʊn/	We need to nail down the schedule.	일정을 확정해야 한다.	The details were finally nailed down.	세부 사항이 마침내 확정되었다.	
activism	noun	행동주의, 사회운동	/ˈæktɪvɪzəm/	Environmental activism is increasing.	환경 운동이 증가하고 있다.	She is known for her activism.	그녀는 사회운동으로 유명하다.	
chancellor	noun	수상, 총장	/ˈtʃænsələr/	The chancellor announced new reforms.	수상이 새로운 개혁안을 발표했다.	The university chancellor gave a speech.	대학교 총장이 연설했다.	
